customer_id,signup_date,age,gender,country,plan,monthly_charge,acquisition_channel,device,n_support_tickets,legacy_score,promo_code,churn_30d
1,2024-02-08,34.0,F,DE,standard,16.62,organic,android,1,42.3,PROMO_2,0
2,2021-07-08,42.0,F,US,standard,21.31,partner,web,0,48.1,PROMO_1,0
3,2021-12-20,51.0,F,AE,basic,9.73,organic,web,0,36.2,PROMO_2,0
4,2022-10-14,36.0,M,UK,standard,19.53,social,ios,4,36.2,PROMO_3,0
5,2022-10-22,35.0,Other,US,basic,9.12,partner,android,2,59.3,PROMO_1,0
6,2021-03-14,30.0,M,PK,standard,21.1,paid_search,android,1,57.5,PROMO_1,0
7,2024-02-13,18.0,F,AE,standard,20.84,social,android,5,77.6,PROMO_1,0
8,2021-10-22,,M,UK,basic,9.83,organic,android,1,50.4,PROMO_1,1
9,2023-09-06,29.0,F,PK,basic,9.33,social,android,0,52.3,PROMO_1,1
10,2024-02-02,25.0,M,PK,standard,18.47,partner,android,1,49.4,PROMO_2,0
11,2022-06-15,42.0,F,PK,basic,9.55,partner,ios,2,35.4,PROMO_1,0
12,2020-10-03,21.0,M,UK,premium,41.55,paid_search,ios,3,58.8,PROMO_3,0
13,2021-08-30,46.0,M,PK,standard,18.71,referral,android,1,47.5,PROMO_1,0
14,2021-07-26,42.0,M,CA,standard,18.47,referral,web,2,28.5,PROMO_1,0
15,2021-09-24,33.0,F,IN,basic,9.82,paid_search,android,0,66.6,PROMO_1,0
16,2021-06-22,36.0,M,SE,standard,21.53,referral,android,0,41.4,PROMO_1,0
17,2022-07-03,24.0,M,PK,premium,36.66,organic,,1,55.0,PROMO_2,0
18,2023-12-17,45.0,F,US,basic,8.81,partner,ios,2,55.5,PROMO_8,0
19,2021-04-09,39.0,M,IN,basic,9.25,referral,android,2,53.2,PROMO_1,0
20,2022-09-28,40.0,M,AE,basic,9.35,paid_search,ios,2,34.9,PROMO_6,0
21,2022-07-21,43.0,M,PK,basic,8.62,paid_search,,0,70.9,PROMO_1,1
22,2023-01-16,30.0,M,CA,standard,21.86,partner,android,1,39.1,PROMO_3,0
23,2023-10-03,20.0,F,UK,basic,9.3,organic,ios,0,13.2,PROMO_1,1
24,2020-12-10,48.0,M,DE,standard,19.81,paid_search,android,2,62.7,PROMO_2,0
25,2021-06-28,45.0,F,SE,basic,10.27,paid_search,web,1,62.2,PROMO_1,1
26,2022-01-04,31.0,F,NZ,basic,8.68,paid_search,ios,3,32.1,PROMO_1,1
27,2022-12-03,42.0,M,UK,basic,8.94,organic,android,3,49.9,PROMO_5,0
28,2021-05-02,51.0,M,PK,premium,35.09,organic,ios,0,66.2,PROMO_39,0
29,2022-05-20,50.0,M,AE,standard,18.74,partner,ios,1,71.2,PROMO_3,0
30,2022-10-08,31.0,M,AE,basic,7.93,referral,android,1,59.2,PROMO_1,0
31,2022-09-28,21.0,F,UK,standard,20.14,referral,web,2,62.4,PROMO_1,0
32,2023-08-02,23.0,M,US,basic,9.3,paid_search,ios,1,60.8,PROMO_1,1
33,2024-02-04,34.0,F,UK,basic,8.8,social,android,1,47.9,PROMO_1,0
34,2022-05-07,53.0,Other,UK,basic,8.93,paid_search,ios,4,33.7,PROMO_150,0
35,2021-02-01,29.0,M,IN,premium,41.38,social,web,1,46.1,PROMO_150,0
36,2024-03-14,30.0,M,CA,standard,17.27,referral,android,2,66.9,PROMO_2,0
37,2021-03-14,30.0,M,US,standard,19.31,organic,android,2,66.7,PROMO_1,0
38,2021-04-25,31.0,M,UK,basic,9.5,partner,ios,1,53.1,PROMO_1,0
39,2023-05-26,37.0,M,UK,basic,7.72,partner,ios,1,45.0,PROMO_5,0
40,2022-01-21,23.0,M,UK,standard,20.04,paid_search,android,1,76.0,PROMO_1,0
41,2023-10-26,49.0,F,PK,basic,7.79,partner,web,0,51.9,PROMO_150,0
42,2021-07-30,35.0,M,DE,premium,38.63,referral,android,1,59.6,PROMO_5,0
43,2021-10-18,64.0,F,DE,standard,17.23,organic,web,2,31.9,PROMO_2,0
44,2023-02-07,24.0,M,US,basic,10.03,organic,web,1,49.2,PROMO_3,0
45,2024-03-09,54.0,M,IN,standard,17.24,social,android,1,66.3,PROMO_2,0
46,2020-10-10,52.0,M,NZ,premium,33.85,referral,ios,2,29.5,PROMO_1,0
47,2022-10-04,32.0,M,CA,basic,9.1,organic,android,0,49.4,PROMO_2,1
48,2021-01-25,33.0,M,IN,standard,18.37,paid_search,ios,1,56.1,PROMO_98,0
49,2021-11-18,27.0,M,US,premium,34.31,paid_search,ios,3,71.4,PROMO_2,0
50,2021-07-02,27.0,F,IN,basic,9.38,paid_search,ios,0,64.6,PROMO_21,0
51,2021-07-28,37.0,F,IN,premium,32.79,organic,ios,1,75.4,PROMO_150,0
52,2023-09-16,37.0,F,AE,basic,8.25,organic,android,3,62.5,PROMO_1,0
53,2023-01-25,19.0,M,PK,standard,18.13,referral,android,0,63.3,PROMO_1,0
54,2022-09-05,62.0,M,PK,standard,20.22,organic,android,1,35.7,PROMO_7,0
55,2022-07-25,34.0,M,US,standard,20.97,social,ios,0,35.2,PROMO_1,0
56,2024-04-11,38.0,F,DE,basic,9.79,social,web,0,75.2,PROMO_3,0
57,2022-05-18,30.0,F,UK,standard,18.77,partner,ios,1,43.2,PROMO_30,0
58,2023-11-11,34.0,M,CA,basic,7.25,partner,android,3,41.9,PROMO_1,0
59,2021-08-20,33.0,M,DE,basic,9.28,partner,web,0,15.4,PROMO_9,0
60,2021-11-11,37.0,F,PK,basic,10.06,paid_search,android,1,65.9,PROMO_1,0
61,2020-12-15,37.0,F,PK,standard,20.88,organic,web,1,33.2,PROMO_3,0
62,2021-08-18,46.0,F,DE,basic,9.33,organic,android,2,37.7,PROMO_1,0
63,2023-01-22,39.0,M,US,basic,8.14,paid_search,android,1,66.4,PROMO_2,0
64,2020-10-14,45.0,M,IN,premium,37.36,organic,web,0,16.9,PROMO_1,0
65,2022-11-22,37.0,M,IN,basic,10.39,organic,ios,1,70.4,PROMO_1,0
66,2023-03-19,40.0,M,US,basic,7.98,paid_search,web,0,37.6,PROMO_40,0
67,2021-01-08,34.0,M,UK,basic,8.17,paid_search,ios,1,47.8,PROMO_21,0
68,2023-01-16,48.0,F,CA,basic,9.68,social,android,0,38.4,PROMO_1,0
69,2024-02-26,41.0,F,IN,standard,18.34,partner,android,1,30.1,PROMO_1,0
70,2022-09-02,35.0,F,UK,basic,8.15,paid_search,android,1,38.6,PROMO_150,1
71,2021-06-08,35.0,Other,SE,basic,10.1,organic,ios,1,37.6,PROMO_1,0
72,2023-09-23,36.0,M,UK,premium,40.44,paid_search,android,0,31.5,PROMO_1,1
73,2022-09-11,37.0,M,PK,standard,18.42,paid_search,android,1,73.1,PROMO_2,0
74,2023-12-14,36.0,M,UK,standard,17.26,partner,android,1,35.5,PROMO_30,0
75,2021-11-06,31.0,F,DE,premium,45.39,paid_search,ios,1,21.7,PROMO_2,0
76,2022-08-24,45.0,F,NZ,premium,38.92,paid_search,,3,19.0,PROMO_7,0
77,2023-03-13,46.0,M,PK,basic,10.01,social,android,2,56.5,PROMO_2,0
78,2023-08-02,57.0,Other,US,standard,20.36,paid_search,android,2,24.0,PROMO_6,0
79,2022-04-23,30.0,F,UK,standard,18.21,social,web,2,47.3,PROMO_2,1
80,2021-11-29,44.0,F,IN,basic,8.63,organic,ios,1,79.5,PROMO_1,0
81,2020-11-21,18.0,M,DE,basic,10.04,paid_search,android,2,52.7,PROMO_3,0
82,2022-10-16,,M,PK,basic,10.05,organic,ios,0,54.9,PROMO_4,0
83,2023-11-02,21.0,M,IN,standard,16.15,referral,ios,0,42.1,PROMO_2,0
84,2021-04-18,26.0,F,AE,standard,19.84,organic,ios,0,49.8,PROMO_1,0
85,2022-01-23,41.0,F,IN,standard,18.82,organic,android,1,46.8,PROMO_1,0
86,2021-10-18,30.0,F,CA,basic,8.26,social,android,4,54.6,PROMO_1,1
87,2024-01-28,29.0,F,PK,basic,9.19,social,web,2,74.9,PROMO_1,0
88,2023-04-06,32.0,M,SE,basic,8.03,paid_search,android,3,43.6,PROMO_1,0
89,2021-07-17,45.0,M,US,standard,18.29,partner,ios,3,38.2,PROMO_2,0
90,2021-04-19,27.0,M,NZ,premium,36.51,social,,1,48.9,PROMO_19,0
91,2022-10-19,36.0,F,PK,premium,37.44,partner,android,1,64.4,PROMO_1,0
92,2021-05-27,33.0,F,CA,premium,38.78,paid_search,ios,2,44.9,PROMO_1,0
93,2021-04-06,46.0,M,US,premium,35.83,social,android,0,54.0,PROMO_5,1
94,2022-12-24,46.0,F,PK,premium,43.91,paid_search,android,2,57.7,PROMO_1,0
95,2021-01-18,18.0,F,NZ,basic,9.36,paid_search,ios,1,82.3,PROMO_1,0
96,2023-05-10,48.0,F,US,basic,10.29,organic,android,1,63.8,PROMO_1,0
97,2023-07-16,,F,PK,basic,8.88,organic,web,0,36.9,PROMO_44,0
98,2021-11-12,40.0,F,IN,basic,8.6,referral,ios,1,17.1,PROMO_1,0
99,2022-01-14,27.0,F,US,basic,10.27,referral,web,0,52.3,PROMO_1,0
100,2023-12-01,41.0,M,UK,basic,8.58,organic,web,1,39.4,PROMO_150,0
101,2021-04-18,65.0,F,NZ,premium,38.44,organic,android,0,42.7,PROMO_150,0
102,2023-09-09,38.0,M,US,basic,9.52,organic,web,0,35.1,PROMO_4,0
103,2021-05-27,32.0,M,PK,premium,35.14,social,web,1,42.4,PROMO_1,0
104,2024-05-31,34.0,M,AE,standard,20.08,organic,ios,1,42.1,PROMO_2,1
105,2021-06-07,21.0,M,DE,standard,19.89,referral,ios,2,48.3,PROMO_16,0
106,2021-06-21,53.0,F,PK,standard,20.93,organic,android,2,39.9,PROMO_4,0
107,2021-06-30,40.0,F,UK,basic,9.64,social,android,0,39.2,PROMO_1,0
108,2021-12-06,25.0,M,US,standard,20.98,referral,android,1,58.0,PROMO_3,0
109,2022-08-30,26.0,Other,PK,basic,8.92,organic,android,1,50.0,PROMO_36,0
110,2021-10-11,37.0,F,US,premium,36.31,referral,,0,50.1,PROMO_2,0
111,2023-05-25,47.0,F,IN,basic,10.52,partner,ios,3,49.3,PROMO_2,0
112,2021-06-29,24.0,Other,US,basic,7.9,paid_search,android,3,36.6,PROMO_150,1
113,2022-05-06,49.0,M,PK,standard,16.83,organic,android,2,71.6,PROMO_1,0
114,2022-09-16,36.0,M,IN,standard,19.86,social,,1,80.5,PROMO_5,0
115,2022-07-14,27.0,M,US,basic,10.17,paid_search,web,0,68.6,PROMO_1,0
116,2022-04-18,32.0,M,IN,standard,19.29,partner,web,1,23.5,PROMO_1,0
117,2024-04-20,56.0,M,IN,basic,9.72,paid_search,android,3,40.1,PROMO_4,0
118,2023-12-01,22.0,M,US,standard,15.97,referral,web,1,60.6,PROMO_8,0
119,2023-07-08,29.0,M,US,basic,8.64,social,web,3,38.7,PROMO_1,0
120,2024-01-04,47.0,F,PK,basic,7.65,organic,web,2,39.5,PROMO_1,0
121,2022-10-13,39.0,M,PK,basic,9.56,paid_search,,1,29.4,PROMO_1,0
122,2021-12-01,28.0,Other,PK,basic,7.89,referral,ios,0,44.6,PROMO_5,0
123,2021-12-20,48.0,M,US,basic,8.08,paid_search,android,1,37.7,PROMO_2,0
124,2022-08-30,48.0,F,US,basic,9.37,paid_search,web,1,14.1,PROMO_3,0
125,2021-03-18,41.0,M,CA,basic,9.76,partner,web,0,67.3,PROMO_2,0
126,2022-04-22,30.0,F,PK,basic,8.89,paid_search,android,1,56.3,PROMO_4,0
127,2024-02-22,32.0,M,US,standard,19.87,referral,ios,1,30.0,PROMO_1,0
128,2021-07-21,40.0,F,PK,basic,9.39,organic,ios,0,63.0,PROMO_1,0
129,2022-04-10,23.0,M,PK,standard,18.67,referral,ios,1,51.9,PROMO_2,1
130,2022-01-17,52.0,M,CA,premium,35.58,social,ios,1,67.4,PROMO_2,0
131,2022-04-22,56.0,F,DE,basic,9.41,organic,android,1,61.0,PROMO_7,0
132,2022-05-09,34.0,M,US,premium,40.91,organic,ios,1,38.4,PROMO_1,0
133,2024-02-07,41.0,M,UK,basic,9.64,organic,android,1,60.0,PROMO_1,0
134,2022-05-01,50.0,F,US,basic,9.22,social,,1,60.7,PROMO_2,0
135,2021-06-10,59.0,F,IN,standard,17.22,paid_search,ios,3,65.8,PROMO_2,0
136,2023-04-18,54.0,F,US,standard,20.05,organic,android,1,65.0,PROMO_7,0
137,2022-03-02,18.0,M,DE,standard,19.0,social,android,1,81.2,PROMO_25,0
138,2024-04-29,34.0,M,PK,basic,8.65,partner,android,0,64.3,PROMO_7,0
139,2023-02-17,43.0,F,US,standard,18.55,organic,ios,0,38.2,PROMO_23,0
140,2022-10-17,32.0,F,UK,basic,8.5,social,android,0,52.7,PROMO_16,0
141,2020-09-23,57.0,F,PK,basic,9.64,partner,android,2,34.3,PROMO_1,0
142,2023-08-19,55.0,F,UK,basic,7.98,paid_search,ios,1,68.1,PROMO_4,1
143,2023-05-26,28.0,M,UK,premium,35.9,partner,,2,37.2,PROMO_22,0
144,2022-11-25,35.0,F,PK,basic,8.76,social,ios,3,83.5,PROMO_1,0
145,2020-09-10,29.0,M,NZ,standard,21.45,social,ios,3,45.6,PROMO_5,0
146,2021-03-21,35.0,M,PK,standard,20.6,referral,android,0,49.3,PROMO_42,0
147,2024-04-24,,M,IN,standard,16.51,organic,android,0,43.0,PROMO_1,0
148,2023-07-24,47.0,F,US,standard,21.05,social,android,2,39.2,PROMO_1,0
149,2021-05-04,27.0,M,PK,premium,43.21,social,ios,0,42.0,PROMO_1,0
150,2024-03-22,18.0,M,PK,basic,8.15,organic,ios,2,53.5,PROMO_2,0
151,2021-03-18,19.0,M,AE,basic,7.18,paid_search,ios,0,50.3,PROMO_1,0
152,2023-05-19,26.0,F,DE,standard,18.89,referral,web,4,43.6,PROMO_20,0
153,2020-12-22,30.0,F,AE,basic,9.81,organic,android,3,54.6,PROMO_4,0
154,2023-05-02,39.0,M,US,basic,10.15,paid_search,web,0,41.9,PROMO_18,0
155,2022-10-20,25.0,M,PK,basic,8.37,organic,ios,1,49.9,PROMO_30,0
156,2021-12-10,24.0,M,CA,basic,10.26,organic,ios,2,76.5,PROMO_2,0
157,2023-12-19,27.0,M,IN,basic,7.4,paid_search,ios,2,41.4,PROMO_1,0
158,2022-05-04,25.0,M,US,basic,8.74,organic,ios,2,45.4,PROMO_1,0
159,2022-07-15,31.0,Other,CA,premium,37.7,paid_search,android,2,32.7,PROMO_1,0
160,2021-06-25,30.0,M,AE,basic,9.83,organic,android,0,44.9,PROMO_10,0
161,2020-09-05,45.0,F,UK,premium,43.05,partner,android,0,55.6,PROMO_1,0
162,2021-12-07,26.0,F,AE,premium,41.98,referral,android,0,42.1,PROMO_8,0
163,2022-11-24,33.0,M,PK,basic,8.03,organic,android,1,33.0,PROMO_2,0
164,2022-11-28,31.0,F,PK,standard,20.31,organic,android,2,55.4,PROMO_150,0
165,2022-11-12,46.0,M,DE,standard,19.77,organic,web,1,57.0,PROMO_1,0
166,2021-05-14,35.0,F,SE,standard,16.46,organic,android,0,59.2,PROMO_36,1
167,2023-03-25,49.0,F,UK,basic,7.51,social,web,0,31.4,PROMO_10,0
168,2023-10-24,24.0,M,PK,basic,9.75,social,ios,2,70.6,PROMO_1,0
169,2023-03-07,36.0,M,PK,basic,8.87,paid_search,android,1,42.7,PROMO_150,0
170,2024-05-10,31.0,M,US,standard,17.05,referral,android,1,34.9,PROMO_1,0
171,2024-01-16,24.0,F,AE,premium,38.35,referral,android,0,65.4,PROMO_1,0
172,2024-02-07,36.0,F,PK,standard,19.55,paid_search,android,2,70.0,PROMO_4,0
173,2021-07-12,56.0,M,PK,standard,18.87,social,android,1,45.3,PROMO_4,0
174,2021-09-18,28.0,M,DE,premium,34.16,paid_search,web,1,37.5,PROMO_1,0
175,2021-10-23,36.0,F,PK,standard,21.87,social,android,1,56.6,PROMO_2,0
176,2022-09-12,23.0,M,US,basic,9.72,organic,ios,1,30.0,PROMO_17,0
177,2021-09-25,21.0,F,DE,premium,37.95,paid_search,ios,1,88.3,PROMO_1,0
178,2023-11-01,28.0,M,PK,basic,8.79,organic,ios,0,34.5,PROMO_1,0
179,2021-01-15,32.0,F,US,basic,9.26,organic,web,1,55.3,PROMO_1,0
180,2022-07-20,33.0,Other,PK,standard,17.28,paid_search,,0,47.6,PROMO_7,0
181,2020-11-24,35.0,F,US,premium,40.01,social,android,2,36.2,PROMO_1,0
182,2023-11-13,19.0,M,IN,basic,8.04,paid_search,web,1,36.0,PROMO_3,1
183,2022-07-25,30.0,M,AE,basic,8.95,partner,web,2,66.9,PROMO_1,0
184,2021-10-24,43.0,F,PK,basic,8.16,paid_search,ios,1,55.5,PROMO_1,1
185,2022-07-28,22.0,F,PK,basic,8.19,partner,ios,6,39.6,PROMO_35,1
186,2022-10-04,33.0,M,PK,basic,10.18,organic,android,1,41.6,PROMO_3,0
187,2023-10-25,40.0,M,IN,standard,19.09,paid_search,ios,4,37.8,PROMO_1,0
188,2023-01-02,28.0,M,DE,premium,39.65,organic,android,0,63.2,PROMO_1,1
189,2023-07-17,41.0,M,AE,basic,7.55,organic,ios,0,63.8,PROMO_23,0
190,2023-04-21,20.0,F,PK,basic,8.57,organic,web,2,57.9,PROMO_1,0
191,2021-11-10,47.0,M,IN,basic,9.33,social,android,0,53.8,PROMO_1,0
192,2022-01-23,41.0,F,CA,basic,9.14,organic,ios,1,59.4,PROMO_1,0
193,2022-02-24,38.0,M,PK,standard,15.73,organic,ios,1,25.3,PROMO_2,0
194,2023-01-28,49.0,M,US,standard,19.31,organic,android,1,54.1,PROMO_1,0
195,2020-10-25,33.0,M,US,standard,19.56,social,ios,2,66.0,PROMO_2,0
196,2024-02-11,30.0,F,UK,basic,9.92,paid_search,ios,2,53.5,PROMO_1,0
197,2023-02-24,52.0,F,US,standard,18.0,organic,android,0,50.8,PROMO_3,0
198,2023-12-31,57.0,M,PK,basic,7.39,organic,android,0,40.5,PROMO_2,1
199,2023-03-01,29.0,F,AE,basic,8.28,social,android,0,41.5,PROMO_7,0
200,2020-10-22,36.0,M,AE,premium,35.58,social,android,2,42.2,PROMO_1,0
201,2023-01-22,48.0,M,US,standard,20.12,paid_search,ios,2,53.3,PROMO_1,0
202,2021-01-04,36.0,F,US,premium,30.52,paid_search,ios,3,42.7,PROMO_6,1
203,2022-07-28,44.0,F,PK,premium,37.6,organic,android,1,22.6,PROMO_2,0
204,2021-10-19,46.0,M,US,standard,21.17,paid_search,ios,0,62.0,PROMO_1,0
205,2022-09-18,31.0,M,CA,premium,39.02,social,android,0,57.8,PROMO_9,1
206,2023-06-10,42.0,F,UK,basic,9.65,referral,web,1,55.3,PROMO_16,0
207,2021-07-22,37.0,F,IN,basic,7.82,paid_search,android,2,35.9,PROMO_3,1
208,2020-10-12,24.0,F,DE,basic,7.85,social,ios,1,42.6,PROMO_3,0
209,2023-06-13,26.0,M,DE,basic,10.03,paid_search,android,0,57.8,PROMO_2,1
210,2021-07-02,30.0,M,US,basic,9.07,social,web,1,50.4,PROMO_150,0
211,2023-06-16,47.0,M,PK,basic,9.07,social,ios,0,39.5,PROMO_14,0
212,2021-09-25,48.0,Other,IN,standard,17.3,referral,web,1,69.5,PROMO_2,0
213,2021-06-18,45.0,M,AE,standard,19.15,organic,,1,37.3,PROMO_17,0
214,2022-09-29,42.0,M,IN,standard,17.26,paid_search,web,1,5.2,PROMO_3,0
215,2021-08-29,42.0,F,AE,basic,9.85,organic,android,0,51.3,PROMO_150,0
216,2023-06-01,40.0,M,US,standard,23.15,paid_search,android,0,51.9,PROMO_4,0
217,2024-02-22,41.0,M,PK,basic,9.35,paid_search,ios,1,50.9,PROMO_3,0
218,2024-01-29,42.0,M,US,basic,8.54,social,android,1,56.0,PROMO_1,0
219,2022-10-03,22.0,M,UK,basic,7.18,social,ios,1,41.6,PROMO_2,0
220,2021-01-12,28.0,F,IN,basic,7.79,social,android,2,65.4,PROMO_1,0
221,2023-12-17,26.0,M,CA,basic,10.12,social,ios,1,29.5,PROMO_1,0
222,2022-09-21,49.0,M,UK,standard,17.44,organic,ios,2,49.7,PROMO_1,0
223,2021-10-13,55.0,M,US,standard,18.44,organic,ios,0,40.6,PROMO_2,0
224,2023-09-05,18.0,F,PK,standard,20.0,organic,,2,65.1,PROMO_45,0
225,2021-09-19,54.0,Other,US,basic,10.07,referral,ios,0,38.1,PROMO_5,0
226,2023-04-15,38.0,M,NZ,standard,18.7,organic,ios,3,51.1,PROMO_2,0
227,2021-05-22,48.0,M,DE,standard,18.38,paid_search,ios,0,51.3,PROMO_24,0
228,2022-04-03,43.0,F,UK,basic,9.05,organic,ios,2,52.9,PROMO_2,0
229,2022-05-18,53.0,M,IN,standard,18.05,social,web,1,39.1,PROMO_1,0
230,2023-10-11,39.0,M,PK,basic,8.59,partner,android,2,55.5,PROMO_4,0
231,2022-09-10,22.0,M,SE,basic,9.3,referral,,1,50.4,PROMO_2,1
232,2021-03-16,36.0,Other,AE,basic,9.13,organic,ios,0,55.2,PROMO_7,1
233,2024-05-15,43.0,F,PK,standard,22.24,paid_search,ios,3,73.6,PROMO_6,0
234,2021-07-30,35.0,M,DE,basic,9.32,organic,web,0,51.7,PROMO_3,0
235,2022-07-31,44.0,F,PK,basic,9.83,referral,web,1,35.1,PROMO_1,1
236,2021-09-22,36.0,F,AE,basic,8.23,paid_search,web,1,79.4,PROMO_4,0
237,2021-12-08,30.0,F,US,premium,40.64,organic,ios,1,64.7,PROMO_3,0
238,2022-10-23,25.0,F,PK,basic,8.48,paid_search,ios,4,59.8,PROMO_13,1
239,2023-04-12,33.0,F,AE,basic,9.28,paid_search,android,1,47.3,PROMO_3,1
240,2022-01-27,39.0,F,US,basic,9.5,partner,android,1,61.1,PROMO_150,0
241,2023-11-30,18.0,F,PK,premium,39.16,organic,ios,4,19.1,PROMO_1,0
242,2022-03-27,28.0,M,CA,standard,22.66,partner,ios,1,73.2,PROMO_2,0
243,2024-02-01,,F,PK,premium,43.46,organic,android,2,63.4,PROMO_1,0
244,2021-12-27,30.0,F,AE,basic,9.85,organic,web,0,47.3,PROMO_1,0
245,2022-01-25,50.0,F,AE,basic,9.55,social,web,3,63.1,PROMO_12,0
246,2024-02-15,24.0,F,PK,standard,21.68,paid_search,android,1,59.3,PROMO_1,0
247,2021-07-31,45.0,F,NZ,basic,7.97,referral,android,2,34.9,PROMO_2,0
248,2022-11-15,68.0,M,US,standard,21.08,paid_search,web,1,52.7,PROMO_25,1
249,2021-06-21,53.0,M,PK,premium,35.91,paid_search,android,1,55.6,PROMO_1,0
250,2024-04-14,38.0,F,US,basic,8.59,organic,android,1,48.0,PROMO_3,0
251,2023-10-07,46.0,M,AE,premium,40.75,partner,ios,0,46.7,PROMO_2,0
252,2022-07-30,22.0,F,PK,standard,20.87,social,web,3,63.5,PROMO_5,0
253,2023-09-25,20.0,M,US,basic,8.17,social,ios,2,52.6,PROMO_4,0
254,2023-03-13,37.0,Other,UK,basic,8.63,referral,ios,3,78.2,PROMO_1,0
255,2021-12-12,41.0,F,AE,basic,9.07,organic,web,0,40.2,PROMO_1,0
256,2023-11-24,49.0,F,US,standard,18.72,referral,ios,0,56.1,PROMO_1,0
257,2021-11-18,31.0,M,US,basic,9.61,paid_search,ios,2,36.2,PROMO_3,1
258,2024-01-20,39.0,F,PK,basic,11.47,referral,android,1,60.2,PROMO_1,0
259,2023-10-13,39.0,F,PK,standard,19.64,social,android,1,33.3,PROMO_1,0
260,2022-03-23,36.0,M,AE,basic,8.47,paid_search,ios,0,54.3,PROMO_107,0
261,2021-06-11,36.0,M,US,basic,8.07,referral,android,1,67.7,PROMO_3,0
262,2023-10-19,28.0,F,PK,standard,18.51,social,android,1,50.8,PROMO_35,0
263,2023-04-24,40.0,M,PK,basic,8.32,organic,android,2,35.1,PROMO_1,0
264,2020-12-12,,F,AE,basic,9.34,social,android,0,64.2,PROMO_3,0
265,2020-09-14,32.0,F,UK,basic,9.33,paid_search,ios,2,55.4,PROMO_2,1
266,2022-04-01,44.0,M,US,basic,8.67,referral,android,2,48.7,PROMO_3,0
267,2022-10-03,48.0,M,AE,basic,10.43,referral,android,1,35.5,PROMO_16,0
268,2023-02-18,44.0,M,AE,standard,17.88,organic,ios,1,25.8,PROMO_1,0
269,2022-02-16,26.0,M,PK,premium,38.63,organic,web,1,83.8,PROMO_1,0
270,2022-03-18,38.0,M,US,basic,9.46,organic,ios,3,41.4,PROMO_1,0
271,2023-05-01,27.0,M,PK,premium,41.78,social,android,1,35.1,PROMO_3,0
272,2024-05-10,38.0,M,CA,standard,20.94,referral,ios,0,54.7,PROMO_150,0
273,2023-11-14,27.0,F,PK,standard,19.65,social,ios,3,34.7,PROMO_8,0
274,2020-10-27,51.0,M,US,standard,20.6,referral,android,1,57.5,PROMO_1,0
275,2022-11-11,46.0,F,UK,standard,17.99,social,android,1,70.3,PROMO_9,0
276,2022-08-15,50.0,M,UK,standard,20.4,paid_search,,5,34.1,PROMO_12,0
277,2022-09-05,49.0,F,CA,basic,9.65,partner,android,2,45.5,PROMO_7,0
278,2021-06-26,34.0,M,US,standard,21.3,organic,android,0,56.5,PROMO_1,0
279,2024-03-13,32.0,M,PK,basic,7.8,paid_search,android,2,31.7,PROMO_1,0
280,2024-02-17,56.0,M,AE,basic,8.35,organic,ios,1,36.3,PROMO_150,0
281,2023-05-27,35.0,F,DE,standard,20.25,organic,ios,0,48.2,PROMO_1,0
282,2022-08-09,,F,NZ,basic,7.09,social,ios,0,79.4,PROMO_1,0
283,2021-11-27,48.0,M,AE,basic,9.35,organic,web,2,37.2,PROMO_114,1
284,2022-08-03,39.0,Other,US,basic,9.76,paid_search,android,2,45.8,PROMO_6,1
285,2022-10-11,54.0,F,PK,basic,8.59,organic,ios,2,87.2,PROMO_1,0
286,2020-11-24,40.0,F,NZ,standard,18.35,paid_search,android,1,61.9,PROMO_2,0
287,2023-11-01,37.0,F,AE,standard,17.37,organic,ios,1,24.6,PROMO_1,0
288,2022-04-14,54.0,M,PK,basic,8.62,referral,ios,0,46.5,PROMO_1,1
289,2022-05-24,20.0,F,US,basic,8.65,paid_search,ios,4,58.8,PROMO_1,1
290,2022-08-27,31.0,M,UK,basic,8.51,referral,ios,1,71.7,PROMO_8,0
291,2021-05-23,27.0,M,PK,basic,8.47,paid_search,ios,1,70.9,PROMO_1,0
292,2023-06-08,18.0,F,DE,standard,18.59,organic,ios,0,58.4,PROMO_1,0
293,2020-11-02,47.0,F,AE,standard,18.57,social,android,0,60.8,PROMO_34,0
294,2023-03-11,31.0,F,PK,basic,10.35,organic,android,0,30.5,PROMO_1,0
295,2022-05-20,47.0,M,NZ,basic,8.72,paid_search,web,2,39.6,PROMO_1,0
296,2022-06-23,41.0,F,IN,premium,40.07,paid_search,ios,0,30.5,PROMO_1,1
297,2021-03-26,44.0,F,PK,standard,18.12,referral,android,0,65.5,PROMO_6,0
298,2022-10-14,32.0,M,US,basic,8.58,referral,web,1,55.6,PROMO_3,1
299,2023-05-15,29.0,F,IN,basic,7.77,organic,web,1,51.6,PROMO_1,0
300,2024-05-12,38.0,M,US,basic,7.87,social,ios,2,73.2,PROMO_15,0
301,2023-01-26,47.0,M,SE,premium,35.23,paid_search,ios,2,58.1,PROMO_2,0
302,2021-04-27,36.0,F,PK,basic,9.13,referral,android,1,67.1,PROMO_3,0
303,2024-05-28,29.0,F,DE,basic,9.77,partner,ios,1,61.3,PROMO_2,0
304,2021-01-21,24.0,M,UK,premium,33.43,paid_search,web,3,62.8,PROMO_150,1
305,2022-05-23,39.0,F,US,standard,18.17,organic,android,0,34.4,PROMO_5,0
306,2023-11-30,31.0,F,DE,basic,8.02,referral,android,3,64.6,PROMO_1,0
307,2023-04-20,36.0,M,PK,basic,8.81,paid_search,web,3,57.1,PROMO_2,0
308,2022-05-08,34.0,M,PK,basic,9.77,referral,android,1,43.9,PROMO_6,0
309,2023-04-02,32.0,M,PK,standard,18.32,social,web,1,60.3,PROMO_1,0
310,2024-01-13,40.0,F,PK,basic,8.97,partner,android,4,69.3,PROMO_150,0
311,2021-12-04,43.0,F,PK,premium,43.54,organic,android,0,48.5,PROMO_1,0
312,2021-11-26,59.0,F,US,premium,40.43,social,web,2,38.8,PROMO_1,0
313,2023-12-29,45.0,F,PK,standard,17.84,paid_search,android,0,39.4,PROMO_1,0
314,2023-05-19,55.0,M,PK,standard,19.24,social,ios,2,29.1,PROMO_3,0
315,2023-07-10,28.0,F,PK,basic,8.4,partner,android,2,47.5,PROMO_1,0
316,2021-12-13,19.0,F,CA,basic,9.3,social,ios,2,58.9,PROMO_1,0
317,2021-09-07,37.0,F,PK,standard,19.78,social,android,0,76.0,PROMO_4,0
318,2021-09-11,46.0,F,DE,basic,8.02,organic,web,2,37.9,PROMO_3,0
319,2020-11-23,45.0,F,PK,basic,9.13,organic,web,0,55.4,PROMO_1,0
320,2021-07-16,50.0,M,PK,basic,8.92,social,android,0,50.3,PROMO_1,0
321,2023-03-26,18.0,F,US,basic,9.39,paid_search,android,2,49.9,PROMO_150,0
322,2024-01-14,51.0,M,US,basic,9.6,organic,ios,1,27.1,PROMO_2,0
323,2022-02-13,41.0,F,UK,standard,19.73,social,web,1,34.8,PROMO_4,0
324,2020-12-24,20.0,F,DE,standard,18.54,social,android,0,77.2,PROMO_150,0
325,2020-10-04,45.0,M,US,standard,20.42,organic,,1,65.1,PROMO_2,0
326,2023-07-29,39.0,M,PK,standard,17.67,organic,web,1,54.2,PROMO_2,1
327,2023-07-20,41.0,F,CA,basic,8.05,paid_search,ios,3,56.9,PROMO_1,1
328,2024-04-20,48.0,F,PK,standard,14.14,social,android,1,61.2,PROMO_4,1
329,2023-11-29,,M,CA,standard,18.89,referral,ios,5,43.3,PROMO_2,0
330,2022-05-07,21.0,M,UK,basic,8.41,paid_search,ios,4,43.9,PROMO_150,1
331,2022-05-18,35.0,F,PK,premium,40.24,organic,ios,2,40.8,PROMO_3,0
332,2023-01-16,19.0,F,US,basic,7.58,referral,android,1,52.5,PROMO_1,1
333,2023-04-10,44.0,F,US,basic,8.53,organic,,0,32.7,PROMO_1,0
334,2021-04-22,52.0,M,UK,basic,9.34,social,web,1,40.0,PROMO_1,0
335,2022-09-15,23.0,M,SE,basic,8.26,paid_search,ios,2,57.6,PROMO_1,0
336,2021-05-22,30.0,F,US,basic,9.29,partner,ios,0,44.7,PROMO_1,0
337,2020-10-20,,F,IN,standard,18.15,social,android,0,23.7,PROMO_1,0
338,2023-03-31,32.0,F,PK,premium,38.9,organic,android,2,44.3,PROMO_1,0
339,2023-09-05,42.0,M,PK,basic,9.43,paid_search,android,0,58.2,PROMO_1,0
340,2020-11-03,32.0,M,UK,standard,20.45,organic,android,3,51.7,PROMO_15,0
341,2022-01-16,44.0,M,SE,basic,9.07,organic,ios,0,24.7,PROMO_150,0
342,2023-05-06,49.0,M,US,standard,17.76,paid_search,ios,0,65.5,PROMO_2,0
343,2022-02-03,49.0,F,CA,basic,8.67,paid_search,,1,46.3,PROMO_14,0
344,2022-07-01,25.0,M,US,basic,9.46,referral,android,1,55.1,PROMO_5,0
345,2021-01-08,52.0,F,IN,standard,17.45,organic,web,4,65.7,PROMO_1,0
346,2023-06-23,53.0,F,CA,standard,18.73,paid_search,android,2,48.1,PROMO_1,0
347,2020-09-11,54.0,M,AE,standard,18.41,referral,web,0,21.4,PROMO_5,0
348,2020-11-27,35.0,M,AE,standard,18.84,paid_search,ios,1,76.3,PROMO_1,0
349,2023-10-05,,F,UK,standard,17.47,paid_search,web,1,16.9,PROMO_4,0
350,2023-10-27,26.0,F,SE,basic,7.67,referral,ios,1,45.0,PROMO_2,0
351,2022-06-06,25.0,M,UK,basic,9.37,social,web,1,69.4,PROMO_11,0
352,2024-04-10,37.0,M,US,basic,9.69,paid_search,ios,3,39.5,PROMO_38,1
353,2023-04-25,,M,IN,basic,7.71,partner,android,0,40.4,PROMO_1,0
354,2022-10-19,51.0,F,AE,basic,9.27,organic,web,2,46.7,PROMO_6,0
355,2020-10-12,32.0,M,UK,basic,9.78,organic,android,1,47.3,PROMO_1,0
356,2020-09-10,37.0,F,AE,basic,9.43,paid_search,ios,2,37.1,PROMO_1,1
357,2023-11-14,36.0,F,US,standard,18.37,organic,android,2,40.5,PROMO_1,0
358,2021-01-27,,F,US,basic,8.32,organic,ios,1,66.1,PROMO_1,0
359,2024-02-06,45.0,F,PK,standard,19.12,organic,ios,1,42.0,PROMO_3,0
360,2021-08-12,41.0,M,IN,standard,19.38,social,web,1,57.5,PROMO_9,0
361,2021-04-01,39.0,M,AE,basic,9.07,paid_search,android,1,36.3,PROMO_124,0
362,2021-01-28,41.0,F,CA,basic,8.87,referral,web,2,70.8,PROMO_1,0
363,2023-08-07,44.0,Other,US,standard,17.35,organic,web,1,64.1,PROMO_1,0
364,2021-01-25,44.0,M,NZ,standard,19.64,social,android,3,48.7,PROMO_8,0
365,2024-01-02,28.0,M,US,basic,9.34,organic,android,3,59.6,PROMO_71,0
366,2022-06-25,47.0,F,US,basic,9.14,organic,android,3,72.8,PROMO_1,0
367,2022-09-02,40.0,F,SE,standard,19.17,social,android,0,35.0,PROMO_1,1
368,2023-04-02,32.0,M,AE,standard,21.55,organic,ios,1,34.2,PROMO_1,0
369,2024-05-11,40.0,M,IN,basic,8.55,social,android,1,55.6,PROMO_2,1
370,2021-07-11,41.0,F,AE,basic,9.92,social,android,2,30.6,PROMO_2,0
371,2023-03-05,49.0,M,PK,premium,36.71,social,ios,1,26.7,PROMO_2,0
372,2021-12-10,25.0,F,US,basic,9.8,social,ios,0,26.0,PROMO_2,0
373,2022-11-22,52.0,F,IN,premium,42.85,referral,web,1,52.2,PROMO_20,0
374,2023-01-12,37.0,F,US,basic,8.79,organic,android,0,19.5,PROMO_2,1
375,2021-02-03,31.0,F,DE,standard,21.52,partner,ios,1,43.9,PROMO_1,0
376,2024-02-01,31.0,F,PK,basic,9.34,organic,web,5,-1.5,PROMO_1,0
377,2021-08-29,26.0,M,US,basic,8.37,paid_search,android,5,56.6,PROMO_1,0
378,2021-08-15,18.0,M,CA,premium,37.83,partner,ios,1,57.6,PROMO_1,0
379,2023-01-03,44.0,F,IN,basic,9.82,organic,web,3,46.8,PROMO_17,0
380,2023-06-14,59.0,F,US,premium,41.88,referral,ios,1,67.7,PROMO_1,0
381,2024-06-03,19.0,M,PK,basic,8.24,social,web,2,61.9,PROMO_1,0
382,2020-11-26,27.0,F,PK,premium,38.57,referral,web,3,38.1,PROMO_1,0
383,2020-11-11,45.0,M,PK,premium,39.63,organic,android,0,36.8,PROMO_27,0
384,2023-07-14,36.0,M,CA,standard,18.23,social,,0,63.3,PROMO_42,0
385,2024-04-27,46.0,M,US,basic,10.7,organic,ios,0,60.3,PROMO_1,1
386,2023-12-24,36.0,F,PK,standard,19.36,organic,web,0,46.0,PROMO_1,0
387,2024-03-09,31.0,Other,DE,standard,18.91,social,ios,2,23.6,PROMO_1,0
388,2021-04-21,35.0,M,CA,premium,42.72,social,ios,2,63.9,PROMO_8,0
389,2021-01-27,18.0,M,US,basic,8.74,social,android,0,51.0,PROMO_1,0
390,2023-11-12,24.0,M,IN,basic,9.73,social,ios,0,49.1,PROMO_1,0
391,2021-08-15,47.0,F,US,basic,7.8,referral,ios,2,7.4,PROMO_1,1
392,2023-10-07,50.0,F,PK,standard,18.31,paid_search,web,0,58.0,PROMO_150,0
393,2023-01-21,52.0,M,IN,premium,42.27,paid_search,android,0,49.1,PROMO_3,0
394,2022-03-06,42.0,M,PK,basic,10.13,referral,android,0,41.9,PROMO_1,0
395,2021-09-21,18.0,M,NZ,standard,17.82,social,web,3,37.5,PROMO_6,1
396,2021-02-20,30.0,M,AE,premium,36.22,organic,ios,0,51.7,PROMO_54,0
397,2024-04-10,52.0,M,IN,basic,9.41,paid_search,android,0,57.0,PROMO_7,0
398,2023-09-13,55.0,F,PK,basic,8.55,organic,ios,3,44.3,PROMO_6,0
399,2023-05-20,52.0,F,US,standard,18.59,referral,web,4,58.4,PROMO_3,0
400,2023-04-09,34.0,M,IN,standard,20.33,organic,web,0,32.7,PROMO_1,0
401,2020-09-02,23.0,F,CA,basic,8.61,social,android,1,40.2,PROMO_1,0
402,2021-07-04,37.0,F,IN,standard,16.01,social,ios,1,60.3,PROMO_10,0
403,2023-03-26,37.0,M,PK,standard,17.02,partner,ios,1,43.9,PROMO_1,0
404,2020-10-08,54.0,M,AE,premium,39.03,paid_search,android,0,75.8,PROMO_3,0
405,2022-07-22,40.0,M,US,premium,33.19,referral,ios,1,54.2,PROMO_1,0
406,2022-07-20,37.0,F,US,standard,18.55,social,android,0,32.5,PROMO_1,0
407,2022-10-21,38.0,F,UK,standard,16.88,organic,android,0,26.5,PROMO_4,0
408,2023-11-25,41.0,M,DE,basic,10.18,paid_search,android,2,61.8,PROMO_1,0
409,2020-11-29,44.0,M,UK,standard,22.29,paid_search,android,1,40.9,PROMO_6,0
410,2024-05-22,29.0,F,PK,basic,8.24,organic,android,1,63.8,PROMO_3,0
411,2023-10-14,25.0,M,CA,standard,19.39,paid_search,web,1,41.9,PROMO_6,0
412,2023-07-30,52.0,M,SE,basic,8.31,organic,android,2,53.6,PROMO_1,0
413,2023-05-22,19.0,M,US,standard,18.53,referral,ios,2,45.0,PROMO_1,0
414,2023-12-12,55.0,M,CA,basic,10.3,paid_search,android,0,53.8,PROMO_14,0
415,2024-05-17,18.0,F,IN,basic,8.66,organic,web,2,60.9,PROMO_1,0
416,2021-11-18,31.0,M,PK,basic,8.79,social,ios,1,50.3,PROMO_1,1
417,2020-10-12,48.0,F,DE,standard,17.57,referral,web,0,59.9,PROMO_3,0
418,2023-12-25,37.0,F,IN,standard,20.74,partner,android,2,24.5,PROMO_20,0
419,2023-04-28,23.0,F,DE,basic,6.65,referral,ios,3,56.2,PROMO_1,0
420,2022-07-13,42.0,F,PK,premium,37.62,referral,android,4,50.3,PROMO_1,0
421,2020-12-09,38.0,M,AE,premium,38.86,paid_search,android,2,46.1,PROMO_2,0
422,2021-10-26,35.0,M,DE,basic,8.52,paid_search,ios,3,14.1,PROMO_1,0
423,2021-07-19,30.0,F,AE,standard,20.31,paid_search,web,2,25.0,PROMO_1,0
424,2022-04-01,37.0,F,PK,basic,9.87,partner,android,0,53.4,PROMO_1,0
425,2022-11-13,31.0,Other,PK,basic,7.98,organic,ios,0,55.3,PROMO_35,0
426,2023-09-09,64.0,F,CA,standard,22.18,social,ios,1,56.1,PROMO_1,0
427,2021-03-06,,F,US,basic,7.98,organic,ios,1,49.9,PROMO_6,0
428,2021-05-28,,M,SE,premium,43.02,referral,ios,0,32.0,PROMO_5,0
429,2024-05-07,31.0,M,US,premium,39.47,paid_search,ios,1,34.6,PROMO_10,0
430,2021-09-27,57.0,M,CA,standard,18.23,referral,web,1,18.4,PROMO_6,1
431,2024-02-15,19.0,F,PK,standard,18.38,partner,,3,51.9,PROMO_4,0
432,2021-08-26,41.0,M,CA,standard,18.95,organic,web,3,78.6,PROMO_2,0
433,2021-04-28,34.0,M,IN,premium,39.65,referral,android,1,48.6,PROMO_2,0
434,2023-12-13,21.0,M,US,basic,8.34,paid_search,web,2,38.6,PROMO_8,0
435,2022-10-21,28.0,F,US,basic,8.83,paid_search,web,0,50.4,PROMO_30,0
436,2023-12-23,40.0,M,IN,standard,17.83,organic,,0,48.0,PROMO_1,0
437,2022-04-20,27.0,M,DE,basic,8.13,social,ios,1,24.0,PROMO_3,0
438,2020-12-08,40.0,F,UK,basic,8.41,paid_search,,2,53.8,PROMO_5,0
439,2024-02-20,56.0,F,US,basic,8.17,social,android,1,48.4,PROMO_2,0
440,2022-12-10,39.0,F,IN,standard,18.36,referral,ios,2,47.4,PROMO_1,0
441,2020-10-07,21.0,M,DE,basic,9.31,paid_search,ios,1,79.8,PROMO_3,1
442,2023-04-22,28.0,F,US,basic,9.09,organic,web,0,48.5,PROMO_1,0
443,2023-12-11,34.0,M,US,basic,10.42,organic,android,0,77.3,PROMO_1,1
444,2022-08-06,33.0,F,PK,basic,7.41,organic,,1,37.6,PROMO_19,0
445,2022-07-10,39.0,M,CA,premium,40.46,partner,android,1,27.3,PROMO_14,0
446,2021-12-09,40.0,M,CA,basic,9.0,paid_search,android,1,37.9,PROMO_1,0
447,2023-04-05,56.0,M,US,standard,20.24,social,android,3,67.6,PROMO_1,0
448,2020-10-31,37.0,M,US,standard,20.09,partner,ios,1,38.6,PROMO_3,0
449,2022-06-22,,M,PK,basic,8.88,paid_search,web,1,28.6,PROMO_3,0
450,2023-05-12,50.0,M,PK,standard,19.26,social,web,3,55.1,PROMO_2,0
451,2020-10-24,51.0,M,IN,standard,17.87,referral,web,2,44.2,PROMO_1,0
452,2020-12-12,40.0,M,DE,standard,19.93,social,web,2,58.6,PROMO_1,0
453,2022-07-23,34.0,M,US,basic,7.65,organic,android,0,39.9,PROMO_86,0
454,2024-05-07,44.0,M,PK,basic,9.56,referral,android,0,36.2,PROMO_1,0
455,2022-03-10,35.0,F,PK,premium,38.93,partner,android,1,74.9,PROMO_4,0
456,2022-05-06,,M,DE,standard,18.26,referral,ios,1,37.5,PROMO_2,0
457,2023-11-19,43.0,M,PK,premium,38.27,referral,web,3,37.5,PROMO_1,1
458,2022-01-18,47.0,M,US,premium,38.5,referral,android,1,56.9,PROMO_3,0
459,2021-04-07,53.0,M,SE,basic,9.93,social,ios,0,8.2,PROMO_4,0
460,2024-01-16,29.0,F,UK,standard,23.91,organic,ios,2,61.0,PROMO_1,0
461,2021-09-16,39.0,M,CA,basic,9.88,partner,android,1,76.8,PROMO_1,0
462,2023-11-30,40.0,F,PK,standard,18.14,organic,,0,63.0,PROMO_1,0
463,2021-08-12,38.0,M,US,basic,9.45,referral,android,2,34.4,PROMO_2,0
464,2022-11-10,38.0,F,IN,basic,9.48,paid_search,android,1,39.2,PROMO_5,0
465,2024-06-02,37.0,F,CA,standard,17.59,social,web,1,51.0,PROMO_4,0
466,2020-10-16,39.0,M,DE,standard,17.08,referral,android,1,55.5,PROMO_1,0
467,2023-10-25,45.0,F,UK,standard,18.9,referral,android,1,74.2,PROMO_2,0
468,2022-03-11,50.0,F,PK,basic,9.58,organic,ios,0,73.5,PROMO_7,0
469,2023-10-04,29.0,F,UK,basic,7.84,social,ios,0,46.8,PROMO_8,0
470,2020-12-01,35.0,Other,PK,premium,36.75,organic,ios,0,42.0,PROMO_1,0
471,2021-08-27,32.0,M,PK,basic,9.41,organic,ios,0,38.3,PROMO_73,0
472,2021-05-27,31.0,Other,UK,basic,9.03,paid_search,,2,59.7,PROMO_1,1
473,2022-10-23,19.0,F,PK,standard,21.15,partner,android,2,66.2,PROMO_2,1
474,2022-09-05,37.0,F,PK,basic,7.98,partner,web,2,51.0,PROMO_1,0
475,2022-01-17,42.0,F,PK,standard,22.58,social,android,0,50.0,PROMO_4,0
476,2021-06-24,35.0,F,US,basic,7.89,referral,web,0,81.7,PROMO_1,0
477,2021-03-30,37.0,F,IN,standard,15.92,organic,android,2,60.2,PROMO_18,0
478,2024-05-17,42.0,F,IN,premium,38.82,organic,web,1,19.2,PROMO_10,0
479,2021-12-08,53.0,F,PK,premium,35.46,social,web,2,49.5,PROMO_2,0
480,2024-01-12,32.0,M,PK,standard,18.94,referral,android,0,53.0,PROMO_5,0
481,2023-05-10,24.0,F,CA,basic,8.95,social,ios,0,46.0,PROMO_3,1
482,2021-04-23,36.0,M,PK,standard,18.7,organic,ios,2,68.9,PROMO_7,1
483,2023-07-01,58.0,F,DE,standard,17.72,paid_search,ios,2,45.1,PROMO_3,0
484,2021-06-07,24.0,M,PK,standard,19.66,organic,web,2,35.2,PROMO_1,1
485,2022-09-11,44.0,M,AE,standard,18.52,referral,android,1,39.3,PROMO_107,0
486,2023-07-25,50.0,M,PK,standard,20.68,paid_search,web,1,60.1,PROMO_7,0
487,2023-03-07,18.0,M,DE,standard,18.73,paid_search,ios,1,29.7,PROMO_3,0
488,2022-06-09,42.0,F,UK,standard,17.53,social,android,1,42.6,PROMO_11,0
489,2021-07-21,44.0,F,PK,basic,7.78,organic,ios,0,62.7,PROMO_2,0
490,2022-02-25,34.0,M,US,basic,8.88,paid_search,android,1,29.6,PROMO_1,0
491,2020-12-01,30.0,M,UK,standard,17.07,social,ios,1,34.4,PROMO_1,0
492,2021-03-01,31.0,M,NZ,basic,8.03,organic,android,1,24.6,PROMO_1,1
493,2021-08-06,33.0,M,US,premium,40.65,social,web,1,36.6,PROMO_6,0
494,2022-03-01,34.0,M,PK,standard,16.3,partner,android,0,42.2,PROMO_3,1
495,2023-05-07,32.0,Other,UK,basic,10.02,organic,ios,2,46.4,PROMO_1,0
496,2022-11-19,33.0,F,PK,standard,19.24,organic,web,1,36.2,PROMO_32,0
497,2023-12-29,50.0,F,IN,standard,18.93,social,web,1,44.3,PROMO_1,0
498,2023-01-11,24.0,M,CA,standard,17.43,social,ios,2,64.7,PROMO_1,0
499,2020-12-10,18.0,M,PK,basic,9.55,partner,android,2,55.0,PROMO_1,0
500,2022-11-01,50.0,F,UK,premium,38.99,organic,web,1,82.0,PROMO_1,0
501,2024-01-06,35.0,F,AE,basic,8.51,referral,android,1,39.9,PROMO_1,0
502,2021-12-24,33.0,M,PK,standard,19.3,paid_search,android,0,43.3,PROMO_5,0
503,2020-10-21,36.0,M,AE,basic,7.79,organic,web,0,52.3,PROMO_2,0
504,2021-03-01,39.0,M,US,standard,16.51,paid_search,android,1,42.3,PROMO_48,0
505,2023-05-29,31.0,F,US,standard,17.3,paid_search,android,1,49.6,PROMO_1,0
506,2022-09-23,43.0,F,UK,standard,19.53,organic,ios,0,21.2,PROMO_8,0
507,2022-06-09,26.0,M,UK,basic,9.0,organic,ios,2,44.4,PROMO_1,0
508,2023-07-04,34.0,F,DE,standard,20.59,organic,android,2,63.2,PROMO_35,0
509,2023-06-06,18.0,M,US,standard,17.6,social,web,0,78.6,PROMO_92,0
510,2023-07-20,50.0,M,DE,basic,9.41,organic,web,0,71.7,PROMO_1,0
511,2020-09-07,35.0,F,US,premium,38.64,organic,web,1,51.9,PROMO_1,0
512,2021-08-16,44.0,M,AE,standard,17.57,paid_search,android,1,57.2,PROMO_1,0
513,2021-04-07,42.0,F,PK,premium,40.2,social,ios,1,55.0,PROMO_2,0
514,2021-05-11,43.0,M,UK,premium,38.79,partner,web,5,41.7,PROMO_1,0
515,2020-10-26,37.0,M,US,premium,37.04,organic,android,2,35.6,PROMO_27,0
516,2024-01-17,,M,US,standard,19.06,partner,ios,0,53.7,PROMO_1,0
517,2021-02-10,26.0,M,PK,standard,18.8,social,,3,48.3,PROMO_3,0
518,2024-03-11,24.0,F,UK,basic,8.89,partner,android,0,62.6,PROMO_1,1
519,2022-08-24,36.0,M,PK,standard,18.37,paid_search,android,0,14.3,PROMO_2,1
520,2022-03-13,,F,US,standard,17.02,paid_search,ios,2,47.4,PROMO_1,0
521,2023-02-03,53.0,Other,US,standard,19.11,referral,ios,2,68.1,PROMO_2,1
522,2023-11-22,41.0,F,AE,premium,36.5,social,android,4,58.6,PROMO_2,0
523,2023-09-19,29.0,M,NZ,basic,8.27,referral,ios,2,35.3,PROMO_2,1
524,2021-04-29,34.0,F,IN,basic,8.83,referral,android,2,30.4,PROMO_1,0
525,2023-03-29,38.0,F,SE,standard,20.12,paid_search,,1,49.3,PROMO_3,0
526,2023-04-09,36.0,F,SE,basic,9.13,social,web,4,61.8,PROMO_1,1
527,2020-12-14,40.0,F,PK,basic,8.62,paid_search,android,1,57.7,PROMO_1,0
528,2023-11-25,38.0,F,PK,basic,8.59,social,ios,0,51.7,PROMO_4,0
529,2020-12-25,22.0,F,PK,standard,19.97,social,android,1,59.6,PROMO_1,0
530,2020-12-18,18.0,M,PK,basic,7.27,social,android,3,53.9,PROMO_51,0
531,2022-03-07,33.0,F,CA,basic,9.57,organic,web,0,59.0,PROMO_2,1
532,2023-10-26,43.0,F,IN,basic,7.65,partner,android,1,64.1,PROMO_1,0
533,2023-11-08,33.0,M,AE,basic,7.98,paid_search,android,2,43.3,PROMO_15,0
534,2023-05-15,51.0,M,IN,basic,8.63,organic,ios,1,36.7,PROMO_1,0
535,2022-04-06,36.0,F,DE,standard,22.3,organic,ios,1,60.9,PROMO_13,0
536,2023-11-12,52.0,F,US,standard,21.55,organic,web,1,42.3,PROMO_3,0
537,2022-09-21,50.0,M,PK,basic,9.51,paid_search,web,1,20.8,PROMO_2,0
538,2024-01-03,49.0,M,SE,standard,19.54,organic,android,1,71.4,PROMO_1,0
539,2022-05-27,,M,AE,basic,7.66,organic,android,0,53.8,PROMO_4,0
540,2024-05-12,37.0,M,US,basic,9.11,organic,ios,0,53.1,PROMO_1,0
541,2021-10-06,50.0,Other,PK,premium,37.29,organic,android,0,47.2,PROMO_2,0
542,2024-03-26,40.0,M,CA,standard,17.76,partner,ios,0,62.6,PROMO_1,0
543,2023-09-16,43.0,Other,CA,premium,39.48,paid_search,android,1,30.8,PROMO_2,0
544,2023-10-13,22.0,M,UK,basic,8.66,organic,web,0,50.1,PROMO_3,0
545,2021-04-21,58.0,M,NZ,basic,9.63,social,web,3,54.2,PROMO_1,0
546,2024-03-29,28.0,M,US,basic,7.61,social,android,0,58.3,PROMO_1,0
547,2022-10-27,18.0,M,IN,basic,9.05,paid_search,android,1,24.4,PROMO_1,0
548,2022-03-18,33.0,F,AE,premium,36.26,paid_search,web,0,58.9,PROMO_1,0
549,2022-06-29,18.0,F,DE,basic,8.71,social,,0,43.7,PROMO_150,0
550,2021-11-14,25.0,F,IN,premium,39.95,organic,android,0,40.2,PROMO_5,0
551,2021-05-29,65.0,F,CA,premium,35.51,organic,android,0,26.6,PROMO_28,0
552,2022-12-15,33.0,M,PK,standard,19.25,partner,android,0,83.5,PROMO_6,0
553,2021-04-25,21.0,M,IN,basic,8.85,paid_search,android,0,48.1,PROMO_1,0
554,2023-03-30,37.0,F,UK,standard,18.0,organic,android,1,53.7,PROMO_25,0
555,2020-09-21,27.0,F,PK,basic,8.66,organic,android,1,34.2,PROMO_3,0
556,2022-07-15,,F,AE,standard,18.77,social,web,2,27.1,PROMO_12,0
557,2021-08-30,27.0,M,US,basic,8.45,organic,android,1,62.2,PROMO_1,0
558,2021-02-19,40.0,M,UK,premium,39.02,paid_search,web,1,29.8,PROMO_2,0
559,2021-06-13,24.0,F,US,standard,18.58,paid_search,ios,2,69.6,PROMO_23,0
560,2021-03-24,66.0,F,PK,standard,18.07,organic,ios,2,77.0,PROMO_7,0
561,2022-06-01,43.0,M,PK,standard,21.42,paid_search,,1,38.4,PROMO_1,0
562,2024-04-12,35.0,M,DE,standard,19.63,organic,android,2,43.1,PROMO_5,0
563,2022-07-31,34.0,M,PK,premium,37.81,paid_search,android,1,11.9,PROMO_1,1
564,2023-10-04,31.0,F,AE,basic,9.11,organic,ios,0,23.9,PROMO_5,0
565,2021-01-31,29.0,F,UK,premium,35.8,partner,android,2,59.5,PROMO_2,0
566,2023-07-20,28.0,M,PK,standard,18.34,social,android,0,68.8,PROMO_1,0
567,2023-08-01,,F,PK,premium,38.0,organic,web,2,38.3,PROMO_4,0
568,2023-07-02,31.0,M,US,basic,8.1,organic,web,0,40.5,PROMO_1,0
569,2022-01-06,18.0,M,IN,standard,19.59,social,ios,1,26.3,PROMO_1,0
570,2022-04-14,24.0,F,IN,basic,8.64,social,ios,1,33.0,PROMO_1,0
571,2020-11-09,47.0,M,US,standard,18.46,paid_search,ios,4,69.9,PROMO_2,1
572,2022-11-14,34.0,M,PK,basic,8.59,organic,android,4,54.7,PROMO_1,0
573,2023-05-18,36.0,M,AE,basic,11.13,paid_search,android,0,23.1,PROMO_1,0
574,2024-04-04,50.0,F,US,basic,8.52,organic,ios,1,58.5,PROMO_3,0
575,2024-06-01,28.0,M,US,basic,7.51,organic,android,0,85.6,PROMO_3,0
576,2023-01-12,,F,US,basic,7.85,paid_search,android,3,44.1,PROMO_1,0
577,2020-12-11,30.0,M,AE,standard,20.15,referral,ios,1,40.0,PROMO_22,0
578,2022-06-19,43.0,M,US,basic,9.96,paid_search,ios,0,58.7,PROMO_5,0
579,2021-01-24,33.0,F,IN,standard,17.96,organic,android,0,65.1,PROMO_1,0
580,2024-01-22,34.0,M,US,basic,9.92,organic,web,2,62.3,PROMO_1,0
581,2024-02-03,46.0,M,US,standard,20.13,social,ios,1,45.2,PROMO_1,0
582,2021-04-17,45.0,M,IN,standard,18.71,paid_search,ios,1,43.7,PROMO_2,0
583,2024-01-15,35.0,F,US,basic,8.81,social,,0,24.1,PROMO_1,0
584,2024-03-31,32.0,M,PK,standard,19.27,social,ios,1,31.6,PROMO_12,0
585,2022-12-01,55.0,M,PK,premium,41.74,paid_search,ios,0,55.4,PROMO_150,0
586,2020-12-12,43.0,F,DE,standard,19.6,paid_search,ios,4,42.0,PROMO_9,1
587,2021-11-02,33.0,F,UK,basic,8.51,partner,ios,2,53.7,PROMO_2,0
588,2024-01-26,30.0,M,UK,basic,8.87,referral,,2,46.4,PROMO_1,0
589,2021-04-12,48.0,M,PK,standard,22.01,paid_search,android,5,50.9,PROMO_1,0
590,2021-04-03,38.0,F,PK,basic,9.18,social,web,2,50.3,PROMO_1,0
591,2021-06-02,35.0,M,US,standard,20.32,organic,android,1,61.2,PROMO_1,0
592,2021-01-12,38.0,F,US,basic,9.39,organic,ios,1,62.7,PROMO_6,0
593,2023-07-15,41.0,M,US,standard,19.42,paid_search,web,1,49.7,PROMO_3,0
594,2020-09-28,36.0,M,UK,basic,9.08,referral,android,1,46.9,PROMO_1,0
595,2023-03-26,,F,DE,basic,9.65,partner,web,3,49.5,PROMO_1,0
596,2021-05-31,51.0,Other,AE,premium,41.24,social,,2,38.2,PROMO_1,0
597,2022-04-03,43.0,M,AE,premium,39.82,social,ios,1,66.3,PROMO_25,1
598,2021-07-01,52.0,F,UK,premium,36.84,organic,ios,0,41.6,PROMO_2,0
599,2022-01-26,37.0,M,PK,premium,40.2,partner,web,1,47.6,PROMO_5,0
600,2022-01-06,45.0,M,AE,basic,8.95,organic,android,1,52.6,PROMO_2,0
601,2022-02-11,48.0,M,PK,basic,8.78,partner,ios,0,54.7,PROMO_4,0
602,2021-07-01,48.0,F,DE,basic,10.93,organic,android,1,54.0,PROMO_6,0
603,2021-08-26,47.0,F,US,standard,16.66,organic,web,1,48.0,PROMO_150,0
604,2023-12-08,44.0,M,UK,basic,9.69,social,ios,1,74.7,PROMO_1,1
605,2021-04-28,59.0,M,IN,premium,36.31,organic,ios,0,51.1,PROMO_1,0
606,2022-06-02,31.0,F,US,basic,9.09,organic,android,1,46.2,PROMO_1,0
607,2023-03-23,35.0,F,PK,basic,10.85,social,android,0,77.0,PROMO_7,1
608,2022-07-02,35.0,F,IN,basic,8.31,social,web,2,38.3,PROMO_1,0
609,2020-10-15,33.0,F,US,basic,8.48,organic,android,1,76.9,PROMO_2,1
610,2021-03-15,18.0,M,US,basic,8.99,paid_search,ios,1,20.1,PROMO_1,0
611,2021-04-17,52.0,F,PK,standard,17.71,social,ios,2,44.0,PROMO_2,0
612,2022-09-11,26.0,M,US,basic,9.64,organic,android,0,25.0,PROMO_1,0
613,2021-06-24,39.0,M,UK,standard,18.19,paid_search,android,1,29.6,PROMO_1,0
614,2022-12-27,21.0,F,CA,premium,41.04,social,android,0,56.8,PROMO_4,0
615,2021-11-07,44.0,M,DE,standard,16.98,referral,web,3,54.3,PROMO_1,0
616,2022-01-10,28.0,F,UK,standard,16.25,paid_search,android,3,40.9,PROMO_2,0
617,2023-07-02,25.0,F,DE,basic,8.84,social,android,2,74.5,PROMO_11,0
618,2023-06-09,39.0,M,CA,basic,7.87,paid_search,web,1,67.0,PROMO_2,0
619,2024-03-18,29.0,M,PK,basic,10.09,social,web,1,49.2,PROMO_1,0
620,2023-12-01,31.0,F,UK,premium,34.23,referral,ios,0,22.9,PROMO_2,0
621,2022-10-21,39.0,Other,PK,standard,17.42,paid_search,ios,0,64.4,PROMO_1,0
622,2022-08-21,46.0,F,US,basic,9.3,organic,,0,42.8,PROMO_26,0
623,2023-10-27,28.0,F,DE,basic,8.58,referral,web,0,54.4,PROMO_5,1
624,2022-11-13,26.0,M,CA,standard,16.69,social,web,2,62.0,PROMO_2,0
625,2022-02-28,37.0,M,IN,standard,22.1,social,ios,1,44.0,PROMO_4,0
626,2023-07-26,43.0,M,US,standard,17.48,paid_search,,4,69.2,PROMO_1,0
627,2023-03-02,53.0,F,PK,premium,38.39,organic,ios,2,44.3,PROMO_7,0
628,2023-01-20,25.0,F,PK,standard,18.68,paid_search,web,0,58.1,PROMO_2,0
629,2022-07-15,34.0,F,PK,standard,20.08,paid_search,ios,1,61.3,PROMO_1,0
630,2023-01-22,50.0,M,US,basic,9.33,paid_search,android,2,63.7,PROMO_8,0
631,2021-08-29,59.0,M,UK,basic,8.4,organic,ios,2,76.2,PROMO_4,0
632,2023-03-17,26.0,F,AE,premium,37.98,referral,android,1,37.7,PROMO_2,0
633,2022-10-21,29.0,M,PK,standard,18.66,paid_search,,2,33.0,PROMO_150,0
634,2023-01-04,41.0,M,PK,basic,9.54,social,android,0,45.2,PROMO_1,0
635,2023-10-02,31.0,F,PK,standard,17.22,organic,,2,95.7,PROMO_2,0
636,2021-11-07,29.0,F,DE,basic,10.45,paid_search,ios,2,70.3,PROMO_8,0
637,2023-07-22,40.0,M,US,standard,17.85,organic,android,1,41.7,PROMO_1,0
638,2023-04-28,54.0,F,PK,basic,8.99,social,ios,0,44.8,PROMO_1,0
639,2021-06-13,23.0,F,US,standard,17.24,social,web,1,49.8,PROMO_1,0
640,2020-11-09,53.0,F,PK,standard,17.03,paid_search,android,0,54.1,PROMO_1,0
641,2021-11-28,31.0,M,US,basic,8.37,partner,android,0,59.6,PROMO_1,0
642,2020-12-24,41.0,M,CA,basic,8.3,paid_search,android,0,60.2,PROMO_1,0
643,2021-03-20,54.0,M,US,standard,18.37,paid_search,web,2,68.0,PROMO_2,0
644,2022-08-17,41.0,F,PK,basic,8.3,social,,0,80.0,PROMO_2,0
645,2021-07-13,34.0,M,PK,basic,9.5,paid_search,android,4,48.0,PROMO_1,1
646,2023-03-15,45.0,F,PK,standard,17.81,social,android,2,46.8,PROMO_1,0
647,2022-09-14,,M,IN,basic,8.36,partner,android,3,44.5,PROMO_1,0
648,2022-06-03,43.0,Other,AE,basic,8.72,social,ios,1,45.8,PROMO_1,0
649,2020-10-24,35.0,M,US,basic,9.71,organic,ios,0,55.5,PROMO_1,0
650,2021-03-27,46.0,F,UK,premium,39.67,organic,android,0,59.5,PROMO_6,0
651,2022-08-05,22.0,M,PK,basic,8.93,referral,android,1,75.9,PROMO_8,0
652,2021-12-23,26.0,F,US,basic,7.97,organic,ios,0,39.4,PROMO_1,0
653,2023-09-05,22.0,F,US,basic,8.18,paid_search,web,0,55.4,PROMO_1,0
654,2021-05-27,36.0,M,CA,basic,8.08,partner,ios,0,37.4,PROMO_16,1
655,2022-05-09,,F,DE,basic,9.94,referral,web,0,56.1,PROMO_2,0
656,2022-06-06,29.0,F,PK,basic,9.38,organic,web,2,90.1,PROMO_5,0
657,2021-07-19,25.0,M,DE,basic,8.38,social,,1,47.9,PROMO_5,0
658,2022-01-19,53.0,M,PK,basic,8.59,paid_search,android,0,86.8,PROMO_1,0
659,2024-03-02,26.0,M,PK,premium,36.43,partner,ios,2,37.4,PROMO_1,0
660,2023-05-10,23.0,F,PK,basic,8.36,social,android,1,43.1,PROMO_4,0
661,2023-10-11,40.0,M,PK,basic,9.33,paid_search,android,2,44.9,PROMO_19,1
662,2021-08-31,,F,PK,premium,38.1,organic,ios,3,52.6,PROMO_1,0
663,2024-04-23,36.0,M,IN,premium,45.49,organic,ios,3,47.7,PROMO_27,0
664,2023-09-05,37.0,F,US,standard,20.9,paid_search,android,2,61.5,PROMO_1,0
665,2022-03-09,51.0,F,US,basic,9.94,social,ios,0,8.8,PROMO_1,0
666,2021-10-26,47.0,M,PK,basic,9.48,paid_search,android,0,35.3,PROMO_1,0
667,2022-07-17,42.0,F,PK,basic,8.7,referral,android,0,78.4,PROMO_1,0
668,2021-03-11,,M,PK,basic,9.43,organic,android,0,28.9,PROMO_52,0
669,2020-12-20,42.0,F,PK,basic,8.75,paid_search,android,1,44.7,PROMO_1,0
670,2023-12-11,22.0,F,US,standard,21.48,social,web,0,59.2,PROMO_14,0
671,2020-11-04,30.0,F,PK,basic,9.29,social,android,1,49.3,PROMO_7,0
672,2022-02-14,53.0,F,PK,standard,19.4,paid_search,web,1,37.3,PROMO_5,0
673,2022-01-15,51.0,F,AE,basic,9.09,paid_search,web,3,56.7,PROMO_1,0
674,2024-01-31,42.0,F,IN,basic,10.25,organic,android,5,62.5,PROMO_2,1
675,2022-02-03,18.0,F,PK,standard,16.82,social,,2,41.0,PROMO_1,0
676,2021-09-13,24.0,M,DE,premium,44.74,partner,web,4,56.1,PROMO_24,1
677,2022-04-01,30.0,M,AE,basic,8.87,referral,android,2,62.9,PROMO_48,0
678,2024-02-15,,F,UK,standard,16.86,social,ios,1,66.2,PROMO_1,0
679,2022-06-19,23.0,F,AE,basic,8.46,social,android,1,55.6,PROMO_10,0
680,2020-11-27,34.0,F,UK,basic,7.81,referral,ios,1,75.6,PROMO_1,0
681,2021-09-16,56.0,F,IN,standard,19.99,referral,web,0,50.7,PROMO_1,0
682,2023-12-04,41.0,M,PK,basic,8.25,organic,ios,1,35.3,PROMO_1,0
683,2020-10-25,39.0,F,US,basic,9.12,paid_search,android,0,46.7,PROMO_15,0
684,2020-10-26,26.0,Other,AE,basic,9.82,referral,ios,0,68.2,PROMO_1,0
685,2023-10-21,19.0,M,IN,basic,8.52,referral,ios,0,36.6,PROMO_1,0
686,2021-06-01,23.0,F,US,basic,8.81,social,ios,3,16.4,PROMO_5,0
687,2022-11-27,19.0,F,SE,basic,8.06,paid_search,,2,56.9,PROMO_2,0
688,2022-03-14,38.0,F,AE,premium,37.79,referral,android,0,43.3,PROMO_32,0
689,2022-10-05,41.0,F,AE,standard,22.91,organic,android,4,83.7,PROMO_1,0
690,2021-06-26,26.0,M,CA,basic,9.56,organic,android,1,54.0,PROMO_4,0
691,2020-09-04,39.0,F,DE,basic,8.81,paid_search,ios,3,68.6,PROMO_3,0
692,2021-06-09,53.0,F,UK,standard,18.07,social,web,0,42.6,PROMO_1,1
693,2020-12-03,59.0,F,DE,basic,8.97,paid_search,android,0,58.9,PROMO_1,0
694,2020-11-13,45.0,M,PK,standard,19.2,social,android,1,55.6,PROMO_1,0
695,2024-02-07,35.0,F,IN,standard,18.36,social,web,1,70.7,PROMO_11,0
696,2023-06-27,45.0,Other,CA,basic,9.38,organic,android,1,52.9,PROMO_1,0
697,2021-09-18,52.0,F,AE,basic,8.31,organic,web,0,42.1,PROMO_1,0
698,2022-03-19,18.0,F,PK,basic,8.31,social,web,3,65.6,PROMO_2,0
699,2024-04-02,53.0,F,PK,basic,9.27,partner,ios,0,39.3,PROMO_6,0
700,2024-01-31,31.0,M,PK,basic,8.16,referral,android,0,37.7,PROMO_64,0
701,2022-06-23,31.0,F,PK,premium,41.27,organic,ios,1,49.3,PROMO_9,0
702,2022-02-11,33.0,M,AE,basic,8.99,social,android,0,45.1,PROMO_2,0
703,2023-10-23,41.0,F,IN,standard,16.22,referral,android,2,50.3,PROMO_13,0
704,2023-10-18,25.0,F,AE,standard,19.17,organic,android,3,40.0,PROMO_1,0
705,2023-12-15,34.0,F,US,basic,7.79,social,android,0,66.8,PROMO_1,0
706,2022-04-23,43.0,M,SE,basic,9.5,paid_search,,4,66.6,PROMO_1,0
707,2024-05-31,,M,IN,basic,8.82,social,ios,0,62.5,PROMO_8,0
708,2022-04-13,41.0,M,AE,standard,21.81,organic,android,2,61.0,PROMO_6,0
709,2022-08-24,33.0,M,US,basic,9.77,paid_search,ios,1,22.3,PROMO_7,0
710,2022-09-06,45.0,F,AE,standard,17.39,paid_search,ios,1,51.7,PROMO_11,0
711,2021-11-16,49.0,M,US,premium,32.7,paid_search,android,2,62.9,PROMO_54,0
712,2022-06-20,48.0,F,PK,standard,17.85,organic,android,1,70.1,PROMO_2,0
713,2021-09-10,42.0,F,AE,premium,35.19,paid_search,ios,1,46.9,PROMO_1,0
714,2021-07-22,47.0,M,AE,standard,21.78,paid_search,web,0,69.6,PROMO_1,0
715,2020-12-19,47.0,F,US,premium,38.97,organic,android,1,54.6,PROMO_8,0
716,2021-06-04,66.0,F,IN,standard,20.42,paid_search,web,0,11.3,PROMO_1,0
717,2022-06-27,50.0,M,IN,standard,18.57,organic,ios,4,48.5,PROMO_3,1
718,2022-08-01,36.0,F,UK,standard,18.73,partner,ios,2,37.4,PROMO_1,0
719,2023-07-21,27.0,F,PK,premium,38.9,organic,android,1,40.8,PROMO_4,0
720,2022-03-06,34.0,M,PK,basic,9.8,social,ios,0,65.8,PROMO_12,0
721,2023-12-01,33.0,F,AE,standard,19.47,paid_search,,1,54.5,PROMO_10,0
722,2020-12-03,43.0,F,CA,standard,17.39,organic,android,0,42.2,PROMO_4,0
723,2021-04-01,29.0,F,UK,premium,44.06,referral,web,4,39.9,PROMO_150,0
724,2023-12-28,50.0,M,PK,basic,8.79,social,ios,1,56.6,PROMO_4,1
725,2021-06-22,22.0,M,PK,standard,18.31,social,android,0,47.2,PROMO_3,0
726,2024-01-01,19.0,M,PK,standard,14.7,organic,android,2,60.4,PROMO_1,0
727,2021-09-19,36.0,F,AE,premium,40.98,organic,android,2,37.6,PROMO_3,0
728,2024-02-10,28.0,F,US,basic,9.07,organic,web,1,44.3,PROMO_1,0
729,2022-08-07,23.0,F,PK,standard,19.15,paid_search,android,1,33.2,PROMO_3,0
730,2021-12-16,30.0,M,UK,standard,18.39,partner,ios,1,41.7,PROMO_24,0
731,2021-09-09,29.0,M,IN,premium,37.21,paid_search,ios,1,82.7,PROMO_17,0
732,2022-11-11,37.0,M,US,premium,37.85,paid_search,android,1,39.0,PROMO_20,1
733,2020-12-17,30.0,F,PK,standard,19.7,organic,android,1,42.9,PROMO_2,0
734,2021-07-08,31.0,M,UK,standard,19.97,paid_search,ios,0,37.6,PROMO_10,0
735,2023-08-28,37.0,F,IN,basic,8.83,organic,web,2,47.3,PROMO_1,0
736,2021-11-27,48.0,F,PK,premium,41.96,paid_search,,1,48.9,PROMO_7,0
737,2021-09-06,53.0,M,PK,basic,8.94,partner,android,0,68.3,PROMO_2,1
738,2023-03-08,39.0,M,UK,standard,18.23,social,android,0,43.9,PROMO_5,0
739,2021-08-27,39.0,M,US,standard,19.3,organic,android,2,51.7,PROMO_75,0
740,2021-01-18,35.0,F,IN,basic,8.02,organic,android,0,21.9,PROMO_1,1
741,2021-05-10,42.0,M,DE,basic,9.17,social,web,0,37.0,PROMO_2,0
742,2021-07-24,41.0,F,PK,basic,7.89,organic,android,2,66.3,PROMO_2,0
743,2022-01-17,52.0,F,IN,premium,35.79,referral,android,0,37.2,PROMO_23,0
744,2023-06-03,18.0,F,AE,standard,15.93,social,ios,2,61.5,PROMO_2,0
745,2021-06-09,34.0,F,US,basic,8.87,paid_search,android,2,36.1,PROMO_1,0
746,2023-01-25,41.0,M,PK,standard,21.45,social,ios,0,47.4,PROMO_1,0
747,2022-06-07,37.0,F,AE,basic,8.92,organic,android,1,75.7,PROMO_1,0
748,2023-04-04,27.0,F,IN,premium,41.01,organic,web,0,61.2,PROMO_1,0
749,2023-04-06,23.0,F,PK,basic,10.69,social,android,5,20.7,PROMO_3,0
750,2023-11-06,46.0,M,US,basic,9.29,organic,ios,2,98.3,PROMO_47,0
751,2020-10-23,29.0,M,IN,basic,8.45,organic,ios,2,34.4,PROMO_150,0
752,2023-11-20,18.0,M,US,standard,18.05,partner,android,1,78.0,PROMO_1,0
753,2024-02-12,46.0,F,PK,basic,9.0,referral,android,1,43.3,PROMO_3,0
754,2020-11-27,42.0,F,PK,standard,18.04,organic,ios,0,31.6,PROMO_150,0
755,2022-05-07,36.0,F,AE,basic,8.6,referral,web,2,43.2,PROMO_20,0
756,2022-10-15,27.0,M,DE,basic,9.71,organic,ios,2,40.2,PROMO_1,0
757,2021-08-28,36.0,F,PK,basic,9.74,referral,ios,1,41.8,PROMO_1,1
758,2022-12-30,50.0,M,PK,basic,7.81,paid_search,ios,0,50.9,PROMO_4,0
759,2023-12-17,19.0,M,UK,premium,36.45,paid_search,android,1,57.2,PROMO_119,0
760,2021-09-08,20.0,M,AE,basic,8.67,social,ios,1,71.3,PROMO_10,0
761,2023-10-12,30.0,M,PK,premium,40.87,organic,android,1,53.2,PROMO_1,0
762,2022-05-09,37.0,F,US,basic,9.82,partner,ios,2,51.2,PROMO_56,0
763,2020-11-09,32.0,F,UK,basic,10.95,organic,web,0,39.2,PROMO_1,0
764,2020-11-27,44.0,F,PK,basic,8.66,partner,ios,2,45.8,PROMO_1,0
765,2023-01-30,49.0,F,PK,basic,8.7,organic,ios,2,42.4,PROMO_1,0
766,2021-06-30,40.0,M,IN,standard,19.89,organic,ios,1,29.4,PROMO_1,0
767,2022-02-16,43.0,F,IN,standard,17.96,organic,android,2,88.3,PROMO_150,0
768,2022-08-19,40.0,M,US,basic,8.9,paid_search,ios,0,53.6,PROMO_3,0
769,2023-11-30,37.0,M,IN,standard,18.37,social,android,2,53.8,PROMO_1,0
770,2023-01-08,23.0,F,AE,standard,15.02,social,android,1,68.3,PROMO_1,0
771,2021-12-24,26.0,F,NZ,premium,39.38,referral,android,1,11.3,PROMO_11,0
772,2020-09-18,22.0,F,SE,premium,38.43,paid_search,ios,1,83.6,PROMO_2,0
773,2024-06-04,,F,AE,standard,20.93,paid_search,ios,1,37.1,PROMO_1,0
774,2021-09-24,40.0,M,US,standard,19.01,paid_search,web,1,36.7,PROMO_6,0
775,2021-03-31,21.0,M,PK,standard,17.09,social,android,4,41.9,PROMO_1,0
776,2020-11-06,38.0,M,UK,basic,8.81,partner,android,0,64.8,PROMO_1,0
777,2022-11-04,27.0,F,US,standard,15.82,paid_search,ios,0,82.2,PROMO_57,0
778,2023-12-30,25.0,M,AE,basic,8.13,paid_search,,1,74.6,PROMO_6,0
779,2023-06-03,30.0,M,PK,standard,19.97,paid_search,ios,0,42.8,PROMO_1,0
780,2021-03-25,25.0,Other,CA,premium,38.23,organic,android,0,23.0,PROMO_1,0
781,2021-02-15,44.0,M,SE,basic,9.66,social,android,0,43.8,PROMO_96,1
782,2022-01-13,,M,PK,standard,16.01,organic,ios,1,40.4,PROMO_3,0
783,2023-12-24,46.0,F,AE,premium,38.24,referral,,0,25.3,PROMO_23,0
784,2023-12-25,32.0,M,CA,basic,8.66,organic,android,4,58.7,PROMO_1,1
785,2022-08-21,33.0,F,UK,standard,20.45,organic,android,2,50.1,PROMO_1,0
786,2022-03-22,58.0,F,IN,premium,41.1,organic,android,2,57.5,PROMO_2,1
787,2024-04-27,19.0,F,UK,premium,41.0,paid_search,android,1,61.0,PROMO_1,0
788,2021-11-07,51.0,F,PK,basic,10.11,referral,web,1,60.3,PROMO_150,0
789,2022-05-21,55.0,F,US,basic,8.73,partner,ios,0,49.0,PROMO_1,0
790,2024-05-25,45.0,F,US,standard,21.03,paid_search,android,0,74.6,PROMO_1,1
791,2024-01-30,33.0,M,PK,basic,8.25,organic,android,1,42.6,PROMO_5,0
792,2022-09-23,53.0,M,CA,basic,8.22,social,android,0,40.4,PROMO_8,0
793,2021-09-17,33.0,M,AE,basic,9.54,social,android,2,46.5,PROMO_2,0
794,2021-04-28,29.0,M,US,basic,7.92,social,web,0,58.1,PROMO_1,0
795,2022-10-24,33.0,F,US,standard,19.87,paid_search,android,5,60.2,PROMO_1,0
796,2023-04-30,31.0,M,US,standard,19.15,social,web,0,44.9,PROMO_1,0
797,2020-10-13,27.0,M,US,standard,20.63,organic,web,0,45.2,PROMO_1,0
798,2022-09-17,49.0,F,UK,standard,18.91,organic,ios,1,69.6,PROMO_1,0
799,2023-04-02,28.0,Other,US,basic,9.04,partner,ios,1,30.4,PROMO_150,0
800,2022-10-09,37.0,M,CA,basic,9.37,organic,android,3,91.2,PROMO_150,0
801,2024-05-25,21.0,F,IN,basic,8.52,paid_search,web,0,45.5,PROMO_1,0
802,2023-04-21,37.0,M,UK,basic,8.49,organic,web,0,46.9,PROMO_5,0
803,2022-06-30,24.0,F,DE,basic,9.34,organic,ios,1,55.5,PROMO_1,0
804,2020-12-21,24.0,M,IN,basic,8.98,partner,android,2,58.0,PROMO_2,0
805,2021-08-27,36.0,M,PK,basic,8.71,organic,android,0,40.2,PROMO_150,0
806,2021-06-28,49.0,F,PK,basic,8.94,paid_search,android,0,55.1,PROMO_23,0
807,2022-05-21,42.0,M,PK,standard,21.42,referral,android,1,36.0,PROMO_1,1
808,2024-01-10,43.0,M,US,standard,18.33,organic,,2,41.0,PROMO_8,0
809,2022-12-19,36.0,F,US,premium,37.53,organic,web,1,25.9,PROMO_2,0
810,2020-09-04,33.0,M,UK,standard,16.4,paid_search,ios,1,52.1,PROMO_6,0
811,2024-04-11,46.0,M,US,standard,18.94,organic,ios,2,47.4,PROMO_1,0
812,2021-02-13,31.0,M,PK,basic,9.47,organic,ios,2,19.8,PROMO_7,0
813,2021-11-09,46.0,M,US,standard,20.27,social,ios,1,39.8,PROMO_2,0
814,2023-05-16,51.0,F,PK,basic,9.08,organic,android,2,49.6,PROMO_1,0
815,2021-07-03,28.0,F,UK,basic,9.69,social,,2,62.9,PROMO_2,0
816,2021-04-13,29.0,M,PK,basic,9.53,partner,android,0,30.8,PROMO_2,0
817,2024-04-12,31.0,F,PK,basic,9.8,organic,web,0,45.5,PROMO_1,1
818,2024-01-16,21.0,F,PK,basic,9.71,organic,android,2,33.5,PROMO_1,0
819,2021-12-05,32.0,M,DE,standard,21.39,organic,,1,60.9,PROMO_3,0
820,2020-09-01,51.0,M,PK,standard,18.74,organic,ios,1,40.0,PROMO_1,0
821,2024-05-08,25.0,M,AE,standard,16.98,paid_search,android,0,57.8,PROMO_1,1
822,2021-12-05,52.0,M,CA,standard,20.01,paid_search,android,0,44.6,PROMO_3,0
823,2023-12-05,32.0,M,US,standard,20.19,organic,android,3,24.4,PROMO_4,0
824,2021-12-26,60.0,M,PK,basic,10.13,paid_search,ios,1,49.0,PROMO_1,0
825,2022-02-01,30.0,F,AE,standard,20.95,organic,android,2,32.2,PROMO_2,0
826,2024-02-07,35.0,F,PK,standard,21.96,social,ios,0,66.8,PROMO_2,0
827,2021-11-14,27.0,F,CA,basic,9.45,paid_search,web,3,77.3,PROMO_1,0
828,2021-01-20,29.0,F,DE,basic,9.16,social,ios,2,59.6,PROMO_149,0
829,2021-03-07,52.0,F,US,premium,34.68,social,web,2,40.4,PROMO_1,1
830,2024-05-01,42.0,M,PK,standard,19.47,paid_search,android,1,50.3,PROMO_1,0
831,2023-07-07,48.0,M,DE,basic,8.6,social,android,2,54.4,PROMO_3,0
832,2023-07-14,23.0,M,UK,standard,19.32,organic,android,2,66.3,PROMO_32,1
833,2022-09-24,44.0,F,PK,basic,9.04,social,web,1,47.2,PROMO_3,1
834,2023-11-26,26.0,F,DE,basic,9.34,paid_search,ios,0,56.1,PROMO_7,0
835,2021-03-20,22.0,F,US,basic,8.93,paid_search,web,1,24.8,PROMO_6,0
836,2021-07-05,40.0,F,IN,basic,9.67,paid_search,ios,2,53.6,PROMO_2,1
837,2021-05-22,40.0,F,CA,standard,14.86,social,android,0,37.1,PROMO_15,0
838,2023-09-11,38.0,Other,PK,basic,9.14,social,android,1,50.6,PROMO_3,1
839,2024-05-21,45.0,F,PK,standard,20.83,organic,,1,34.4,PROMO_1,0
840,2021-01-01,47.0,M,US,basic,10.35,paid_search,android,0,56.2,PROMO_1,1
841,2023-05-09,53.0,F,CA,standard,20.11,organic,ios,0,59.6,PROMO_150,0
842,2021-12-18,24.0,M,PK,standard,21.56,organic,web,1,46.5,PROMO_1,0
843,2021-01-02,54.0,M,US,standard,19.26,organic,,0,37.0,PROMO_27,0
844,2024-04-22,58.0,M,AE,standard,19.0,social,ios,2,58.6,PROMO_3,0
845,2024-06-03,33.0,F,PK,premium,40.65,social,ios,2,73.4,PROMO_150,0
846,2024-06-03,19.0,M,PK,standard,19.0,referral,android,1,78.8,PROMO_11,0
847,2023-11-08,22.0,F,DE,standard,17.81,paid_search,android,1,55.9,PROMO_3,1
848,2024-03-31,32.0,M,UK,standard,18.22,social,ios,2,54.2,PROMO_1,0
849,2021-05-06,59.0,F,UK,basic,8.2,referral,ios,1,30.3,PROMO_2,0
850,2022-02-25,37.0,M,PK,basic,9.38,organic,,2,69.7,PROMO_1,0
851,2020-09-27,30.0,M,UK,basic,9.01,social,android,3,15.2,PROMO_1,0
852,2021-05-31,29.0,M,UK,basic,8.74,paid_search,android,3,67.9,PROMO_1,0
853,2020-10-20,22.0,M,US,basic,8.59,organic,ios,1,50.4,PROMO_7,0
854,2023-07-17,47.0,F,SE,basic,9.36,partner,android,1,13.5,PROMO_5,0
855,2023-05-10,36.0,M,PK,standard,20.19,organic,ios,0,55.0,PROMO_1,0
856,2021-03-26,60.0,F,US,basic,8.19,partner,android,1,47.7,PROMO_2,0
857,2023-07-09,44.0,F,IN,standard,17.04,referral,ios,2,43.3,PROMO_30,0
858,2024-03-24,46.0,F,PK,basic,9.69,referral,android,2,46.0,PROMO_1,0
859,2021-11-30,34.0,F,IN,standard,16.91,social,android,2,49.7,PROMO_28,0
860,2021-06-01,25.0,F,US,basic,9.39,social,ios,0,49.7,PROMO_8,0
861,2020-10-13,27.0,M,PK,basic,10.16,paid_search,ios,0,27.9,PROMO_1,0
862,2020-12-08,22.0,F,PK,basic,10.17,paid_search,web,0,56.0,PROMO_4,0
863,2023-12-28,47.0,M,US,standard,20.12,referral,web,1,44.3,PROMO_1,0
864,2021-07-11,33.0,F,IN,basic,9.51,paid_search,ios,1,73.8,PROMO_1,0
865,2021-03-31,47.0,M,IN,premium,46.03,paid_search,ios,3,62.9,PROMO_1,1
866,2021-10-21,38.0,F,UK,basic,7.32,partner,ios,1,64.6,PROMO_1,0
867,2021-05-06,34.0,F,PK,standard,18.29,paid_search,ios,1,77.9,PROMO_4,0
868,2021-04-11,24.0,M,US,basic,9.61,referral,android,1,61.0,PROMO_17,0
869,2022-10-03,40.0,M,US,standard,18.49,organic,ios,0,47.8,PROMO_143,0
870,2024-04-16,35.0,Other,PK,basic,9.89,organic,web,0,11.6,PROMO_1,1
871,2022-09-20,47.0,F,PK,basic,8.97,social,android,2,53.6,PROMO_1,1
872,2023-09-06,29.0,M,US,basic,9.09,paid_search,android,1,76.0,PROMO_17,0
873,2024-01-06,44.0,M,US,basic,8.8,referral,android,1,63.4,PROMO_1,0
874,2023-12-21,55.0,M,DE,basic,8.62,organic,android,0,42.4,PROMO_150,0
875,2021-10-22,40.0,F,US,premium,37.29,organic,ios,1,50.9,PROMO_1,0
876,2022-07-15,46.0,F,PK,basic,9.2,referral,android,0,41.7,PROMO_4,0
877,2022-05-28,43.0,F,PK,basic,8.44,paid_search,ios,0,54.6,PROMO_1,0
878,2021-08-17,58.0,M,AE,premium,41.97,paid_search,web,0,42.3,PROMO_1,0
879,2022-05-16,41.0,F,AE,basic,9.47,organic,android,1,71.6,PROMO_1,0
880,2022-01-23,,F,PK,basic,9.79,partner,ios,2,51.8,PROMO_5,0
881,2024-02-13,37.0,M,IN,standard,17.28,partner,ios,0,53.9,PROMO_1,0
882,2021-03-24,28.0,M,AE,premium,33.7,paid_search,ios,2,37.6,PROMO_1,0
883,2022-09-30,24.0,M,PK,standard,18.99,organic,android,2,43.7,PROMO_6,0
884,2023-11-09,51.0,M,PK,basic,11.09,partner,web,4,32.7,PROMO_1,0
885,2021-05-15,26.0,F,SE,premium,42.95,referral,android,1,71.3,PROMO_4,1
886,2021-09-01,45.0,M,US,basic,8.6,paid_search,android,2,42.3,PROMO_7,0
887,2024-03-29,42.0,F,PK,premium,40.32,social,android,0,52.4,PROMO_2,0
888,2023-09-18,47.0,F,UK,standard,20.11,paid_search,web,3,26.8,PROMO_5,0
889,2024-05-20,,F,PK,premium,34.73,organic,android,1,31.5,PROMO_24,0
890,2023-06-03,28.0,F,CA,basic,9.99,social,android,1,46.2,PROMO_1,0
891,2024-01-25,41.0,M,CA,basic,8.88,social,ios,1,45.3,PROMO_43,1
892,2021-10-05,34.0,M,CA,standard,18.86,paid_search,ios,3,53.7,PROMO_1,0
893,2022-06-20,23.0,F,AE,standard,19.04,referral,ios,1,80.2,PROMO_28,0
894,2020-09-27,58.0,F,AE,standard,20.74,paid_search,,1,19.7,PROMO_1,0
895,2021-08-11,28.0,F,US,premium,36.64,referral,ios,1,64.7,PROMO_4,0
896,2022-02-18,26.0,F,IN,standard,16.41,organic,android,0,57.5,PROMO_1,0
897,2022-07-09,34.0,M,PK,basic,9.23,partner,android,3,40.7,PROMO_5,0
898,2024-03-27,51.0,M,PK,basic,7.53,organic,android,0,43.5,PROMO_5,0
899,2024-03-06,18.0,F,NZ,basic,8.78,organic,ios,2,66.8,PROMO_1,0
900,2022-02-11,50.0,F,SE,basic,9.85,social,android,2,49.1,PROMO_2,0
901,2024-06-04,27.0,M,UK,basic,9.42,organic,,1,45.2,PROMO_1,0
902,2024-04-13,40.0,M,US,standard,20.58,organic,android,4,34.3,PROMO_1,0
903,2023-08-13,30.0,M,PK,standard,19.94,social,android,1,37.5,PROMO_1,0
904,2021-02-06,59.0,F,AE,standard,22.66,paid_search,android,1,31.8,PROMO_1,0
905,2022-09-16,38.0,M,PK,basic,8.58,referral,android,1,63.3,PROMO_22,0
906,2021-10-05,29.0,F,US,standard,19.61,organic,web,2,38.2,PROMO_1,0
907,2022-11-21,34.0,M,US,standard,18.33,paid_search,android,2,32.1,PROMO_1,0
908,2023-10-16,38.0,F,IN,premium,41.99,paid_search,ios,0,52.6,PROMO_1,0
909,2023-01-15,39.0,M,SE,standard,18.91,paid_search,android,2,37.8,PROMO_2,0
910,2024-02-05,42.0,F,SE,standard,21.61,paid_search,android,0,73.2,PROMO_11,0
911,2021-07-14,37.0,M,CA,standard,18.19,paid_search,android,0,50.6,PROMO_1,0
912,2023-10-01,22.0,F,PK,basic,10.01,paid_search,android,2,53.1,PROMO_2,0
913,2023-01-08,33.0,M,PK,premium,40.85,organic,ios,0,53.1,PROMO_2,0
914,2020-09-27,44.0,F,US,basic,8.98,social,android,2,58.6,PROMO_11,0
915,2022-03-17,30.0,M,PK,basic,9.39,paid_search,web,2,60.7,PROMO_14,0
916,2022-09-17,44.0,F,AE,basic,9.19,paid_search,ios,1,50.4,PROMO_2,0
917,2022-05-23,,M,US,standard,19.54,organic,android,2,34.8,PROMO_1,0
918,2021-06-24,35.0,M,IN,standard,18.69,referral,web,1,47.7,PROMO_1,0
919,2023-06-25,50.0,F,US,standard,17.93,organic,android,2,50.9,PROMO_13,0
920,2022-01-14,18.0,F,US,basic,8.76,partner,ios,1,25.5,PROMO_17,0
921,2021-02-22,30.0,F,DE,basic,7.79,organic,android,0,18.4,PROMO_5,0
922,2022-04-13,51.0,F,UK,premium,41.63,partner,ios,2,31.8,PROMO_1,0
923,2022-10-03,57.0,M,PK,basic,8.11,paid_search,android,1,20.7,PROMO_150,1
924,2023-11-23,62.0,F,AE,premium,38.32,paid_search,web,2,42.7,PROMO_2,0
925,2023-07-04,38.0,F,UK,basic,9.47,organic,android,1,38.4,PROMO_9,0
926,2020-11-13,42.0,F,PK,standard,20.28,partner,ios,0,51.3,PROMO_2,0
927,2022-05-26,46.0,F,US,standard,16.3,organic,web,1,60.6,PROMO_1,0
928,2023-04-22,51.0,F,IN,standard,18.86,social,android,0,54.3,PROMO_1,0
929,2022-11-11,40.0,M,PK,basic,9.33,organic,web,1,56.5,PROMO_1,0
930,2022-04-05,47.0,F,US,premium,39.16,social,ios,1,64.2,PROMO_2,0
931,2022-05-31,42.0,M,PK,standard,21.04,social,ios,1,45.1,PROMO_1,0
932,2021-10-19,43.0,M,UK,standard,17.75,paid_search,ios,0,10.9,PROMO_1,0
933,2023-06-21,27.0,F,SE,standard,15.89,social,web,1,23.8,PROMO_141,0
934,2021-12-28,33.0,M,US,basic,9.58,referral,web,1,57.5,PROMO_150,1
935,2022-10-09,31.0,M,CA,basic,8.61,paid_search,android,0,52.9,PROMO_1,0
936,2020-11-20,24.0,M,CA,basic,7.73,organic,ios,3,60.4,PROMO_2,0
937,2023-11-06,19.0,F,PK,basic,8.89,paid_search,web,2,92.6,PROMO_2,0
938,2023-11-19,32.0,M,DE,standard,20.87,social,,0,53.3,PROMO_1,0
939,2022-09-12,34.0,F,NZ,basic,8.09,organic,web,0,48.6,PROMO_1,0
940,2022-07-10,38.0,M,SE,basic,10.68,social,ios,1,55.2,PROMO_1,0
941,2021-10-31,43.0,F,AE,basic,8.4,organic,,1,32.1,PROMO_1,0
942,2022-12-01,39.0,F,PK,basic,9.06,partner,web,1,61.3,PROMO_7,0
943,2020-12-28,34.0,M,PK,basic,8.12,social,ios,1,47.4,PROMO_1,1
944,2022-08-26,27.0,F,PK,standard,19.06,paid_search,,0,75.2,PROMO_2,0
945,2023-12-15,47.0,F,AE,basic,8.9,referral,android,0,26.0,PROMO_1,0
946,2023-12-29,36.0,M,US,premium,34.35,referral,android,3,50.1,PROMO_18,0
947,2020-10-06,32.0,F,AE,basic,11.03,organic,ios,0,40.6,PROMO_135,0
948,2023-12-08,35.0,F,CA,basic,8.64,paid_search,ios,1,34.0,PROMO_1,0
949,2020-11-10,29.0,F,PK,premium,37.46,paid_search,web,4,59.3,PROMO_1,0
950,2023-05-24,31.0,M,IN,basic,9.7,paid_search,android,1,45.2,PROMO_2,0
951,2024-02-03,31.0,M,PK,basic,10.31,paid_search,android,2,70.0,PROMO_1,0
952,2023-04-17,34.0,M,PK,premium,42.51,paid_search,android,1,42.0,PROMO_32,0
953,2022-02-13,44.0,M,CA,premium,35.25,organic,ios,0,44.1,PROMO_2,0
954,2022-10-29,41.0,M,PK,standard,19.33,organic,web,1,80.2,PROMO_1,0
955,2021-06-22,54.0,M,PK,basic,7.65,organic,,1,29.7,PROMO_1,0
956,2022-02-18,50.0,M,SE,standard,20.37,organic,android,0,38.2,PROMO_2,0
957,2022-12-05,59.0,M,IN,premium,33.9,paid_search,ios,1,3.7,PROMO_1,0
958,2022-01-17,43.0,M,CA,premium,36.49,organic,ios,1,43.3,PROMO_28,0
959,2020-10-09,43.0,F,PK,basic,9.0,organic,web,1,60.4,PROMO_1,0
960,2022-11-20,32.0,F,PK,basic,9.32,referral,ios,2,56.1,PROMO_43,0
961,2023-11-12,46.0,F,PK,basic,8.81,social,ios,1,52.2,PROMO_1,0
962,2022-11-24,30.0,M,PK,basic,10.09,referral,ios,1,36.9,PROMO_1,0
963,2021-04-08,21.0,Other,SE,standard,20.1,partner,android,3,47.1,PROMO_1,0
964,2023-08-15,54.0,M,PK,basic,9.46,social,ios,0,44.0,PROMO_1,0
965,2020-11-09,23.0,M,DE,basic,8.11,referral,ios,2,49.9,PROMO_3,0
966,2022-03-22,42.0,M,PK,basic,10.22,organic,web,0,52.6,PROMO_1,0
967,2022-03-03,27.0,M,UK,basic,8.42,social,android,2,44.7,PROMO_6,1
968,2023-03-31,49.0,M,PK,basic,10.25,paid_search,web,0,50.4,PROMO_2,0
969,2020-12-18,51.0,F,PK,basic,10.46,social,android,0,48.5,PROMO_4,0
970,2024-04-22,43.0,M,PK,basic,9.37,organic,ios,0,39.9,PROMO_1,0
971,2023-04-25,51.0,F,IN,premium,42.22,partner,web,0,51.2,PROMO_1,0
972,2022-11-11,37.0,F,AE,basic,6.78,paid_search,android,1,30.8,PROMO_1,1
973,2022-08-22,62.0,F,AE,standard,18.7,referral,ios,1,52.7,PROMO_6,0
974,2022-08-26,45.0,F,PK,basic,9.79,partner,ios,1,33.3,PROMO_2,0
975,2023-11-19,27.0,F,DE,basic,9.67,referral,web,0,49.6,PROMO_1,0
976,2023-08-04,38.0,F,AE,basic,8.12,paid_search,android,3,57.0,PROMO_103,0
977,2024-01-31,35.0,M,US,basic,8.79,paid_search,web,2,36.1,PROMO_16,1
978,2022-04-13,34.0,F,AE,basic,7.17,social,web,1,65.5,PROMO_2,0
979,2023-02-12,19.0,M,IN,basic,9.3,paid_search,ios,0,76.8,PROMO_51,0
980,2022-04-22,41.0,F,SE,standard,16.14,paid_search,android,0,40.2,PROMO_3,0
981,2022-03-20,22.0,Other,NZ,basic,9.81,social,ios,0,47.8,PROMO_1,0
982,2021-10-16,18.0,M,US,basic,9.85,partner,android,2,68.2,PROMO_1,0
983,2022-05-18,33.0,M,PK,standard,18.28,paid_search,ios,0,23.0,PROMO_2,1
984,2021-12-29,29.0,M,PK,basic,9.38,organic,android,1,50.5,PROMO_150,0
985,2022-03-23,28.0,M,PK,basic,8.84,social,android,3,45.5,PROMO_13,0
986,2021-12-23,18.0,F,US,basic,9.17,social,android,2,63.5,PROMO_11,0
987,2022-02-11,28.0,F,US,basic,8.17,partner,ios,1,46.3,PROMO_2,0
988,2023-04-01,35.0,M,AE,basic,9.45,social,ios,0,56.8,PROMO_27,0
989,2023-07-07,30.0,F,UK,premium,33.88,paid_search,ios,1,37.7,PROMO_1,0
990,2021-06-20,41.0,F,AE,premium,33.29,social,android,0,64.3,PROMO_2,0
991,2023-02-24,52.0,M,SE,premium,38.62,referral,android,1,33.2,PROMO_1,0
992,2022-05-15,43.0,F,PK,basic,8.85,paid_search,android,3,63.1,PROMO_2,0
993,2023-09-13,48.0,M,PK,basic,9.2,organic,ios,1,51.1,PROMO_1,1
994,2022-10-24,49.0,F,AE,basic,8.53,social,android,1,14.7,PROMO_5,0
995,2022-06-11,,F,UK,basic,10.36,organic,ios,1,50.9,PROMO_16,0
996,2022-01-29,42.0,F,US,basic,9.12,partner,android,2,59.1,PROMO_3,0
997,2022-06-15,48.0,M,IN,basic,9.17,organic,web,1,31.6,PROMO_1,0
998,2023-01-30,32.0,M,PK,basic,9.14,paid_search,android,0,37.3,PROMO_1,0
999,2020-10-22,28.0,M,UK,basic,9.72,partner,android,2,51.3,PROMO_13,0
1000,2022-07-04,43.0,F,IN,basic,9.41,organic,android,1,42.3,PROMO_1,1
1001,2021-05-22,21.0,F,US,standard,19.67,organic,android,1,54.9,PROMO_1,0
1002,2021-08-29,25.0,M,UK,basic,9.53,organic,android,1,46.9,PROMO_1,0
1003,2022-05-02,30.0,F,PK,premium,33.31,partner,ios,1,30.2,PROMO_62,0
1004,2021-02-03,42.0,F,US,basic,7.71,partner,ios,1,84.9,PROMO_32,0
1005,2023-12-16,39.0,F,PK,standard,18.88,paid_search,android,0,44.9,PROMO_2,0
1006,2020-12-17,48.0,M,UK,basic,8.86,social,web,0,51.9,PROMO_1,0
1007,2021-03-25,27.0,F,UK,basic,9.42,social,android,1,76.6,PROMO_6,0
1008,2022-07-16,26.0,F,SE,basic,9.01,organic,ios,1,62.9,PROMO_4,0
1009,2021-09-02,43.0,Other,AE,basic,9.42,organic,android,1,58.2,PROMO_1,0
1010,2022-06-24,28.0,M,PK,standard,17.11,referral,android,0,65.9,PROMO_2,0
1011,2023-06-06,30.0,M,CA,basic,8.99,organic,ios,2,58.3,PROMO_48,0
1012,2021-06-03,18.0,M,US,basic,8.03,paid_search,,3,58.3,PROMO_2,0
1013,2023-07-07,40.0,M,DE,premium,40.21,organic,android,1,58.5,PROMO_150,0
1014,2023-04-04,54.0,M,PK,basic,7.65,social,ios,2,47.5,PROMO_1,0
1015,2022-06-25,26.0,M,DE,standard,19.53,organic,ios,1,66.1,PROMO_1,0
1016,2021-04-12,48.0,F,IN,standard,16.77,organic,web,0,60.1,PROMO_1,0
1017,2022-12-29,36.0,F,PK,basic,8.72,organic,ios,1,15.5,PROMO_1,1
1018,2022-07-30,18.0,M,UK,basic,9.64,partner,android,3,62.8,PROMO_1,0
1019,2024-04-14,27.0,M,UK,basic,9.16,organic,ios,0,38.1,PROMO_2,1
1020,2024-01-03,26.0,F,PK,standard,16.5,paid_search,web,0,53.6,PROMO_1,0
1021,2024-03-25,34.0,M,US,basic,8.52,paid_search,android,2,24.9,PROMO_4,0
1022,2024-03-03,42.0,M,AE,basic,7.92,paid_search,android,0,41.3,PROMO_1,0
1023,2021-02-28,57.0,F,PK,basic,7.78,referral,ios,1,44.5,PROMO_12,0
1024,2021-04-06,21.0,M,PK,premium,39.37,paid_search,ios,1,58.0,PROMO_3,0
1025,2021-05-03,32.0,F,DE,standard,19.85,social,android,0,41.2,PROMO_2,0
1026,2024-03-26,27.0,M,AE,premium,40.37,paid_search,ios,1,17.5,PROMO_150,0
1027,2024-02-24,23.0,Other,PK,standard,19.92,referral,android,2,42.6,PROMO_2,0
1028,2023-05-20,38.0,M,SE,standard,18.98,referral,android,0,44.3,PROMO_1,0
1029,2022-04-22,37.0,M,IN,basic,8.8,organic,ios,1,59.5,PROMO_3,0
1030,2023-03-07,18.0,M,SE,premium,35.65,referral,android,2,52.2,PROMO_98,0
1031,2022-08-08,37.0,F,UK,standard,18.33,referral,android,5,38.5,PROMO_1,0
1032,2023-10-16,24.0,M,PK,basic,8.05,partner,ios,2,54.2,PROMO_2,0
1033,2021-09-06,37.0,F,PK,standard,17.72,partner,android,1,77.5,PROMO_3,0
1034,2023-04-04,51.0,M,IN,standard,19.14,social,,0,67.6,PROMO_1,0
1035,2024-03-11,42.0,M,IN,basic,8.92,paid_search,web,2,21.4,PROMO_1,1
1036,2021-08-21,39.0,M,DE,basic,11.21,organic,ios,2,87.1,PROMO_1,0
1037,2021-01-12,31.0,F,UK,basic,8.03,referral,ios,0,67.8,PROMO_2,0
1038,2024-05-21,38.0,F,US,standard,18.81,partner,web,0,73.8,PROMO_10,0
1039,2022-10-17,43.0,F,DE,basic,7.97,organic,ios,3,27.2,PROMO_17,0
1040,2021-04-26,42.0,F,PK,standard,18.41,social,ios,1,43.8,PROMO_3,0
1041,2021-10-10,36.0,F,UK,basic,8.75,organic,android,0,58.8,PROMO_4,0
1042,2021-03-16,39.0,F,AE,standard,20.28,organic,web,3,33.2,PROMO_1,0
1043,2022-11-16,23.0,M,DE,basic,8.68,paid_search,android,4,57.9,PROMO_1,0
1044,2023-01-14,29.0,F,US,premium,38.4,paid_search,android,2,74.5,PROMO_104,0
1045,2021-10-06,45.0,M,DE,basic,8.69,social,ios,1,45.0,PROMO_1,1
1046,2023-11-12,46.0,F,PK,basic,7.99,organic,android,2,75.6,PROMO_1,1
1047,2023-07-16,38.0,M,PK,basic,8.53,social,android,2,60.5,PROMO_4,1
1048,2022-03-04,53.0,M,PK,basic,8.73,social,ios,1,22.1,PROMO_1,0
1049,2021-12-01,43.0,M,US,basic,9.05,referral,android,2,37.0,PROMO_1,0
1050,2023-12-28,34.0,M,US,standard,19.85,organic,web,0,66.6,PROMO_2,0
1051,2022-07-10,24.0,M,US,premium,38.27,paid_search,web,0,34.5,PROMO_1,0
1052,2023-01-24,53.0,F,US,standard,18.62,social,ios,1,66.2,PROMO_1,0
1053,2022-07-19,45.0,M,US,standard,16.38,social,android,1,59.2,PROMO_11,1
1054,2020-10-27,57.0,F,US,basic,9.39,paid_search,ios,2,54.7,PROMO_2,0
1055,2024-02-26,61.0,M,DE,standard,17.94,paid_search,android,2,41.3,PROMO_1,0
1056,2020-09-06,23.0,M,PK,standard,20.14,partner,ios,1,54.5,PROMO_1,0
1057,2022-09-29,23.0,F,US,basic,9.95,paid_search,android,0,75.2,PROMO_150,0
1058,2021-07-11,18.0,M,PK,premium,38.41,organic,ios,1,44.1,PROMO_1,0
1059,2022-11-03,47.0,F,PK,basic,8.26,partner,android,2,59.2,PROMO_4,0
1060,2023-04-08,44.0,M,AE,standard,18.97,referral,web,2,80.1,PROMO_12,0
1061,2021-07-13,38.0,M,IN,premium,40.09,organic,android,1,53.9,PROMO_4,0
1062,2021-11-05,24.0,M,US,standard,18.52,referral,android,1,42.6,PROMO_2,0
1063,2023-11-25,36.0,M,US,basic,8.59,organic,,0,42.5,PROMO_150,0
1064,2021-10-11,39.0,F,PK,standard,19.86,referral,ios,0,18.7,PROMO_10,1
1065,2021-08-06,46.0,M,PK,basic,9.36,social,web,1,31.8,PROMO_1,0
1066,2022-12-23,40.0,M,IN,standard,18.47,paid_search,android,0,55.1,PROMO_5,0
1067,2020-12-11,44.0,F,UK,basic,7.81,partner,android,2,64.5,PROMO_1,0
1068,2022-01-08,36.0,F,DE,standard,19.69,referral,android,1,43.6,PROMO_5,0
1069,2023-03-08,50.0,F,IN,premium,36.61,organic,ios,0,64.4,PROMO_1,0
1070,2024-05-27,44.0,M,UK,basic,9.15,social,ios,3,63.4,PROMO_12,0
1071,2021-11-22,24.0,M,PK,basic,9.11,referral,web,1,38.4,PROMO_1,0
1072,2023-08-27,52.0,F,DE,standard,16.13,paid_search,web,1,41.1,PROMO_1,1
1073,2021-08-01,50.0,F,DE,basic,9.06,organic,android,2,29.8,PROMO_1,0
1074,2022-06-17,42.0,F,US,basic,9.37,organic,web,3,61.2,PROMO_22,0
1075,2022-09-05,40.0,F,AE,basic,9.46,partner,web,0,50.1,PROMO_2,0
1076,2023-10-29,55.0,F,US,basic,9.08,paid_search,ios,1,63.3,PROMO_2,1
1077,2021-10-03,19.0,M,US,standard,15.99,paid_search,android,2,49.1,PROMO_2,0
1078,2023-10-26,51.0,F,AE,standard,20.94,social,ios,0,35.9,PROMO_7,0
1079,2022-11-12,32.0,M,PK,basic,9.3,organic,ios,1,61.7,PROMO_1,0
1080,2021-04-13,49.0,F,US,basic,8.13,organic,android,2,20.3,PROMO_1,0
1081,2020-12-18,38.0,M,US,basic,8.43,organic,android,1,44.9,PROMO_1,0
1082,2020-09-14,23.0,F,AE,basic,9.17,organic,ios,0,38.4,PROMO_1,0
1083,2020-10-27,32.0,F,IN,standard,20.03,referral,ios,2,72.9,PROMO_5,0
1084,2022-05-05,48.0,F,AE,basic,8.65,organic,android,0,76.2,PROMO_1,0
1085,2023-09-08,35.0,M,DE,standard,20.25,organic,web,1,56.3,PROMO_6,0
1086,2021-04-10,30.0,M,PK,premium,33.41,paid_search,android,0,41.3,PROMO_1,0
1087,2021-05-31,30.0,F,UK,standard,17.42,referral,android,0,75.8,PROMO_2,0
1088,2020-09-13,,M,PK,standard,15.86,organic,android,0,39.5,PROMO_3,0
1089,2021-12-25,56.0,M,US,basic,8.35,organic,ios,2,29.2,PROMO_9,0
1090,2023-11-28,18.0,F,AE,basic,10.09,social,android,0,20.2,PROMO_5,1
1091,2022-07-17,68.0,M,PK,basic,10.48,paid_search,ios,2,51.5,PROMO_16,0
1092,2022-10-01,39.0,F,IN,standard,19.36,social,android,3,24.3,PROMO_1,0
1093,2021-04-04,43.0,M,US,standard,18.03,organic,android,0,71.3,PROMO_62,0
1094,2022-12-17,32.0,M,AE,basic,8.84,referral,android,3,41.3,PROMO_3,0
1095,2023-03-15,37.0,F,US,basic,9.34,social,android,1,30.7,PROMO_13,0
1096,2024-02-21,39.0,M,DE,basic,7.87,referral,android,0,66.7,PROMO_1,0
1097,2021-04-15,25.0,F,UK,standard,18.13,partner,android,3,63.1,PROMO_1,0
1098,2021-08-03,28.0,M,PK,standard,21.18,social,ios,0,75.0,PROMO_4,0
1099,2024-04-15,50.0,M,IN,standard,17.41,organic,ios,1,24.5,PROMO_1,0
1100,2022-10-21,20.0,M,AE,premium,36.66,social,web,2,21.3,PROMO_2,0
1101,2022-08-18,42.0,F,US,basic,9.01,social,,1,73.4,PROMO_1,0
1102,2022-09-02,33.0,F,AE,standard,19.43,organic,android,1,7.9,PROMO_6,0
1103,2020-12-20,26.0,M,PK,standard,18.05,organic,ios,1,31.8,PROMO_3,0
1104,2023-11-16,59.0,M,DE,basic,9.06,organic,android,1,50.8,PROMO_8,0
1105,2023-04-15,,M,US,premium,40.9,partner,ios,3,30.1,PROMO_1,0
1106,2023-10-05,25.0,F,CA,basic,10.41,referral,android,1,53.2,PROMO_4,0
1107,2023-07-10,35.0,M,PK,standard,18.81,social,web,1,32.8,PROMO_99,0
1108,2021-01-06,29.0,M,CA,standard,18.94,referral,ios,1,69.4,PROMO_4,0
1109,2020-11-20,37.0,M,IN,premium,43.77,social,web,0,60.8,PROMO_2,0
1110,2024-04-10,39.0,F,NZ,standard,18.17,referral,ios,2,54.1,PROMO_4,0
1111,2022-01-20,40.0,F,DE,basic,8.05,organic,android,0,44.7,PROMO_1,1
1112,2023-07-25,36.0,F,DE,standard,19.38,organic,android,1,34.5,PROMO_3,0
1113,2023-09-19,29.0,M,UK,standard,20.64,social,android,1,48.0,PROMO_31,0
1114,2023-05-04,44.0,M,PK,standard,19.55,referral,ios,1,31.5,PROMO_1,0
1115,2023-09-16,36.0,M,UK,standard,18.85,referral,web,0,78.8,PROMO_6,0
1116,2022-08-04,32.0,F,UK,basic,7.96,partner,,1,54.8,PROMO_1,0
1117,2020-09-06,53.0,M,PK,standard,18.91,referral,ios,1,36.9,PROMO_150,0
1118,2022-03-24,36.0,M,AE,premium,42.85,organic,android,1,73.5,PROMO_7,0
1119,2021-09-16,49.0,F,PK,basic,8.11,organic,ios,0,49.3,PROMO_10,0
1120,2022-07-31,50.0,F,UK,basic,8.82,paid_search,web,4,71.0,PROMO_1,0
1121,2024-05-22,51.0,F,US,premium,37.79,social,,3,70.5,PROMO_1,0
1122,2024-02-15,45.0,M,IN,standard,17.94,paid_search,android,1,56.5,PROMO_1,0
1123,2023-06-05,37.0,F,PK,premium,39.77,organic,ios,0,31.0,PROMO_5,0
1124,2023-07-10,36.0,F,PK,basic,9.32,paid_search,android,3,41.3,PROMO_9,1
1125,2021-04-08,34.0,M,UK,premium,40.35,referral,android,1,103.8,PROMO_1,0
1126,2021-04-03,18.0,M,US,basic,8.3,organic,android,1,41.7,PROMO_7,1
1127,2021-03-20,45.0,M,PK,standard,16.5,social,ios,0,46.1,PROMO_18,0
1128,2022-01-13,40.0,M,AE,basic,9.19,organic,,1,42.9,PROMO_1,0
1129,2022-05-05,46.0,M,IN,standard,18.23,social,web,1,35.9,PROMO_2,1
1130,2021-12-28,36.0,M,DE,premium,44.74,social,ios,2,60.6,PROMO_8,0
1131,2022-11-27,44.0,M,PK,standard,21.86,organic,ios,0,29.9,PROMO_1,0
1132,2021-11-29,22.0,F,PK,standard,22.03,social,ios,1,37.5,PROMO_1,0
1133,2021-06-10,24.0,M,UK,basic,8.32,social,ios,1,54.6,PROMO_31,0
1134,2021-07-24,18.0,M,AE,standard,19.87,paid_search,android,0,46.2,PROMO_18,0
1135,2022-02-14,36.0,M,SE,standard,20.32,referral,android,0,52.4,PROMO_28,1
1136,2024-03-22,29.0,F,PK,basic,9.55,referral,ios,2,49.5,PROMO_1,0
1137,2021-09-14,27.0,F,UK,standard,18.46,paid_search,web,2,32.4,PROMO_1,0
1138,2023-01-22,41.0,F,NZ,premium,42.99,organic,ios,0,72.0,PROMO_1,0
1139,2021-08-19,32.0,F,PK,standard,19.0,paid_search,web,1,67.1,PROMO_1,0
1140,2022-05-28,21.0,F,SE,standard,19.19,paid_search,android,0,35.7,PROMO_3,0
1141,2021-02-10,65.0,F,US,basic,7.89,organic,android,4,57.2,PROMO_1,0
1142,2023-03-01,37.0,F,DE,standard,19.98,social,web,5,42.6,PROMO_12,0
1143,2020-12-03,25.0,M,US,basic,8.81,partner,android,1,66.3,PROMO_1,0
1144,2021-04-02,30.0,M,CA,basic,9.33,organic,ios,1,62.9,PROMO_2,1
1145,2023-03-12,35.0,M,IN,basic,9.17,social,android,0,68.8,PROMO_41,0
1146,2022-08-15,35.0,F,PK,basic,9.13,social,web,0,35.8,PROMO_1,0
1147,2022-06-08,51.0,F,DE,basic,8.97,social,android,0,29.7,PROMO_1,0
1148,2021-07-16,36.0,F,PK,standard,20.2,referral,web,1,22.1,PROMO_4,0
1149,2021-11-02,57.0,M,PK,basic,8.86,paid_search,android,0,90.1,PROMO_28,0
1150,2021-03-23,32.0,F,UK,basic,7.95,social,android,3,63.6,PROMO_2,1
1151,2023-01-17,42.0,M,AE,basic,9.41,organic,web,1,68.7,PROMO_1,1
1152,2022-07-15,48.0,F,US,standard,17.77,organic,android,3,28.5,PROMO_6,0
1153,2022-10-25,50.0,F,PK,basic,8.05,paid_search,android,1,59.5,PROMO_1,0
1154,2021-01-02,51.0,F,PK,basic,8.26,organic,ios,1,24.2,PROMO_1,1
1155,2023-04-17,,F,PK,standard,19.43,organic,android,0,56.8,PROMO_1,0
1156,2022-03-23,37.0,F,PK,basic,8.93,organic,android,1,50.3,PROMO_3,0
1157,2023-12-28,18.0,M,PK,premium,32.35,organic,android,1,45.5,PROMO_26,0
1158,2021-03-25,35.0,F,CA,basic,8.72,paid_search,ios,0,41.9,PROMO_2,0
1159,2022-12-28,49.0,F,PK,basic,9.84,organic,android,1,67.6,PROMO_1,0
1160,2023-02-26,47.0,F,IN,basic,8.68,organic,web,1,42.2,PROMO_11,0
1161,2022-03-29,36.0,Other,PK,standard,18.75,social,ios,2,70.3,PROMO_2,0
1162,2022-07-23,56.0,M,US,basic,9.75,social,android,1,49.3,PROMO_2,0
1163,2021-03-28,33.0,M,PK,premium,41.48,partner,ios,0,55.6,PROMO_1,0
1164,2022-06-08,29.0,M,PK,basic,9.74,partner,ios,1,58.3,PROMO_14,0
1165,2022-06-28,32.0,M,AE,standard,14.79,referral,ios,0,56.9,PROMO_1,0
1166,2024-01-18,25.0,F,US,basic,10.25,social,android,1,53.4,PROMO_150,0
1167,2024-05-11,44.0,M,US,basic,9.46,organic,ios,0,82.3,PROMO_5,0
1168,2022-12-08,40.0,M,US,basic,10.77,organic,android,0,66.9,PROMO_13,0
1169,2020-09-02,,F,DE,standard,17.81,partner,ios,0,11.6,PROMO_1,0
1170,2020-12-23,32.0,F,US,basic,7.73,partner,android,0,46.9,PROMO_150,0
1171,2022-01-25,36.0,M,PK,premium,39.02,paid_search,web,1,72.3,PROMO_1,0
1172,2022-01-22,18.0,F,PK,standard,18.58,paid_search,android,1,37.8,PROMO_6,0
1173,2022-12-18,41.0,F,UK,premium,41.04,organic,ios,3,50.1,PROMO_3,0
1174,2023-10-10,38.0,F,NZ,basic,9.77,organic,ios,0,51.2,PROMO_2,0
1175,2024-05-30,25.0,F,PK,standard,18.87,paid_search,android,1,73.9,PROMO_1,0
1176,2023-03-01,36.0,M,US,standard,18.63,organic,android,2,34.3,PROMO_35,1
1177,2023-04-01,34.0,M,US,standard,19.79,paid_search,android,0,36.5,PROMO_1,0
1178,2023-09-20,56.0,M,IN,premium,38.2,referral,ios,1,57.6,PROMO_59,0
1179,2023-06-19,25.0,F,PK,standard,18.48,referral,ios,3,55.2,PROMO_1,0
1180,2024-05-07,41.0,F,CA,premium,42.24,referral,android,0,57.8,PROMO_1,0
1181,2022-02-23,25.0,M,DE,standard,20.91,organic,ios,1,54.8,PROMO_3,0
1182,2020-12-09,31.0,M,US,basic,9.78,paid_search,,2,48.2,PROMO_3,0
1183,2021-10-31,40.0,F,DE,standard,18.74,social,ios,0,58.4,PROMO_67,0
1184,2022-10-01,35.0,M,UK,basic,7.46,social,android,1,53.1,PROMO_6,0
1185,2022-11-09,37.0,M,PK,premium,38.54,partner,web,1,46.3,PROMO_1,0
1186,2023-04-13,41.0,M,PK,standard,17.85,organic,ios,2,49.0,PROMO_3,0
1187,2023-11-27,32.0,F,US,basic,8.91,organic,android,0,41.9,PROMO_3,0
1188,2022-03-08,47.0,F,US,basic,8.52,paid_search,ios,2,39.4,PROMO_1,1
1189,2022-04-21,34.0,M,DE,basic,8.99,paid_search,ios,0,58.4,PROMO_3,0
1190,2024-05-31,36.0,M,AE,basic,8.25,paid_search,android,2,30.4,PROMO_2,1
1191,2022-11-15,41.0,M,CA,basic,8.08,paid_search,android,0,60.3,PROMO_2,0
1192,2023-05-24,39.0,M,UK,standard,20.86,organic,android,1,46.0,PROMO_2,0
1193,2023-10-20,44.0,F,US,standard,17.53,paid_search,android,2,48.5,PROMO_8,0
1194,2021-10-14,40.0,M,PK,standard,19.0,social,,0,47.3,PROMO_3,0
1195,2022-06-16,42.0,M,CA,basic,9.69,organic,ios,0,57.5,PROMO_1,0
1196,2022-01-18,33.0,Other,PK,standard,20.39,referral,android,4,72.2,PROMO_3,0
1197,2021-09-30,25.0,M,US,basic,9.57,social,android,2,77.1,PROMO_150,0
1198,2020-09-25,21.0,F,AE,premium,39.94,organic,ios,1,65.7,PROMO_1,0
1199,2021-05-30,19.0,M,DE,basic,9.52,organic,ios,0,51.2,PROMO_4,0
1200,2022-02-05,56.0,M,PK,basic,9.99,organic,ios,1,62.0,PROMO_1,0
1201,2021-02-13,18.0,F,AE,basic,9.31,organic,ios,1,19.7,PROMO_1,0
1202,2022-08-22,50.0,M,PK,standard,16.21,social,android,2,59.1,PROMO_3,0
1203,2020-09-21,28.0,F,DE,basic,8.62,partner,ios,2,55.8,PROMO_7,1
1204,2021-07-26,50.0,F,DE,standard,20.06,organic,ios,1,26.8,PROMO_3,0
1205,2021-12-25,18.0,M,DE,standard,18.05,organic,,1,41.3,PROMO_5,0
1206,2021-01-11,34.0,F,PK,standard,21.46,referral,android,2,54.2,PROMO_4,0
1207,2022-07-01,53.0,M,UK,basic,8.95,paid_search,ios,0,55.7,PROMO_16,0
1208,2021-09-20,45.0,M,PK,basic,9.06,paid_search,android,0,64.4,PROMO_3,0
1209,2023-05-15,33.0,M,US,basic,9.81,paid_search,android,0,75.0,PROMO_1,0
1210,2020-10-20,18.0,M,NZ,basic,8.87,organic,android,2,47.8,PROMO_1,0
1211,2022-02-01,22.0,M,PK,standard,19.27,organic,ios,1,32.9,PROMO_8,0
1212,2021-06-27,52.0,F,UK,basic,9.65,partner,ios,1,62.3,PROMO_2,0
1213,2022-09-14,33.0,Other,PK,basic,7.94,social,android,2,69.3,PROMO_10,0
1214,2021-03-02,36.0,F,UK,basic,8.79,organic,android,1,69.0,PROMO_1,1
1215,2024-02-29,40.0,M,UK,standard,20.26,partner,android,1,57.1,PROMO_10,0
1216,2024-01-05,23.0,M,US,basic,9.05,paid_search,ios,1,80.0,PROMO_1,0
1217,2022-07-12,41.0,F,AE,standard,21.23,organic,ios,1,45.9,PROMO_8,0
1218,2021-09-04,32.0,M,SE,basic,7.87,partner,ios,1,74.0,PROMO_1,0
1219,2021-05-21,40.0,F,CA,premium,33.73,social,ios,3,32.6,PROMO_1,0
1220,2022-10-12,31.0,F,SE,standard,20.17,referral,web,0,16.0,PROMO_1,0
1221,2021-12-27,20.0,F,PK,basic,9.62,organic,android,1,32.3,PROMO_104,0
1222,2022-05-09,32.0,F,NZ,basic,8.86,organic,web,1,41.4,PROMO_1,0
1223,2020-10-23,44.0,Other,US,basic,9.29,partner,android,1,50.0,PROMO_1,0
1224,2021-12-21,41.0,M,PK,basic,9.54,organic,ios,0,36.0,PROMO_1,0
1225,2022-11-13,37.0,F,US,basic,8.41,referral,ios,3,51.9,PROMO_9,0
1226,2020-10-11,47.0,M,PK,premium,36.79,referral,,1,59.7,PROMO_57,1
1227,2024-01-14,35.0,M,DE,standard,19.29,paid_search,android,2,55.3,PROMO_3,0
1228,2020-09-21,38.0,M,PK,basic,9.65,referral,,1,47.9,PROMO_99,0
1229,2023-11-11,32.0,M,UK,standard,17.23,partner,ios,3,68.0,PROMO_3,0
1230,2023-05-10,48.0,F,PK,basic,8.86,referral,,1,38.0,PROMO_1,0
1231,2021-05-04,40.0,F,PK,premium,38.24,paid_search,android,0,46.4,PROMO_1,0
1232,2021-09-02,31.0,M,IN,basic,9.3,social,ios,2,41.8,PROMO_1,0
1233,2020-10-10,21.0,M,UK,standard,18.99,paid_search,android,1,59.8,PROMO_150,0
1234,2021-08-11,49.0,M,US,standard,18.17,organic,web,3,43.6,PROMO_2,0
1235,2022-01-13,29.0,F,DE,basic,9.9,partner,ios,1,56.0,PROMO_6,0
1236,2023-02-18,38.0,M,IN,basic,8.61,partner,ios,1,62.2,PROMO_2,0
1237,2024-06-04,63.0,F,US,basic,8.79,organic,,0,42.4,PROMO_4,0
1238,2023-12-23,46.0,M,PK,premium,34.03,social,ios,1,26.0,PROMO_14,0
1239,2023-04-27,55.0,F,NZ,standard,17.92,partner,ios,0,46.6,PROMO_8,0
1240,2024-04-15,31.0,M,US,standard,19.78,social,,1,38.1,PROMO_2,0
1241,2022-07-10,49.0,Other,PK,standard,19.49,organic,web,1,40.4,PROMO_1,0
1242,2021-07-04,37.0,F,PK,standard,19.91,organic,ios,3,12.9,PROMO_1,0
1243,2020-10-20,41.0,M,PK,basic,9.4,paid_search,android,2,25.7,PROMO_1,1
1244,2022-08-05,59.0,M,IN,standard,22.17,partner,ios,0,62.0,PROMO_2,0
1245,2021-02-19,34.0,F,IN,standard,17.86,organic,android,1,35.9,PROMO_1,1
1246,2020-09-19,37.0,F,UK,basic,7.83,paid_search,ios,3,67.3,PROMO_1,1
1247,2021-03-12,27.0,M,AE,premium,35.72,referral,ios,1,39.3,PROMO_2,0
1248,2022-09-08,47.0,F,CA,basic,8.49,referral,ios,0,57.3,PROMO_1,0
1249,2023-03-20,31.0,F,UK,basic,8.3,partner,android,1,46.2,PROMO_4,1
1250,2020-09-30,,M,AE,standard,19.14,referral,ios,0,59.7,PROMO_1,1
1251,2023-07-13,19.0,M,SE,basic,9.9,social,ios,0,46.2,PROMO_1,0
1252,2022-11-21,43.0,M,PK,basic,10.11,partner,ios,0,53.2,PROMO_1,0
1253,2024-02-29,30.0,M,PK,basic,9.36,social,ios,1,68.5,PROMO_11,0
1254,2021-06-11,,M,DE,standard,22.25,social,ios,3,57.1,PROMO_150,0
1255,2021-12-27,37.0,M,DE,standard,18.46,organic,ios,1,39.7,PROMO_1,0
1256,2024-02-14,31.0,F,PK,basic,7.82,paid_search,android,1,21.9,PROMO_6,0
1257,2023-08-09,33.0,F,US,basic,9.76,organic,android,0,48.4,PROMO_13,0
1258,2022-05-06,28.0,M,AE,basic,7.68,referral,android,2,56.5,PROMO_1,0
1259,2022-05-27,,M,US,premium,36.64,organic,web,0,52.3,PROMO_1,0
1260,2021-05-31,25.0,F,IN,basic,9.37,paid_search,android,2,36.8,PROMO_1,1
1261,2023-06-09,34.0,Other,CA,premium,38.68,partner,ios,2,52.3,PROMO_1,0
1262,2020-12-12,41.0,M,US,premium,38.4,referral,ios,1,59.9,PROMO_82,0
1263,2022-10-06,55.0,M,AE,basic,8.15,referral,android,2,70.9,PROMO_3,0
1264,2021-05-02,37.0,F,AE,standard,18.98,social,android,1,46.6,PROMO_1,0
1265,2023-07-18,34.0,F,PK,standard,20.53,organic,android,1,86.9,PROMO_1,0
1266,2024-04-20,40.0,M,US,standard,19.03,organic,android,1,71.8,PROMO_108,0
1267,2024-03-27,18.0,F,US,basic,8.4,referral,android,0,52.5,PROMO_1,0
1268,2023-01-13,24.0,F,IN,standard,17.1,referral,web,1,53.9,PROMO_2,0
1269,2020-11-03,33.0,F,IN,standard,17.77,paid_search,web,0,70.8,PROMO_1,0
1270,2024-04-04,29.0,M,PK,standard,19.6,organic,android,1,35.6,PROMO_1,0
1271,2023-01-18,19.0,F,CA,premium,40.07,organic,android,0,38.0,PROMO_21,0
1272,2024-01-12,46.0,M,AE,basic,8.42,paid_search,ios,0,30.7,PROMO_18,0
1273,2020-12-03,40.0,F,PK,standard,15.64,organic,web,1,46.2,PROMO_5,0
1274,2021-11-22,39.0,F,US,premium,40.31,organic,web,3,37.1,PROMO_5,1
1275,2021-07-24,29.0,F,IN,basic,8.35,paid_search,web,1,44.7,PROMO_1,0
1276,2021-09-30,38.0,M,US,basic,9.5,social,android,1,49.5,PROMO_1,0
1277,2021-12-17,43.0,M,AE,basic,8.46,social,web,2,29.3,PROMO_1,0
1278,2021-07-09,34.0,F,UK,premium,35.92,paid_search,android,2,70.5,PROMO_2,0
1279,2024-05-30,42.0,M,UK,basic,9.11,paid_search,android,1,67.9,PROMO_11,0
1280,2021-03-04,28.0,F,US,standard,22.58,organic,ios,3,43.1,PROMO_104,0
1281,2021-08-24,38.0,M,US,basic,9.54,social,ios,1,72.2,PROMO_15,0
1282,2021-08-25,50.0,F,IN,basic,9.1,organic,ios,3,55.8,PROMO_2,0
1283,2022-12-16,,M,US,standard,19.55,partner,ios,1,66.5,PROMO_150,0
1284,2021-06-01,52.0,M,PK,basic,7.74,organic,web,2,29.7,PROMO_4,0
1285,2023-01-01,40.0,M,US,premium,35.5,referral,android,2,45.0,PROMO_2,0
1286,2024-04-04,37.0,F,DE,basic,7.19,paid_search,android,3,59.4,PROMO_1,0
1287,2021-01-05,,M,US,premium,44.4,social,ios,0,47.5,PROMO_1,0
1288,2023-07-23,18.0,M,DE,basic,10.1,social,ios,1,47.4,PROMO_1,0
1289,2024-01-22,22.0,M,PK,premium,40.23,organic,android,1,48.3,PROMO_2,0
1290,2022-02-03,35.0,F,UK,standard,19.21,paid_search,android,0,55.6,PROMO_1,0
1291,2023-07-24,36.0,F,IN,basic,7.88,organic,web,3,51.7,PROMO_1,0
1292,2021-03-14,53.0,F,UK,basic,8.84,paid_search,web,1,73.4,PROMO_1,0
1293,2022-10-07,51.0,M,AE,basic,10.29,partner,ios,4,35.2,PROMO_1,0
1294,2024-06-04,29.0,F,AE,standard,19.2,social,ios,1,51.4,PROMO_1,0
1295,2020-11-05,46.0,M,DE,standard,18.14,social,web,2,60.6,PROMO_15,0
1296,2022-07-01,32.0,F,US,basic,7.73,organic,android,1,31.3,PROMO_1,0
1297,2023-06-14,45.0,F,AE,basic,9.99,paid_search,ios,1,44.8,PROMO_1,0
1298,2021-11-19,46.0,F,US,standard,18.89,social,ios,2,52.6,PROMO_150,1
1299,2022-06-09,51.0,M,US,standard,16.33,organic,web,2,72.5,PROMO_32,0
1300,2024-05-01,32.0,M,US,standard,17.6,organic,android,1,52.0,PROMO_2,0
1301,2021-07-28,48.0,M,US,basic,8.08,organic,web,0,61.4,PROMO_1,0
1302,2022-12-05,18.0,M,PK,standard,18.8,organic,ios,0,62.4,PROMO_12,0
1303,2021-10-19,51.0,M,DE,premium,39.65,partner,android,0,8.7,PROMO_1,0
1304,2021-01-22,37.0,F,UK,basic,8.64,organic,ios,2,51.2,PROMO_1,0
1305,2022-02-19,37.0,M,PK,basic,9.56,organic,android,1,43.5,PROMO_1,0
1306,2021-11-27,18.0,F,PK,basic,9.06,organic,ios,1,72.5,PROMO_1,1
1307,2023-06-25,33.0,M,AE,standard,20.61,organic,ios,0,60.5,PROMO_8,0
1308,2023-07-19,52.0,F,UK,basic,8.74,paid_search,ios,1,63.1,PROMO_2,0
1309,2022-11-16,32.0,M,DE,premium,48.5,organic,ios,2,57.8,PROMO_12,0
1310,2021-03-22,45.0,M,US,standard,18.14,organic,ios,1,51.6,PROMO_1,0
1311,2022-06-18,37.0,F,CA,standard,17.63,organic,android,0,62.5,PROMO_2,0
1312,2023-02-16,49.0,M,PK,standard,17.44,referral,web,1,49.7,PROMO_3,0
1313,2021-07-01,39.0,F,AE,basic,8.85,paid_search,web,2,69.3,PROMO_150,0
1314,2021-03-21,27.0,F,US,standard,16.39,social,ios,0,34.0,PROMO_1,0
1315,2021-01-12,38.0,M,US,basic,9.21,organic,android,0,65.6,PROMO_1,0
1316,2023-04-25,55.0,M,IN,standard,16.1,paid_search,web,1,44.6,PROMO_4,1
1317,2021-10-05,42.0,M,IN,premium,39.5,partner,web,0,60.2,PROMO_1,0
1318,2022-03-19,36.0,F,PK,standard,16.95,organic,web,0,26.4,PROMO_2,0
1319,2022-09-30,62.0,F,PK,premium,37.81,paid_search,android,2,54.0,PROMO_1,0
1320,2022-12-11,50.0,F,IN,basic,9.44,organic,web,2,47.7,PROMO_1,0
1321,2024-01-04,46.0,M,PK,standard,22.5,organic,android,0,49.3,PROMO_1,0
1322,2023-05-28,40.0,M,IN,standard,17.36,social,,3,23.5,PROMO_55,0
1323,2022-05-14,45.0,F,PK,standard,18.77,social,,0,50.5,PROMO_1,0
1324,2021-02-03,45.0,F,US,basic,8.48,paid_search,android,2,51.9,PROMO_3,0
1325,2021-03-03,18.0,F,PK,basic,8.37,paid_search,android,0,23.3,PROMO_1,0
1326,2023-09-26,41.0,F,UK,standard,17.91,paid_search,ios,0,32.7,PROMO_74,0
1327,2021-11-16,35.0,F,PK,basic,9.59,paid_search,,2,52.4,PROMO_2,0
1328,2024-02-14,32.0,F,US,standard,18.26,referral,ios,2,56.1,PROMO_1,0
1329,2021-11-22,35.0,F,IN,standard,22.42,social,android,0,49.2,PROMO_1,0
1330,2023-02-25,20.0,F,PK,premium,40.3,organic,android,1,50.7,PROMO_45,0
1331,2022-09-29,18.0,F,AE,basic,8.27,organic,ios,1,50.4,PROMO_1,0
1332,2021-09-24,51.0,M,PK,premium,37.86,social,web,2,41.8,PROMO_7,0
1333,2022-11-02,42.0,M,AE,basic,8.42,organic,ios,1,47.3,PROMO_1,0
1334,2021-05-23,18.0,F,PK,basic,9.58,partner,android,1,29.0,PROMO_1,0
1335,2022-06-05,31.0,F,AE,standard,16.51,referral,web,0,41.2,PROMO_2,0
1336,2020-09-01,47.0,M,DE,basic,8.03,organic,web,1,49.4,PROMO_19,0
1337,2022-01-12,34.0,F,IN,basic,8.57,referral,ios,1,68.5,PROMO_30,0
1338,2023-04-29,51.0,F,IN,basic,9.49,organic,ios,3,48.2,PROMO_4,1
1339,2021-07-07,49.0,F,PK,standard,20.87,organic,android,3,80.9,PROMO_1,0
1340,2022-11-26,22.0,F,PK,standard,21.1,partner,ios,2,78.9,PROMO_1,0
1341,2022-06-04,35.0,M,PK,basic,9.38,referral,web,3,51.0,PROMO_28,0
1342,2023-12-05,32.0,M,DE,basic,8.94,paid_search,web,1,43.8,PROMO_1,0
1343,2023-12-29,22.0,F,PK,standard,20.21,referral,android,4,84.0,PROMO_2,0
1344,2022-04-09,21.0,F,CA,basic,8.18,organic,android,0,61.2,PROMO_1,0
1345,2023-09-27,28.0,M,SE,standard,16.2,social,,1,56.6,PROMO_1,0
1346,2020-09-03,30.0,M,PK,premium,40.36,partner,web,1,39.2,PROMO_1,0
1347,2021-03-18,40.0,Other,PK,standard,17.47,referral,ios,0,43.6,PROMO_6,0
1348,2021-10-17,48.0,M,UK,premium,38.8,paid_search,,2,35.0,PROMO_135,0
1349,2021-09-01,43.0,F,US,standard,19.18,paid_search,ios,1,72.3,PROMO_6,0
1350,2022-03-12,45.0,F,US,standard,19.38,referral,ios,0,57.5,PROMO_1,1
1351,2024-03-19,34.0,F,PK,basic,9.68,organic,android,1,45.3,PROMO_7,0
1352,2022-12-17,44.0,M,IN,basic,9.6,partner,android,3,42.9,PROMO_1,0
1353,2022-07-27,,F,AE,standard,19.3,paid_search,android,1,35.1,PROMO_7,0
1354,2020-12-25,32.0,M,PK,basic,8.68,organic,ios,2,49.0,PROMO_1,0
1355,2023-08-13,58.0,M,PK,premium,39.34,organic,android,0,52.6,PROMO_3,0
1356,2022-07-26,18.0,M,DE,standard,18.09,paid_search,ios,0,15.9,PROMO_1,0
1357,2023-02-22,18.0,M,PK,premium,38.39,organic,android,0,35.5,PROMO_3,0
1358,2023-12-08,,F,IN,basic,10.89,paid_search,android,1,39.9,PROMO_6,1
1359,2024-01-20,34.0,F,UK,basic,9.13,partner,web,2,66.3,PROMO_2,0
1360,2023-01-23,21.0,M,IN,standard,19.68,organic,ios,1,41.7,PROMO_1,0
1361,2024-02-18,25.0,M,DE,basic,8.49,social,android,2,23.1,PROMO_2,0
1362,2024-03-10,27.0,M,IN,standard,20.55,paid_search,ios,0,33.5,PROMO_3,0
1363,2023-02-12,47.0,M,DE,standard,20.16,social,android,1,75.9,PROMO_1,0
1364,2023-09-06,50.0,M,UK,premium,41.39,paid_search,ios,1,44.4,PROMO_1,0
1365,2022-05-07,55.0,F,PK,standard,19.33,referral,android,2,34.4,PROMO_1,0
1366,2024-05-17,20.0,F,DE,basic,9.74,paid_search,web,0,24.9,PROMO_1,0
1367,2023-04-21,22.0,M,UK,basic,9.92,paid_search,android,0,50.4,PROMO_1,0
1368,2022-09-24,21.0,M,US,standard,19.43,organic,web,1,51.9,PROMO_5,0
1369,2020-10-20,51.0,M,UK,basic,8.92,paid_search,ios,1,56.6,PROMO_17,0
1370,2022-01-17,42.0,F,PK,basic,9.64,organic,android,1,90.9,PROMO_3,0
1371,2021-02-11,38.0,M,US,basic,8.35,social,web,2,31.5,PROMO_1,1
1372,2023-02-23,40.0,F,PK,basic,8.48,paid_search,android,1,44.5,PROMO_2,0
1373,2022-09-29,36.0,F,US,standard,18.92,referral,ios,2,54.4,PROMO_1,0
1374,2022-11-08,25.0,F,US,basic,7.75,paid_search,,1,43.4,PROMO_21,0
1375,2021-02-02,43.0,M,IN,standard,20.26,social,android,4,19.0,PROMO_5,0
1376,2020-10-26,35.0,F,UK,basic,8.31,organic,android,0,57.7,PROMO_1,0
1377,2020-10-21,24.0,F,IN,standard,18.28,social,,1,40.5,PROMO_4,0
1378,2021-08-08,43.0,F,SE,basic,8.85,partner,android,5,34.0,PROMO_13,1
1379,2022-07-17,32.0,F,PK,premium,39.12,paid_search,web,1,36.6,PROMO_2,0
1380,2022-05-26,40.0,M,UK,basic,8.75,organic,android,3,73.3,PROMO_1,0
1381,2020-09-26,36.0,M,PK,standard,18.9,social,android,1,69.5,PROMO_1,0
1382,2023-05-15,47.0,M,IN,basic,8.96,organic,android,1,33.6,PROMO_1,1
1383,2023-02-18,39.0,F,US,basic,8.68,paid_search,ios,1,24.0,PROMO_25,0
1384,2021-01-20,27.0,M,PK,basic,8.44,organic,web,1,63.5,PROMO_8,0
1385,2022-12-25,41.0,F,PK,standard,20.64,paid_search,android,0,80.9,PROMO_1,0
1386,2023-07-22,41.0,M,AE,premium,32.43,referral,ios,4,85.0,PROMO_2,0
1387,2022-04-29,43.0,M,PK,basic,8.85,organic,android,3,28.8,PROMO_2,0
1388,2023-03-20,48.0,F,US,basic,8.66,paid_search,android,3,70.4,PROMO_2,0
1389,2021-01-28,30.0,M,IN,standard,19.64,organic,android,0,49.9,PROMO_5,0
1390,2021-01-03,44.0,F,PK,standard,16.79,organic,ios,3,21.1,PROMO_6,0
1391,2023-04-15,18.0,M,AE,basic,8.64,social,ios,0,37.1,PROMO_37,0
1392,2022-06-11,36.0,M,AE,standard,18.84,social,android,1,38.2,PROMO_5,0
1393,2020-09-22,34.0,M,US,standard,20.63,referral,web,1,57.1,PROMO_1,0
1394,2021-08-21,53.0,M,PK,standard,19.5,organic,android,0,29.5,PROMO_22,0
1395,2023-08-18,35.0,F,PK,basic,8.15,organic,web,1,64.2,PROMO_1,0
1396,2022-03-18,44.0,M,SE,basic,8.65,paid_search,android,0,57.1,PROMO_3,0
1397,2022-02-06,18.0,M,AE,basic,9.64,social,ios,3,65.3,PROMO_6,0
1398,2021-12-22,33.0,M,US,standard,17.17,social,android,1,40.1,PROMO_26,1
1399,2024-05-07,28.0,F,CA,basic,8.94,referral,ios,0,55.9,PROMO_5,0
1400,2023-04-24,64.0,F,PK,standard,18.99,referral,web,0,34.5,PROMO_3,0
1401,2021-03-19,30.0,M,PK,standard,18.41,organic,ios,0,60.2,PROMO_1,0
1402,2023-07-13,38.0,F,PK,standard,23.1,partner,android,2,46.4,PROMO_13,0
1403,2023-04-24,38.0,F,DE,basic,8.7,partner,ios,1,47.9,PROMO_2,0
1404,2023-03-23,20.0,F,US,basic,9.32,organic,android,2,49.5,PROMO_27,0
1405,2023-10-10,31.0,M,AE,basic,8.45,paid_search,android,1,23.9,PROMO_1,0
1406,2023-11-09,41.0,M,PK,standard,19.8,referral,ios,4,67.8,PROMO_1,0
1407,2023-02-18,38.0,M,DE,premium,41.72,paid_search,web,0,51.2,PROMO_4,0
1408,2021-02-20,18.0,M,CA,basic,8.58,organic,android,2,67.9,PROMO_1,0
1409,2024-06-08,31.0,F,US,premium,38.83,paid_search,ios,1,66.8,PROMO_1,0
1410,2023-05-17,48.0,F,PK,basic,8.36,social,web,3,37.8,PROMO_1,1
1411,2024-03-19,43.0,F,AE,basic,8.18,referral,ios,0,46.0,PROMO_1,0
1412,2022-04-28,50.0,M,PK,basic,9.75,referral,ios,3,26.7,PROMO_2,1
1413,2023-07-01,26.0,Other,PK,standard,18.16,partner,android,3,68.4,PROMO_6,0
1414,2021-06-14,51.0,F,AE,basic,7.26,paid_search,android,1,54.9,PROMO_16,0
1415,2022-03-26,37.0,F,UK,basic,10.27,referral,android,2,53.0,PROMO_1,0
1416,2021-06-25,55.0,M,CA,standard,17.78,organic,ios,2,45.9,PROMO_1,0
1417,2022-01-16,37.0,M,PK,standard,18.63,paid_search,android,3,35.5,PROMO_1,1
1418,2022-10-15,18.0,M,PK,basic,10.18,partner,ios,4,69.2,PROMO_2,0
1419,2021-03-10,46.0,F,AE,basic,8.9,referral,ios,3,80.1,PROMO_1,0
1420,2022-08-23,32.0,F,DE,standard,18.75,social,android,0,69.8,PROMO_2,0
1421,2020-11-08,33.0,M,US,basic,8.12,organic,ios,0,47.5,PROMO_1,0
1422,2020-09-07,21.0,F,US,basic,7.82,organic,ios,1,55.9,PROMO_2,0
1423,2022-03-21,55.0,M,PK,standard,18.75,social,ios,1,66.0,PROMO_1,0
1424,2021-11-23,31.0,F,US,basic,9.26,paid_search,ios,2,51.4,PROMO_1,0
1425,2023-06-24,54.0,M,SE,standard,19.46,paid_search,android,1,79.2,PROMO_1,0
1426,2021-05-13,32.0,M,PK,basic,8.65,referral,ios,2,68.7,PROMO_1,0
1427,2021-11-27,27.0,M,UK,basic,9.01,organic,,1,91.8,PROMO_3,1
1428,2021-01-12,,F,PK,basic,7.68,paid_search,,1,52.9,PROMO_1,0
1429,2023-06-08,36.0,M,US,basic,9.33,organic,ios,1,13.8,PROMO_2,0
1430,2021-06-20,36.0,F,DE,basic,9.12,organic,,1,51.1,PROMO_1,0
1431,2022-09-01,23.0,M,UK,basic,10.42,organic,ios,1,44.3,PROMO_1,0
1432,2023-09-29,32.0,F,PK,premium,39.02,organic,android,0,52.6,PROMO_3,0
1433,2023-10-18,42.0,M,US,standard,17.57,paid_search,android,2,76.7,PROMO_1,1
1434,2022-04-27,23.0,F,PK,basic,8.96,paid_search,android,3,41.9,PROMO_8,1
1435,2023-03-28,31.0,F,US,standard,18.5,paid_search,web,2,37.5,PROMO_1,0
1436,2024-01-22,32.0,Other,DE,standard,19.66,referral,ios,1,40.3,PROMO_1,0
1437,2022-10-30,38.0,M,PK,standard,19.04,paid_search,web,1,82.3,PROMO_1,0
1438,2021-12-22,53.0,F,US,basic,8.09,social,ios,1,43.1,PROMO_1,0
1439,2023-03-28,34.0,F,UK,basic,7.82,social,web,4,53.9,PROMO_1,0
1440,2020-10-31,29.0,F,IN,basic,9.19,paid_search,ios,4,77.7,PROMO_6,0
1441,2021-07-01,67.0,F,PK,basic,10.0,paid_search,ios,2,60.0,PROMO_2,0
1442,2022-07-04,32.0,M,UK,basic,9.06,partner,android,1,16.2,PROMO_1,0
1443,2020-11-29,35.0,M,PK,premium,41.54,paid_search,ios,0,42.8,PROMO_3,0
1444,2022-10-22,33.0,M,PK,premium,42.16,social,ios,4,40.2,PROMO_1,0
1445,2023-12-01,34.0,M,PK,basic,9.19,social,android,0,23.9,PROMO_2,0
1446,2024-04-22,38.0,M,DE,basic,8.41,referral,android,0,42.9,PROMO_11,0
1447,2020-11-24,47.0,M,PK,basic,9.14,paid_search,android,2,9.2,PROMO_1,0
1448,2020-10-25,41.0,F,IN,basic,9.87,paid_search,android,1,54.9,PROMO_1,0
1449,2021-08-25,49.0,M,US,standard,19.81,paid_search,ios,3,50.1,PROMO_19,1
1450,2024-01-20,48.0,F,CA,basic,9.54,referral,ios,0,39.4,PROMO_1,0
1451,2023-05-02,39.0,F,PK,standard,18.3,paid_search,web,0,22.9,PROMO_1,0
1452,2024-04-15,41.0,M,US,premium,38.37,partner,ios,0,70.9,PROMO_6,0
1453,2024-04-01,49.0,M,DE,standard,18.82,referral,ios,1,41.5,PROMO_20,1
1454,2023-07-07,25.0,F,US,standard,18.92,organic,ios,1,66.5,PROMO_1,0
1455,2022-04-13,64.0,F,UK,standard,20.78,paid_search,ios,1,48.1,PROMO_3,0
1456,2024-03-12,31.0,F,CA,basic,7.31,partner,android,2,71.9,PROMO_1,1
1457,2020-09-21,33.0,M,AE,basic,9.02,organic,android,2,58.8,PROMO_70,0
1458,2022-09-21,24.0,F,CA,standard,18.88,paid_search,android,6,51.7,PROMO_3,1
1459,2023-06-12,24.0,M,PK,basic,8.01,organic,ios,1,37.4,PROMO_1,0
1460,2022-06-29,48.0,M,AE,standard,20.02,organic,android,1,69.5,PROMO_2,0
1461,2021-06-16,62.0,F,AE,basic,8.48,paid_search,ios,0,46.9,PROMO_1,0
1462,2023-04-06,31.0,M,AE,basic,8.74,referral,web,0,37.8,PROMO_9,0
1463,2024-04-06,41.0,M,UK,basic,10.33,social,ios,2,47.6,PROMO_1,1
1464,2024-04-01,39.0,M,DE,premium,42.15,organic,android,1,49.3,PROMO_1,0
1465,2021-03-23,48.0,M,CA,basic,9.41,paid_search,ios,2,63.1,PROMO_150,0
1466,2024-01-08,61.0,F,PK,basic,9.27,paid_search,ios,1,21.8,PROMO_1,0
1467,2022-01-15,54.0,M,PK,basic,8.88,social,web,1,85.7,PROMO_1,0
1468,2022-12-28,34.0,M,PK,standard,22.04,paid_search,ios,2,57.0,PROMO_1,0
1469,2021-07-04,43.0,Other,PK,premium,41.5,partner,,0,49.8,PROMO_19,0
1470,2024-03-19,44.0,F,AE,basic,8.46,referral,,2,56.7,PROMO_1,0
1471,2021-01-19,37.0,M,US,premium,34.63,social,android,1,27.0,PROMO_17,0
1472,2021-10-21,25.0,F,US,basic,9.41,paid_search,android,0,51.9,PROMO_4,1
1473,2022-09-29,28.0,F,IN,standard,18.92,social,android,2,59.8,PROMO_134,1
1474,2023-08-30,,F,IN,basic,7.97,paid_search,android,1,45.6,PROMO_1,0
1475,2020-10-01,51.0,F,UK,basic,9.31,referral,android,1,57.9,PROMO_1,0
1476,2023-04-21,35.0,M,US,standard,18.59,partner,android,2,61.9,PROMO_4,0
1477,2022-08-04,40.0,F,PK,standard,19.81,partner,android,0,39.1,PROMO_4,0
1478,2022-12-15,50.0,M,US,basic,9.32,social,android,2,68.7,PROMO_8,0
1479,2023-07-28,,M,US,standard,18.08,social,web,2,49.1,PROMO_2,0
1480,2022-11-14,32.0,F,PK,premium,40.97,paid_search,ios,1,78.6,PROMO_6,0
1481,2023-11-14,59.0,M,DE,basic,8.64,organic,ios,3,69.6,PROMO_1,0
1482,2024-06-08,40.0,F,US,standard,18.34,social,ios,2,56.1,PROMO_1,0
1483,2023-05-07,25.0,F,PK,standard,18.19,partner,ios,0,37.8,PROMO_1,0
1484,2024-01-08,38.0,Other,AE,basic,9.81,referral,android,4,48.3,PROMO_13,1
1485,2022-11-16,48.0,F,US,premium,38.12,referral,web,0,65.1,PROMO_8,0
1486,2021-03-08,18.0,F,US,basic,9.99,paid_search,,2,41.6,PROMO_1,0
1487,2023-10-30,39.0,M,PK,standard,21.71,social,ios,2,56.5,PROMO_5,0
1488,2024-06-09,,F,PK,basic,8.47,social,web,0,58.2,PROMO_1,0
1489,2024-01-09,19.0,F,UK,basic,6.9,paid_search,android,5,48.3,PROMO_4,0
1490,2022-07-10,38.0,M,US,standard,20.59,organic,android,3,37.7,PROMO_2,0
1491,2023-05-28,35.0,M,PK,standard,18.48,social,web,2,74.0,PROMO_1,0
1492,2022-08-05,37.0,M,CA,premium,36.3,organic,ios,1,57.1,PROMO_4,0
1493,2024-05-01,33.0,M,CA,premium,37.16,social,android,0,45.5,PROMO_2,0
1494,2023-03-09,26.0,F,US,basic,8.7,partner,web,0,38.1,PROMO_29,0
1495,2022-11-23,21.0,F,CA,basic,9.93,social,web,1,63.5,PROMO_2,1
1496,2022-10-24,29.0,F,US,basic,9.12,organic,web,1,49.0,PROMO_1,0
1497,2022-05-12,46.0,F,PK,basic,9.92,paid_search,android,0,64.7,PROMO_5,0
1498,2021-06-29,40.0,Other,UK,basic,9.36,social,web,0,36.2,PROMO_1,0
1499,2022-09-05,36.0,M,US,premium,38.04,social,ios,1,54.5,PROMO_6,0
1500,2021-04-07,26.0,F,US,standard,18.41,organic,ios,4,42.8,PROMO_8,0
1501,2022-06-10,33.0,F,SE,basic,9.4,paid_search,,1,76.1,PROMO_1,0
1502,2023-06-17,45.0,F,US,basic,9.59,referral,ios,0,55.5,PROMO_4,0
1503,2023-07-30,43.0,M,PK,standard,20.52,organic,android,4,35.1,PROMO_1,1
1504,2023-03-23,32.0,F,PK,basic,8.81,social,web,0,64.0,PROMO_1,0
1505,2022-03-09,18.0,M,IN,basic,9.13,referral,ios,1,68.5,PROMO_1,1
1506,2023-07-12,,F,PK,basic,9.42,referral,ios,2,44.9,PROMO_7,1
1507,2020-12-27,32.0,F,IN,basic,8.72,partner,android,1,37.9,PROMO_2,0
1508,2022-08-18,27.0,M,PK,basic,8.18,referral,android,2,17.0,PROMO_1,0
1509,2021-03-07,32.0,M,DE,standard,17.77,paid_search,ios,1,66.5,PROMO_1,0
1510,2021-11-11,46.0,F,PK,basic,8.83,paid_search,web,0,23.7,PROMO_1,0
1511,2023-03-08,37.0,M,PK,standard,20.01,organic,ios,1,49.3,PROMO_4,1
1512,2023-08-01,48.0,M,PK,standard,20.91,organic,android,2,24.1,PROMO_1,0
1513,2021-08-19,20.0,M,PK,premium,34.77,social,ios,1,77.0,PROMO_7,0
1514,2023-03-12,34.0,M,PK,basic,8.57,organic,android,2,70.0,PROMO_19,0
1515,2023-07-06,18.0,M,PK,basic,8.74,paid_search,ios,1,54.5,PROMO_1,0
1516,2020-12-05,32.0,M,UK,basic,9.57,referral,,2,65.7,PROMO_1,0
1517,2022-08-14,25.0,M,UK,basic,8.62,organic,android,1,48.0,PROMO_1,0
1518,2024-04-04,51.0,F,PK,basic,8.69,organic,android,2,37.6,PROMO_2,0
1519,2022-07-29,42.0,F,AE,standard,16.85,social,ios,3,24.9,PROMO_2,0
1520,2022-09-14,48.0,M,DE,basic,9.35,organic,ios,2,61.9,PROMO_1,0
1521,2021-03-06,32.0,M,NZ,basic,8.88,paid_search,android,4,34.9,PROMO_1,1
1522,2021-10-03,26.0,F,US,basic,8.53,organic,ios,1,87.9,PROMO_125,0
1523,2023-09-20,25.0,M,US,standard,18.61,referral,ios,1,33.3,PROMO_2,0
1524,2023-11-16,40.0,F,SE,premium,42.52,social,android,2,65.2,PROMO_69,0
1525,2022-03-01,57.0,Other,IN,standard,17.47,social,android,0,69.1,PROMO_1,0
1526,2024-04-06,42.0,F,IN,standard,17.72,organic,android,1,29.9,PROMO_39,0
1527,2023-03-28,,M,AE,standard,20.9,social,ios,0,43.3,PROMO_20,0
1528,2023-12-03,35.0,M,AE,standard,19.12,paid_search,android,1,46.6,PROMO_2,0
1529,2024-05-13,37.0,F,IN,basic,9.48,social,web,1,102.2,PROMO_150,0
1530,2020-12-21,59.0,F,US,standard,19.61,organic,ios,3,46.3,PROMO_2,0
1531,2024-02-08,51.0,F,PK,standard,18.95,organic,ios,1,32.9,PROMO_1,0
1532,2024-05-29,40.0,M,NZ,basic,8.75,organic,web,1,57.4,PROMO_125,0
1533,2020-12-01,38.0,M,CA,standard,20.26,organic,android,2,34.3,PROMO_1,0
1534,2023-09-25,40.0,F,PK,basic,9.84,organic,ios,0,49.1,PROMO_4,0
1535,2021-05-11,42.0,M,PK,standard,20.65,organic,android,0,43.2,PROMO_1,0
1536,2024-04-28,32.0,Other,IN,basic,8.15,referral,android,1,57.8,PROMO_3,0
1537,2023-11-12,28.0,F,US,standard,20.98,social,ios,0,41.6,PROMO_31,0
1538,2024-01-10,48.0,M,AE,premium,37.88,social,android,0,39.6,PROMO_9,0
1539,2021-10-10,37.0,F,PK,basic,8.46,organic,web,1,66.2,PROMO_30,0
1540,2022-02-06,47.0,F,PK,basic,8.88,organic,ios,1,54.3,PROMO_7,0
1541,2022-08-24,55.0,M,DE,basic,9.6,partner,ios,0,50.4,PROMO_2,0
1542,2023-07-13,43.0,F,SE,basic,9.39,organic,ios,0,21.1,PROMO_21,0
1543,2024-02-09,41.0,M,UK,premium,38.2,referral,web,1,59.3,PROMO_2,1
1544,2022-04-17,,M,PK,basic,9.6,social,android,0,42.9,PROMO_1,0
1545,2023-07-28,39.0,M,PK,basic,9.1,paid_search,ios,0,54.2,PROMO_1,1
1546,2022-03-19,25.0,M,PK,basic,8.59,social,android,1,22.3,PROMO_1,0
1547,2021-11-05,34.0,M,IN,premium,36.79,referral,android,3,54.2,PROMO_5,0
1548,2021-03-26,54.0,M,US,basic,9.3,referral,android,2,52.9,PROMO_1,0
1549,2022-07-30,23.0,M,IN,standard,18.87,paid_search,android,0,46.6,PROMO_8,0
1550,2024-06-04,29.0,M,IN,basic,8.01,organic,android,1,36.7,PROMO_2,0
1551,2023-05-20,49.0,M,US,basic,9.61,social,ios,1,67.5,PROMO_1,0
1552,2021-03-21,34.0,F,PK,standard,18.27,organic,ios,4,38.8,PROMO_1,0
1553,2022-06-06,36.0,F,SE,basic,10.15,paid_search,web,0,63.7,PROMO_88,0
1554,2022-02-07,49.0,F,PK,standard,16.87,social,ios,2,65.7,PROMO_1,0
1555,2022-09-18,29.0,F,IN,basic,8.87,organic,web,1,37.5,PROMO_2,0
1556,2023-10-30,21.0,F,US,standard,17.94,referral,web,0,61.2,PROMO_1,0
1557,2021-01-20,22.0,F,US,standard,17.52,partner,web,0,43.6,PROMO_1,0
1558,2021-07-10,43.0,F,US,standard,18.26,organic,android,2,59.6,PROMO_22,0
1559,2020-09-06,40.0,M,US,basic,10.27,organic,android,0,36.0,PROMO_6,0
1560,2021-03-18,29.0,M,AE,standard,19.22,paid_search,android,0,48.3,PROMO_5,0
1561,2023-05-06,24.0,F,UK,premium,36.53,organic,android,0,51.2,PROMO_1,0
1562,2023-06-26,34.0,M,PK,basic,7.68,organic,web,0,49.6,PROMO_1,0
1563,2023-07-04,49.0,M,UK,basic,7.76,partner,ios,1,55.7,PROMO_2,0
1564,2020-12-21,28.0,M,US,standard,18.18,organic,web,1,37.9,PROMO_5,0
1565,2022-05-04,30.0,F,IN,basic,8.54,organic,android,0,41.7,PROMO_3,0
1566,2022-09-22,24.0,F,IN,standard,18.66,paid_search,web,1,60.7,PROMO_1,0
1567,2020-10-13,33.0,F,AE,standard,15.55,organic,android,0,43.8,PROMO_5,0
1568,2022-03-01,41.0,M,SE,basic,8.93,referral,android,2,42.5,PROMO_1,0
1569,2021-01-02,60.0,M,US,standard,20.56,referral,web,0,37.4,PROMO_1,0
1570,2020-09-21,39.0,M,PK,standard,21.47,paid_search,android,1,43.1,PROMO_2,0
1571,2024-02-22,36.0,M,PK,basic,7.64,organic,ios,2,34.6,PROMO_1,0
1572,2023-01-29,46.0,M,CA,premium,36.5,referral,android,1,60.9,PROMO_1,0
1573,2021-09-01,45.0,M,US,basic,8.38,social,,1,43.3,PROMO_1,0
1574,2021-05-15,31.0,M,IN,basic,9.1,paid_search,ios,1,33.7,PROMO_2,0
1575,2023-11-19,62.0,M,US,standard,17.15,paid_search,web,1,47.0,PROMO_1,0
1576,2023-03-29,37.0,F,PK,basic,10.21,paid_search,ios,1,29.1,PROMO_1,1
1577,2022-05-16,,M,UK,standard,19.07,organic,ios,0,37.2,PROMO_1,0
1578,2021-06-04,43.0,F,UK,basic,8.91,paid_search,ios,0,70.3,PROMO_1,0
1579,2024-01-07,41.0,F,US,basic,10.15,social,ios,1,33.7,PROMO_1,1
1580,2022-03-04,54.0,Other,CA,basic,8.99,paid_search,ios,1,47.8,PROMO_6,0
1581,2023-04-28,31.0,F,AE,standard,19.61,social,android,2,83.1,PROMO_4,0
1582,2023-08-17,46.0,F,US,standard,17.86,social,ios,1,53.7,PROMO_17,0
1583,2022-06-30,39.0,M,DE,standard,16.92,referral,android,1,42.3,PROMO_150,0
1584,2022-11-17,48.0,F,US,premium,37.1,social,android,0,20.2,PROMO_1,0
1585,2022-01-15,35.0,F,CA,standard,22.32,organic,ios,1,52.5,PROMO_9,0
1586,2023-03-30,33.0,F,PK,standard,19.96,social,ios,0,38.5,PROMO_1,0
1587,2021-05-01,45.0,M,AE,standard,19.42,referral,ios,1,58.4,PROMO_150,0
1588,2024-02-24,41.0,F,US,premium,35.95,organic,web,5,39.9,PROMO_1,0
1589,2021-03-09,28.0,F,PK,standard,20.39,referral,ios,2,54.2,PROMO_4,1
1590,2024-04-30,52.0,M,AE,premium,34.76,partner,web,2,71.7,PROMO_1,0
1591,2021-08-30,45.0,F,US,basic,7.87,social,ios,4,60.1,PROMO_31,1
1592,2023-02-18,36.0,M,AE,basic,8.6,organic,android,1,30.2,PROMO_4,0
1593,2022-12-29,32.0,F,UK,standard,21.97,social,ios,0,51.3,PROMO_1,0
1594,2024-05-15,41.0,M,PK,basic,10.37,paid_search,android,2,64.5,PROMO_7,0
1595,2021-10-16,44.0,M,PK,basic,8.68,paid_search,web,2,27.2,PROMO_1,0
1596,2023-10-26,19.0,F,DE,premium,36.9,organic,android,1,75.3,PROMO_1,0
1597,2021-12-14,41.0,F,US,basic,7.82,social,android,3,52.1,PROMO_2,0
1598,2021-09-14,44.0,F,US,basic,9.06,social,ios,1,58.6,PROMO_1,0
1599,2021-04-01,18.0,F,PK,basic,9.12,paid_search,android,0,44.8,PROMO_1,1
1600,2021-10-07,39.0,F,US,basic,9.57,paid_search,android,3,50.7,PROMO_150,1
1601,2023-04-21,45.0,M,AE,standard,20.38,paid_search,android,2,36.6,PROMO_8,0
1602,2021-08-26,43.0,F,IN,premium,38.38,paid_search,web,1,73.2,PROMO_2,0
1603,2021-04-28,46.0,F,UK,premium,40.73,paid_search,android,1,76.9,PROMO_5,0
1604,2023-03-31,33.0,F,UK,standard,17.94,organic,ios,0,82.2,PROMO_1,0
1605,2023-12-22,26.0,M,US,standard,19.82,paid_search,ios,2,23.5,PROMO_1,0
1606,2021-01-29,18.0,F,AE,basic,8.63,organic,web,1,54.9,PROMO_1,0
1607,2023-11-19,49.0,M,CA,premium,40.43,referral,web,1,56.5,PROMO_5,0
1608,2022-03-14,45.0,M,PK,basic,9.27,paid_search,web,1,39.4,PROMO_2,1
1609,2023-07-20,50.0,F,DE,basic,9.05,referral,android,1,55.6,PROMO_1,1
1610,2023-12-20,29.0,F,PK,premium,41.48,paid_search,ios,1,28.5,PROMO_1,0
1611,2021-07-05,46.0,F,PK,premium,34.1,organic,web,2,72.1,PROMO_1,0
1612,2023-11-25,20.0,M,PK,basic,8.23,organic,,2,27.0,PROMO_1,0
1613,2021-11-29,,F,PK,standard,18.59,organic,android,0,53.8,PROMO_1,0
1614,2021-10-28,38.0,F,PK,basic,7.96,paid_search,,4,61.8,PROMO_3,0
1615,2024-03-19,44.0,M,PK,basic,8.71,referral,android,2,41.0,PROMO_1,0
1616,2023-10-16,55.0,M,PK,basic,8.73,organic,android,1,70.6,PROMO_1,1
1617,2021-06-10,34.0,F,PK,basic,9.94,paid_search,android,1,22.6,PROMO_1,0
1618,2022-07-11,27.0,M,PK,standard,19.22,organic,android,1,49.5,PROMO_14,0
1619,2023-12-26,27.0,F,US,basic,9.74,paid_search,web,2,24.7,PROMO_1,0
1620,2020-09-11,29.0,F,CA,standard,19.46,social,android,0,38.4,PROMO_1,0
1621,2023-06-11,61.0,F,UK,basic,8.61,organic,android,1,42.6,PROMO_2,0
1622,2024-06-05,45.0,M,PK,premium,39.42,organic,android,3,41.7,PROMO_1,0
1623,2020-12-13,49.0,F,US,standard,20.11,social,ios,0,69.1,PROMO_11,0
1624,2024-05-19,34.0,M,US,premium,42.72,paid_search,ios,1,32.4,PROMO_2,0
1625,2022-05-09,,M,PK,basic,8.9,paid_search,ios,2,26.7,PROMO_5,0
1626,2020-09-09,45.0,M,US,standard,16.5,social,ios,1,43.5,PROMO_1,0
1627,2022-04-05,31.0,F,US,standard,16.39,organic,ios,1,51.7,PROMO_14,0
1628,2022-03-27,34.0,F,US,basic,8.76,referral,android,0,57.5,PROMO_1,0
1629,2022-12-23,30.0,M,AE,basic,7.32,referral,android,0,67.3,PROMO_1,0
1630,2023-12-18,32.0,F,US,basic,10.29,paid_search,web,1,17.7,PROMO_1,0
1631,2022-04-12,38.0,M,PK,basic,9.43,paid_search,web,3,75.3,PROMO_1,0
1632,2021-01-19,28.0,F,PK,basic,8.54,paid_search,android,0,37.7,PROMO_16,0
1633,2024-02-06,40.0,M,IN,basic,8.2,referral,web,0,45.8,PROMO_1,0
1634,2021-02-12,40.0,M,AE,basic,9.74,organic,web,1,50.3,PROMO_1,0
1635,2022-11-16,35.0,M,AE,standard,17.31,social,web,1,17.4,PROMO_5,0
1636,2022-06-02,28.0,M,IN,basic,8.27,paid_search,web,1,43.5,PROMO_1,0
1637,2023-10-26,38.0,F,UK,basic,8.45,referral,web,1,64.9,PROMO_1,0
1638,2022-02-03,31.0,F,PK,standard,19.17,partner,android,1,59.5,PROMO_1,0
1639,2023-10-03,38.0,F,DE,basic,9.45,organic,android,3,42.5,PROMO_2,0
1640,2023-05-31,49.0,M,PK,basic,9.86,paid_search,web,3,53.2,PROMO_4,0
1641,2021-09-19,23.0,F,AE,basic,9.75,paid_search,ios,0,56.9,PROMO_5,0
1642,2024-04-02,61.0,F,US,basic,9.0,social,ios,3,46.1,PROMO_72,0
1643,2022-10-02,36.0,F,PK,basic,9.73,organic,android,2,57.4,PROMO_2,0
1644,2022-03-13,42.0,F,PK,basic,8.52,social,android,2,38.0,PROMO_4,0
1645,2023-12-11,29.0,M,US,basic,7.69,social,web,0,35.8,PROMO_1,0
1646,2023-05-01,50.0,M,UK,premium,36.91,partner,android,0,45.5,PROMO_150,0
1647,2023-02-22,36.0,F,PK,premium,36.48,social,ios,1,13.8,PROMO_1,0
1648,2021-12-08,33.0,F,PK,basic,8.54,social,android,2,60.4,PROMO_6,0
1649,2020-10-02,31.0,M,US,basic,8.31,organic,web,1,51.2,PROMO_10,0
1650,2021-04-13,34.0,M,CA,basic,8.67,organic,,0,46.7,PROMO_1,0
1651,2023-09-23,42.0,M,CA,standard,19.94,social,web,1,61.9,PROMO_1,0
1652,2024-05-16,39.0,M,AE,standard,21.61,social,android,1,55.8,PROMO_6,0
1653,2024-03-31,37.0,M,US,basic,7.76,referral,web,2,66.0,PROMO_1,0
1654,2022-03-11,29.0,M,US,basic,8.07,paid_search,android,1,73.7,PROMO_5,0
1655,2023-11-08,29.0,M,PK,basic,8.43,organic,web,0,55.0,PROMO_4,0
1656,2023-07-27,32.0,M,PK,premium,41.39,organic,ios,0,39.2,PROMO_1,1
1657,2021-03-29,42.0,M,PK,premium,38.36,paid_search,,0,60.9,PROMO_1,0
1658,2021-02-21,44.0,M,IN,basic,8.48,paid_search,,0,39.3,PROMO_4,0
1659,2021-04-10,46.0,F,US,standard,20.09,organic,ios,1,38.6,PROMO_2,0
1660,2023-06-26,37.0,F,PK,basic,9.69,organic,ios,0,45.6,PROMO_11,0
1661,2022-02-06,41.0,M,UK,standard,18.97,paid_search,android,0,67.4,PROMO_5,0
1662,2022-02-19,35.0,M,PK,premium,36.45,paid_search,android,1,61.3,PROMO_4,0
1663,2023-09-29,,F,US,basic,9.19,partner,,1,63.3,PROMO_11,0
1664,2022-05-09,35.0,F,AE,basic,8.83,referral,ios,2,51.8,PROMO_9,0
1665,2022-06-17,33.0,F,CA,standard,18.63,organic,ios,2,58.5,PROMO_7,0
1666,2022-12-12,26.0,F,DE,basic,8.63,referral,ios,0,59.0,PROMO_1,0
1667,2021-08-08,31.0,M,IN,standard,20.41,paid_search,android,0,39.7,PROMO_1,0
1668,2021-11-18,38.0,M,PK,basic,9.18,partner,android,2,58.8,PROMO_2,0
1669,2022-06-06,25.0,M,AE,premium,42.23,social,android,0,49.9,PROMO_2,0
1670,2021-09-13,29.0,F,IN,basic,9.96,organic,web,0,43.9,PROMO_4,0
1671,2021-07-23,54.0,F,US,basic,9.33,organic,android,1,44.6,PROMO_1,0
1672,2022-04-20,19.0,F,CA,basic,8.64,partner,ios,1,41.7,PROMO_1,1
1673,2023-06-07,35.0,F,IN,basic,9.75,partner,android,4,45.8,PROMO_10,0
1674,2021-07-30,24.0,M,AE,basic,9.34,paid_search,android,2,49.9,PROMO_1,0
1675,2021-09-24,29.0,F,PK,standard,22.96,social,ios,1,60.0,PROMO_3,0
1676,2020-09-22,35.0,M,PK,basic,9.22,paid_search,ios,0,72.6,PROMO_1,0
1677,2023-11-17,26.0,M,AE,basic,9.5,referral,web,0,58.5,PROMO_2,1
1678,2022-11-10,43.0,F,IN,basic,9.21,paid_search,android,2,51.8,PROMO_3,0
1679,2020-12-13,52.0,F,PK,basic,8.93,organic,web,0,20.0,PROMO_1,0
1680,2022-07-01,46.0,F,US,premium,38.19,paid_search,web,0,86.3,PROMO_2,1
1681,2020-11-18,48.0,F,PK,premium,39.92,social,web,0,39.4,PROMO_2,0
1682,2024-05-24,,M,US,basic,9.38,paid_search,android,0,39.9,PROMO_1,0
1683,2024-04-23,34.0,M,DE,standard,20.75,referral,ios,0,69.0,PROMO_4,0
1684,2021-06-08,42.0,M,UK,standard,19.47,partner,web,0,33.5,PROMO_1,0
1685,2023-02-02,47.0,M,UK,premium,37.56,organic,ios,2,55.6,PROMO_5,0
1686,2022-06-24,,M,AE,basic,8.76,referral,android,2,43.1,PROMO_8,1
1687,2022-10-29,49.0,M,UK,basic,8.05,social,web,2,46.2,PROMO_10,0
1688,2022-11-26,47.0,F,AE,basic,10.2,social,web,0,50.7,PROMO_1,0
1689,2020-11-22,66.0,F,PK,premium,37.31,organic,ios,0,32.1,PROMO_6,0
1690,2024-02-02,38.0,F,PK,standard,20.47,paid_search,android,2,48.1,PROMO_150,0
1691,2021-07-11,34.0,F,CA,basic,9.2,partner,ios,3,65.4,PROMO_2,0
1692,2021-01-30,39.0,M,US,basic,9.22,social,ios,2,48.9,PROMO_1,0
1693,2021-12-16,27.0,F,PK,standard,18.82,social,android,1,102.5,PROMO_1,0
1694,2022-12-13,38.0,M,US,premium,36.54,organic,ios,2,51.4,PROMO_12,0
1695,2023-11-03,18.0,F,AE,basic,8.3,paid_search,android,0,32.1,PROMO_4,0
1696,2021-11-12,31.0,M,PK,standard,21.63,paid_search,,0,42.2,PROMO_20,1
1697,2022-09-03,36.0,F,UK,basic,9.08,social,web,1,21.0,PROMO_150,0
1698,2023-11-17,47.0,F,PK,basic,9.81,referral,android,1,66.2,PROMO_1,0
1699,2023-01-31,49.0,M,IN,standard,21.11,paid_search,android,2,74.1,PROMO_1,0
1700,2020-10-23,26.0,F,UK,standard,18.38,organic,web,2,62.6,PROMO_2,0
1701,2023-06-10,60.0,M,CA,premium,40.32,organic,ios,0,37.4,PROMO_3,0
1702,2023-10-08,39.0,M,DE,basic,9.03,organic,,1,36.9,PROMO_46,0
1703,2021-11-12,40.0,F,CA,basic,8.17,organic,android,1,61.0,PROMO_4,0
1704,2023-09-09,19.0,F,US,basic,8.87,paid_search,ios,3,42.2,PROMO_1,1
1705,2020-12-19,30.0,F,PK,basic,9.42,referral,android,0,37.1,PROMO_1,0
1706,2021-03-13,49.0,F,IN,basic,8.64,paid_search,android,1,35.4,PROMO_3,0
1707,2020-09-22,39.0,M,IN,basic,8.77,referral,android,1,78.0,PROMO_145,1
1708,2020-12-29,38.0,M,IN,basic,8.88,partner,ios,2,43.0,PROMO_150,0
1709,2023-07-10,39.0,F,NZ,basic,10.52,organic,,1,62.5,PROMO_5,0
1710,2023-08-23,21.0,M,UK,basic,7.68,social,android,0,58.2,PROMO_88,0
1711,2023-02-24,36.0,M,UK,standard,19.76,organic,,2,37.3,PROMO_1,0
1712,2022-09-01,52.0,F,CA,basic,8.82,organic,web,2,50.6,PROMO_1,0
1713,2021-02-12,49.0,F,PK,standard,18.03,organic,android,1,35.0,PROMO_1,0
1714,2021-09-02,36.0,M,CA,premium,38.13,organic,web,1,71.7,PROMO_1,0
1715,2022-01-03,54.0,M,CA,standard,20.01,social,ios,0,36.3,PROMO_1,0
1716,2021-02-14,23.0,F,UK,basic,9.52,social,ios,0,55.5,PROMO_2,0
1717,2022-01-01,26.0,M,US,basic,9.13,social,ios,0,42.6,PROMO_54,0
1718,2023-01-04,57.0,F,AE,standard,20.66,social,ios,1,36.1,PROMO_2,0
1719,2022-11-19,43.0,M,IN,standard,20.93,referral,android,1,66.2,PROMO_1,0
1720,2022-06-28,34.0,M,PK,basic,9.59,referral,ios,0,42.2,PROMO_3,0
1721,2024-02-09,36.0,F,US,basic,8.61,referral,,0,22.6,PROMO_4,0
1722,2021-08-22,28.0,M,AE,standard,19.75,social,android,1,56.4,PROMO_3,0
1723,2021-12-23,40.0,F,CA,basic,9.36,paid_search,ios,1,39.4,PROMO_1,0
1724,2021-09-06,39.0,M,AE,standard,17.76,paid_search,android,0,52.4,PROMO_9,0
1725,2022-06-05,37.0,M,UK,basic,7.87,paid_search,,0,62.8,PROMO_1,0
1726,2021-06-26,24.0,F,PK,basic,7.54,organic,ios,4,55.3,PROMO_3,1
1727,2020-11-08,40.0,F,US,standard,19.11,referral,android,2,63.3,PROMO_2,0
1728,2022-04-16,31.0,F,IN,basic,9.21,partner,web,2,30.5,PROMO_33,0
1729,2022-10-06,26.0,M,US,standard,17.2,partner,android,0,68.0,PROMO_2,0
1730,2024-01-18,51.0,M,US,basic,9.75,organic,ios,0,45.5,PROMO_2,0
1731,2021-07-02,61.0,F,US,basic,9.11,organic,android,1,28.6,PROMO_2,0
1732,2021-01-10,58.0,Other,US,premium,43.21,organic,android,0,13.2,PROMO_5,0
1733,2021-10-19,44.0,M,US,basic,9.27,referral,web,0,45.4,PROMO_1,0
1734,2021-03-04,34.0,F,DE,basic,8.23,social,,2,38.2,PROMO_2,1
1735,2021-03-10,36.0,F,US,premium,40.43,referral,android,1,38.4,PROMO_15,0
1736,2021-06-05,41.0,M,AE,standard,20.02,partner,android,1,55.0,PROMO_12,0
1737,2022-07-18,32.0,F,US,standard,18.17,organic,ios,0,75.8,PROMO_1,0
1738,2024-01-25,52.0,Other,IN,basic,7.96,paid_search,android,1,36.5,PROMO_11,0
1739,2024-06-06,18.0,M,PK,basic,9.07,referral,web,1,51.4,PROMO_2,0
1740,2023-09-02,34.0,F,PK,standard,17.48,organic,android,3,41.5,PROMO_1,0
1741,2022-10-25,46.0,F,US,basic,9.81,paid_search,android,3,35.2,PROMO_2,0
1742,2021-08-19,28.0,F,SE,basic,8.71,paid_search,android,0,34.8,PROMO_1,0
1743,2022-09-20,34.0,M,AE,standard,21.62,social,android,1,74.6,PROMO_1,0
1744,2024-05-10,44.0,F,AE,basic,7.47,partner,web,0,50.2,PROMO_1,0
1745,2023-08-25,54.0,M,US,basic,9.1,organic,ios,0,47.1,PROMO_1,0
1746,2020-09-28,23.0,M,PK,basic,10.03,paid_search,android,0,39.7,PROMO_1,0
1747,2020-09-16,22.0,M,SE,basic,8.36,partner,android,2,51.0,PROMO_1,0
1748,2023-01-07,27.0,F,US,standard,18.76,paid_search,android,2,40.4,PROMO_1,0
1749,2021-05-27,20.0,F,DE,premium,37.74,social,ios,2,79.0,PROMO_1,0
1750,2021-09-22,21.0,M,CA,basic,8.51,partner,ios,1,53.8,PROMO_1,0
1751,2020-12-03,26.0,F,AE,basic,9.18,organic,android,1,52.1,PROMO_1,0
1752,2021-02-02,51.0,F,PK,standard,17.03,organic,ios,4,51.8,PROMO_1,0
1753,2022-01-25,34.0,Other,PK,basic,8.92,organic,ios,2,69.6,PROMO_48,0
1754,2022-12-14,37.0,M,PK,basic,9.37,organic,web,2,49.7,PROMO_1,0
1755,2022-01-28,26.0,M,SE,premium,38.33,paid_search,ios,1,42.9,PROMO_3,0
1756,2023-03-28,44.0,F,CA,standard,17.48,organic,android,1,52.4,PROMO_1,1
1757,2023-02-16,58.0,M,US,basic,9.74,paid_search,android,2,61.9,PROMO_1,0
1758,2022-02-21,27.0,F,IN,premium,41.28,referral,web,1,67.7,PROMO_2,0
1759,2022-04-14,56.0,F,PK,basic,8.25,organic,android,4,53.2,PROMO_2,0
1760,2022-04-01,41.0,F,PK,premium,34.96,paid_search,android,2,53.4,PROMO_1,0
1761,2022-12-28,37.0,M,PK,standard,17.55,organic,ios,0,64.9,PROMO_4,0
1762,2022-11-24,41.0,F,IN,standard,19.83,social,ios,3,9.0,PROMO_1,0
1763,2024-05-27,41.0,M,PK,premium,39.86,paid_search,ios,3,51.3,PROMO_10,0
1764,2022-03-03,57.0,M,PK,standard,20.2,organic,ios,5,41.2,PROMO_1,0
1765,2022-04-08,43.0,M,PK,basic,8.77,partner,android,0,50.9,PROMO_150,0
1766,2020-11-28,43.0,F,US,basic,8.33,referral,ios,3,55.3,PROMO_1,1
1767,2022-07-16,32.0,M,US,standard,20.4,social,web,0,68.7,PROMO_2,0
1768,2022-09-04,46.0,M,PK,standard,18.16,social,android,0,29.2,PROMO_1,0
1769,2024-03-09,26.0,F,CA,basic,9.13,paid_search,android,1,39.2,PROMO_1,0
1770,2023-09-13,38.0,F,SE,standard,16.64,organic,web,2,36.7,PROMO_3,0
1771,2023-03-02,69.0,M,PK,standard,18.13,paid_search,,0,40.9,PROMO_9,0
1772,2023-01-07,18.0,M,IN,basic,9.73,referral,ios,2,29.4,PROMO_3,0
1773,2023-01-27,40.0,M,CA,basic,8.48,partner,android,0,82.1,PROMO_7,0
1774,2022-12-15,40.0,F,IN,basic,9.59,social,ios,0,63.1,PROMO_5,0
1775,2021-07-15,34.0,F,PK,basic,7.32,paid_search,ios,4,38.4,PROMO_1,0
1776,2023-12-13,35.0,F,CA,basic,8.6,social,ios,1,50.2,PROMO_4,0
1777,2023-03-10,38.0,Other,UK,basic,8.88,social,android,1,43.5,PROMO_2,0
1778,2023-10-30,34.0,M,PK,basic,10.25,organic,android,0,52.3,PROMO_7,0
1779,2023-04-13,39.0,M,DE,basic,8.16,paid_search,ios,0,38.5,PROMO_7,0
1780,2021-11-09,32.0,M,PK,standard,20.02,organic,android,0,27.2,PROMO_3,0
1781,2024-04-07,59.0,F,CA,basic,9.76,paid_search,ios,0,41.4,PROMO_2,0
1782,2023-02-28,34.0,M,AE,premium,36.75,referral,,2,70.7,PROMO_1,0
1783,2024-05-09,43.0,F,US,premium,37.83,paid_search,web,0,27.7,PROMO_1,0
1784,2020-11-01,30.0,F,PK,standard,19.22,social,android,2,66.5,PROMO_4,0
1785,2021-09-11,47.0,F,IN,premium,34.38,paid_search,android,4,58.4,PROMO_1,0
1786,2023-07-10,45.0,F,PK,premium,37.58,organic,ios,0,44.0,PROMO_2,0
1787,2023-09-11,42.0,F,CA,basic,9.92,social,ios,3,61.3,PROMO_1,0
1788,2024-01-26,26.0,M,AE,standard,19.79,social,android,0,53.1,PROMO_1,0
1789,2022-08-28,29.0,M,PK,basic,8.89,referral,web,2,17.9,PROMO_1,0
1790,2021-08-06,56.0,M,UK,standard,19.17,social,ios,1,43.9,PROMO_1,0
1791,2022-03-27,29.0,F,SE,basic,9.42,referral,ios,0,44.4,PROMO_133,0
1792,2021-02-11,44.0,M,IN,basic,9.56,organic,ios,0,71.7,PROMO_1,0
1793,2023-02-22,27.0,F,PK,basic,8.6,social,ios,0,44.0,PROMO_32,0
1794,2023-05-24,48.0,F,PK,premium,43.79,paid_search,android,1,46.8,PROMO_1,0
1795,2022-08-21,29.0,F,PK,basic,9.95,social,android,0,32.6,PROMO_1,0
1796,2023-09-06,26.0,F,DE,basic,9.49,social,ios,2,49.1,PROMO_1,0
1797,2020-10-03,29.0,M,PK,basic,8.39,organic,ios,2,32.2,PROMO_1,0
1798,2023-09-28,31.0,M,PK,basic,8.27,paid_search,ios,0,66.3,PROMO_30,0
1799,2022-08-20,41.0,F,US,standard,18.5,social,ios,0,43.7,PROMO_9,0
1800,2022-06-21,38.0,M,SE,standard,19.09,organic,android,1,32.1,PROMO_5,0
1801,2024-03-24,25.0,F,US,basic,7.73,social,ios,0,68.4,PROMO_1,0
1802,2022-09-03,37.0,F,DE,basic,9.36,referral,android,0,30.4,PROMO_1,0
1803,2022-09-22,24.0,M,PK,basic,9.93,organic,web,2,53.8,PROMO_5,1
1804,2023-06-18,44.0,M,AE,basic,9.42,social,ios,1,27.7,PROMO_2,0
1805,2023-12-17,46.0,M,UK,standard,17.97,referral,ios,0,54.4,PROMO_2,0
1806,2024-04-09,37.0,F,IN,standard,17.79,organic,ios,0,66.0,PROMO_2,0
1807,2024-05-30,40.0,M,DE,basic,9.22,organic,android,0,40.3,PROMO_87,0
1808,2022-08-16,56.0,F,PK,standard,18.77,social,ios,2,32.3,PROMO_3,0
1809,2024-02-08,35.0,F,US,basic,9.32,social,android,1,32.8,PROMO_3,0
1810,2020-10-26,27.0,F,PK,standard,19.91,referral,ios,1,49.2,PROMO_2,0
1811,2023-07-09,43.0,F,PK,standard,20.66,social,android,0,78.9,PROMO_1,0
1812,2021-12-23,25.0,F,SE,standard,17.28,social,ios,1,66.0,PROMO_1,0
1813,2021-11-24,35.0,F,US,standard,19.34,paid_search,android,0,67.6,PROMO_20,0
1814,2022-07-28,30.0,M,IN,premium,37.87,organic,android,1,34.0,PROMO_6,0
1815,2021-02-07,29.0,F,PK,basic,8.93,social,ios,2,66.5,PROMO_150,1
1816,2024-01-10,34.0,F,IN,basic,9.62,organic,ios,0,64.8,PROMO_24,0
1817,2023-07-24,47.0,M,IN,basic,9.7,partner,android,1,54.6,PROMO_9,0
1818,2023-06-28,49.0,M,AE,standard,21.13,organic,ios,1,40.5,PROMO_3,0
1819,2023-12-07,47.0,F,PK,standard,19.65,organic,ios,3,64.6,PROMO_2,0
1820,2023-05-01,41.0,F,IN,standard,18.83,referral,ios,0,39.8,PROMO_150,0
1821,2023-04-06,34.0,F,IN,standard,18.62,organic,ios,0,59.9,PROMO_1,0
1822,2021-07-21,18.0,M,PK,basic,7.75,paid_search,android,0,44.3,PROMO_50,1
1823,2023-04-21,41.0,F,IN,standard,21.04,partner,android,2,35.2,PROMO_1,0
1824,2021-02-17,18.0,F,IN,standard,18.51,referral,android,1,43.9,PROMO_2,0
1825,2021-07-10,18.0,M,PK,basic,9.36,organic,web,1,79.5,PROMO_1,0
1826,2021-01-13,35.0,M,US,basic,9.49,organic,android,1,32.5,PROMO_1,0
1827,2024-01-17,40.0,F,US,basic,8.1,social,android,0,64.9,PROMO_3,0
1828,2020-09-21,32.0,F,US,basic,8.34,paid_search,android,4,62.6,PROMO_1,0
1829,2022-02-14,54.0,F,IN,standard,21.35,organic,ios,1,47.2,PROMO_1,0
1830,2020-09-24,42.0,F,IN,premium,39.91,organic,,0,41.7,PROMO_4,0
1831,2023-02-07,34.0,F,PK,standard,18.12,referral,ios,2,31.3,PROMO_1,1
1832,2020-11-03,52.0,M,UK,basic,8.91,paid_search,android,1,69.3,PROMO_2,0
1833,2022-03-21,54.0,M,UK,standard,20.65,referral,ios,2,32.2,PROMO_1,0
1834,2024-03-03,43.0,M,US,standard,20.42,organic,,2,8.2,PROMO_8,0
1835,2022-11-23,28.0,M,DE,basic,7.94,social,android,3,54.6,PROMO_2,0
1836,2023-12-03,31.0,M,AE,standard,21.48,paid_search,web,1,29.7,PROMO_90,0
1837,2020-11-20,21.0,F,PK,basic,9.7,paid_search,web,1,48.4,PROMO_1,0
1838,2023-04-17,37.0,M,US,basic,8.89,social,android,0,29.8,PROMO_8,0
1839,2023-08-09,25.0,F,IN,basic,8.14,organic,ios,1,41.3,PROMO_3,1
1840,2022-05-10,33.0,F,US,basic,9.76,referral,ios,1,51.0,PROMO_2,0
1841,2022-11-02,40.0,F,US,premium,40.49,social,web,0,54.1,PROMO_1,0
1842,2024-01-29,18.0,M,SE,basic,7.95,organic,ios,2,70.1,PROMO_2,0
1843,2021-05-11,23.0,M,IN,basic,8.83,social,ios,0,50.0,PROMO_4,0
1844,2021-03-31,31.0,F,AE,basic,11.25,partner,,0,51.6,PROMO_8,0
1845,2021-08-20,36.0,F,US,basic,9.01,paid_search,web,1,46.4,PROMO_136,0
1846,2022-02-10,32.0,M,AE,basic,8.47,paid_search,android,2,63.9,PROMO_1,0
1847,2022-12-03,34.0,F,AE,basic,8.27,referral,ios,3,33.0,PROMO_10,0
1848,2022-05-24,29.0,F,US,standard,21.69,organic,android,0,43.4,PROMO_1,0
1849,2022-06-23,21.0,M,PK,basic,9.61,social,ios,1,50.0,PROMO_6,0
1850,2023-10-26,31.0,M,US,standard,21.14,organic,ios,1,36.4,PROMO_2,0
1851,2024-02-19,35.0,F,UK,basic,9.18,social,android,1,70.9,PROMO_15,0
1852,2023-06-27,34.0,F,SE,standard,20.91,paid_search,ios,0,54.8,PROMO_2,0
1853,2022-09-23,38.0,M,DE,standard,17.71,organic,web,0,31.6,PROMO_2,0
1854,2023-11-02,42.0,F,PK,basic,9.12,referral,android,1,56.1,PROMO_1,0
1855,2024-01-15,44.0,M,US,basic,9.21,paid_search,android,2,69.7,PROMO_12,0
1856,2021-03-23,30.0,M,UK,premium,43.31,paid_search,android,1,39.2,PROMO_1,0
1857,2023-01-10,20.0,M,US,basic,9.23,social,android,0,70.4,PROMO_1,1
1858,2022-03-27,51.0,F,PK,standard,18.05,paid_search,web,2,53.9,PROMO_1,0
1859,2022-06-18,41.0,F,IN,basic,9.05,organic,android,0,53.0,PROMO_1,0
1860,2021-08-31,26.0,F,IN,basic,7.79,social,,1,68.0,PROMO_3,0
1861,2021-08-25,40.0,F,IN,standard,15.47,partner,android,3,53.1,PROMO_1,0
1862,2023-04-29,49.0,F,US,premium,41.59,organic,,3,55.9,PROMO_1,0
1863,2021-03-28,56.0,F,CA,basic,8.73,referral,ios,0,51.4,PROMO_3,0
1864,2023-01-15,40.0,F,DE,standard,18.6,social,android,2,23.7,PROMO_1,0
1865,2021-04-15,49.0,M,UK,standard,20.26,organic,web,1,56.2,PROMO_1,0
1866,2022-11-30,24.0,F,PK,basic,10.01,social,android,3,53.8,PROMO_2,0
1867,2024-01-09,37.0,F,PK,basic,9.38,paid_search,ios,0,44.3,PROMO_15,0
1868,2021-07-28,33.0,F,PK,basic,10.39,referral,ios,2,11.8,PROMO_25,0
1869,2024-04-30,41.0,M,IN,basic,9.36,social,ios,0,59.3,PROMO_3,0
1870,2021-07-11,55.0,F,AE,standard,19.46,organic,ios,2,37.1,PROMO_1,0
1871,2024-04-12,40.0,M,NZ,basic,9.17,organic,android,2,33.1,PROMO_3,0
1872,2023-08-30,27.0,F,UK,basic,8.07,paid_search,ios,6,31.7,PROMO_150,0
1873,2022-03-01,23.0,M,PK,standard,20.45,paid_search,ios,1,20.6,PROMO_4,1
1874,2020-11-19,55.0,M,US,standard,15.28,partner,ios,0,56.9,PROMO_1,0
1875,2022-11-25,43.0,M,PK,standard,18.11,referral,android,1,85.3,PROMO_2,0
1876,2023-12-27,42.0,M,IN,standard,19.03,referral,,0,41.3,PROMO_1,0
1877,2023-07-25,33.0,M,PK,basic,8.43,paid_search,android,2,62.3,PROMO_3,0
1878,2021-01-21,40.0,F,PK,standard,18.31,organic,android,2,48.6,PROMO_2,0
1879,2021-09-12,26.0,F,UK,basic,10.32,social,android,1,54.1,PROMO_1,0
1880,2024-01-24,41.0,M,CA,basic,9.79,organic,android,1,49.0,PROMO_1,1
1881,2022-12-27,24.0,M,UK,basic,8.51,organic,android,1,61.7,PROMO_10,0
1882,2023-06-11,33.0,M,PK,standard,18.29,organic,android,0,31.9,PROMO_1,0
1883,2023-10-09,30.0,F,DE,standard,17.06,partner,android,2,51.5,PROMO_4,0
1884,2021-03-30,18.0,F,PK,basic,9.51,social,web,1,67.0,PROMO_1,0
1885,2022-02-09,33.0,M,AE,premium,38.22,organic,web,0,60.5,PROMO_1,1
1886,2023-10-07,27.0,M,AE,standard,16.01,partner,android,0,54.9,PROMO_38,0
1887,2021-12-26,35.0,F,PK,basic,9.07,referral,android,0,51.5,PROMO_3,0
1888,2022-11-18,37.0,F,US,standard,19.67,social,android,0,44.6,PROMO_1,0
1889,2024-03-18,56.0,M,PK,basic,9.69,organic,web,2,44.7,PROMO_144,0
1890,2022-09-29,,M,PK,premium,38.77,paid_search,web,1,26.7,PROMO_1,0
1891,2023-09-29,41.0,Other,AE,basic,8.73,paid_search,android,1,57.5,PROMO_4,0
1892,2023-07-08,42.0,F,PK,basic,10.43,social,android,2,70.5,PROMO_1,0
1893,2021-02-13,47.0,F,PK,basic,9.0,social,android,1,54.4,PROMO_3,0
1894,2021-10-04,42.0,F,AE,basic,9.52,organic,android,0,50.2,PROMO_1,0
1895,2023-12-08,40.0,M,DE,standard,18.18,paid_search,,1,59.0,PROMO_3,0
1896,2021-03-24,45.0,F,IN,basic,9.5,paid_search,ios,3,18.2,PROMO_1,0
1897,2022-04-10,18.0,F,IN,basic,7.95,referral,android,3,42.4,PROMO_2,1
1898,2021-02-20,60.0,F,US,standard,18.3,organic,android,2,48.9,PROMO_1,0
1899,2021-08-15,54.0,F,US,premium,35.23,social,ios,2,24.4,PROMO_8,0
1900,2023-02-28,39.0,M,UK,standard,18.08,partner,ios,1,52.4,PROMO_1,0
1901,2022-06-03,21.0,F,CA,basic,9.9,social,android,3,22.2,PROMO_1,0
1902,2022-06-09,50.0,F,US,basic,8.56,paid_search,ios,3,60.4,PROMO_4,1
1903,2021-09-21,29.0,M,NZ,basic,9.52,social,android,3,53.4,PROMO_1,0
1904,2023-07-04,43.0,F,AE,premium,43.73,referral,android,1,47.1,PROMO_3,0
1905,2023-03-09,23.0,M,US,standard,18.96,referral,android,0,61.4,PROMO_1,0
1906,2023-07-09,61.0,M,CA,standard,20.51,organic,android,2,52.2,PROMO_1,0
1907,2023-04-29,21.0,M,PK,premium,40.66,organic,android,1,57.1,PROMO_1,0
1908,2023-11-01,38.0,M,IN,basic,9.08,organic,ios,2,54.3,PROMO_4,0
1909,2024-04-21,18.0,M,US,standard,20.14,organic,web,0,37.1,PROMO_1,0
1910,2020-11-21,37.0,M,AE,basic,10.32,social,android,0,73.5,PROMO_2,0
1911,2024-02-29,32.0,M,AE,basic,8.54,organic,android,0,68.7,PROMO_4,0
1912,2021-02-01,50.0,F,PK,basic,8.31,social,android,2,56.4,PROMO_3,0
1913,2024-06-06,32.0,M,DE,basic,8.27,social,android,4,52.3,PROMO_8,0
1914,2021-07-04,,M,US,premium,42.1,paid_search,web,1,61.3,PROMO_2,0
1915,2023-03-15,26.0,F,US,basic,9.81,organic,android,0,68.9,PROMO_1,0
1916,2022-06-27,34.0,F,PK,standard,18.18,paid_search,ios,0,78.6,PROMO_1,0
1917,2023-05-18,34.0,M,CA,standard,15.75,organic,ios,1,41.9,PROMO_1,0
1918,2022-08-03,42.0,F,IN,standard,17.97,partner,web,2,65.7,PROMO_2,0
1919,2022-09-26,41.0,M,PK,premium,40.71,paid_search,android,1,48.7,PROMO_1,0
1920,2022-06-10,45.0,Other,CA,basic,8.95,organic,android,1,25.9,PROMO_1,0
1921,2022-12-16,40.0,F,IN,basic,9.13,organic,android,1,62.6,PROMO_3,0
1922,2022-06-01,44.0,F,PK,basic,8.62,social,ios,2,72.0,PROMO_5,0
1923,2021-04-28,27.0,M,NZ,basic,9.73,social,ios,1,64.6,PROMO_10,1
1924,2022-10-20,41.0,F,PK,premium,40.07,partner,,1,47.5,PROMO_4,0
1925,2023-01-29,,M,CA,basic,9.42,organic,android,1,55.8,PROMO_34,0
1926,2023-12-12,19.0,F,UK,basic,9.11,organic,android,1,60.5,PROMO_3,0
1927,2023-01-31,42.0,F,SE,basic,9.38,referral,ios,2,58.6,PROMO_1,0
1928,2023-12-20,44.0,F,US,basic,9.33,paid_search,android,2,68.5,PROMO_3,0
1929,2023-10-03,53.0,F,US,standard,17.59,paid_search,web,0,64.1,PROMO_5,0
1930,2020-11-04,45.0,M,CA,basic,9.27,partner,web,0,41.3,PROMO_1,0
1931,2024-02-08,38.0,F,DE,standard,20.2,social,,1,50.4,PROMO_3,0
1932,2022-08-15,42.0,F,AE,standard,20.76,paid_search,ios,2,42.4,PROMO_9,0
1933,2021-04-16,29.0,M,AE,standard,19.63,partner,android,1,52.4,PROMO_20,0
1934,2020-11-03,33.0,M,AE,basic,8.31,organic,web,2,22.0,PROMO_1,0
1935,2023-11-21,22.0,F,PK,standard,17.77,organic,ios,1,78.9,PROMO_1,1
1936,2023-10-29,53.0,M,PK,basic,8.69,organic,android,2,38.3,PROMO_4,1
1937,2023-01-13,42.0,F,PK,basic,9.14,organic,ios,1,42.3,PROMO_2,1
1938,2022-05-07,27.0,M,PK,standard,18.81,paid_search,android,1,51.2,PROMO_1,1
1939,2020-10-25,40.0,M,CA,standard,17.29,referral,android,0,29.3,PROMO_1,0
1940,2023-08-29,,M,US,basic,8.19,partner,android,1,45.0,PROMO_1,0
1941,2023-10-28,48.0,M,US,premium,32.45,social,android,0,52.5,PROMO_6,0
1942,2023-06-27,27.0,M,PK,basic,6.75,partner,android,2,74.7,PROMO_1,0
1943,2021-02-20,18.0,F,IN,standard,18.8,paid_search,web,2,52.1,PROMO_2,0
1944,2024-04-30,41.0,M,PK,premium,46.24,paid_search,,5,43.9,PROMO_1,0
1945,2023-01-03,27.0,M,PK,standard,21.73,organic,web,0,33.1,PROMO_1,1
1946,2023-12-29,44.0,F,CA,standard,17.51,paid_search,android,1,82.1,PROMO_150,0
1947,2023-11-07,47.0,M,PK,standard,19.23,paid_search,web,1,51.2,PROMO_16,0
1948,2020-12-23,49.0,M,CA,standard,16.77,organic,ios,3,51.2,PROMO_1,0
1949,2024-06-08,56.0,M,US,standard,17.01,partner,ios,0,29.4,PROMO_2,1
1950,2023-03-25,51.0,F,DE,standard,17.18,organic,web,0,57.9,PROMO_2,0
1951,2020-12-25,56.0,M,PK,basic,8.84,social,ios,4,41.2,PROMO_3,0
1952,2022-02-22,52.0,F,US,standard,18.72,organic,ios,1,72.1,PROMO_1,0
1953,2024-03-03,53.0,Other,US,basic,9.18,paid_search,web,0,57.0,PROMO_45,0
1954,2022-09-08,37.0,F,AE,premium,41.07,social,android,2,51.9,PROMO_3,0
1955,2020-10-10,23.0,M,CA,basic,8.76,organic,android,1,30.2,PROMO_1,0
1956,2022-12-06,64.0,F,PK,basic,9.03,organic,web,2,48.5,PROMO_1,0
1957,2022-06-12,38.0,M,AE,premium,35.59,social,,2,46.8,PROMO_1,1
1958,2022-06-07,51.0,F,PK,basic,8.03,social,ios,1,51.8,PROMO_1,0
1959,2021-12-12,31.0,M,CA,basic,7.92,paid_search,ios,3,20.4,PROMO_1,0
1960,2023-09-26,48.0,M,IN,standard,19.99,paid_search,web,1,36.4,PROMO_2,0
1961,2021-04-09,18.0,F,PK,basic,8.76,organic,ios,1,42.6,PROMO_2,1
1962,2020-09-15,32.0,M,PK,basic,7.65,organic,,0,57.5,PROMO_80,0
1963,2023-11-27,36.0,M,CA,basic,8.95,referral,ios,1,21.0,PROMO_1,0
1964,2021-05-08,42.0,F,IN,basic,8.1,organic,android,3,70.7,PROMO_1,0
1965,2021-05-10,49.0,F,AE,basic,10.2,paid_search,android,2,68.6,PROMO_3,0
1966,2021-08-22,25.0,F,US,basic,8.58,social,web,0,35.1,PROMO_1,0
1967,2023-01-16,44.0,F,DE,basic,9.49,referral,ios,2,87.0,PROMO_6,0
1968,2022-09-03,50.0,M,PK,basic,9.78,organic,ios,1,53.6,PROMO_6,0
1969,2021-04-09,63.0,M,NZ,basic,8.31,social,,0,48.4,PROMO_1,0
1970,2023-11-13,45.0,F,CA,standard,19.12,social,android,4,58.9,PROMO_1,0
1971,2021-04-24,32.0,M,IN,standard,19.84,organic,ios,2,56.3,PROMO_17,0
1972,2020-12-18,23.0,F,IN,basic,9.08,organic,ios,1,51.8,PROMO_1,0
1973,2021-11-13,57.0,M,IN,basic,9.26,referral,ios,1,33.7,PROMO_3,0
1974,2023-02-25,45.0,M,PK,premium,34.85,paid_search,android,3,43.4,PROMO_3,1
1975,2022-05-01,37.0,M,IN,standard,19.84,organic,web,1,55.4,PROMO_1,0
1976,2024-04-02,19.0,M,PK,basic,8.65,social,android,1,62.5,PROMO_3,0
1977,2020-12-03,27.0,F,US,basic,9.25,paid_search,android,2,71.6,PROMO_150,0
1978,2023-02-24,44.0,M,US,basic,9.66,organic,ios,4,43.1,PROMO_2,0
1979,2024-03-24,41.0,M,PK,standard,20.02,organic,web,0,51.2,PROMO_5,0
1980,2021-06-10,18.0,M,US,premium,40.09,paid_search,android,3,40.1,PROMO_2,0
1981,2021-12-16,44.0,F,UK,premium,41.0,social,android,1,66.4,PROMO_1,0
1982,2022-02-02,20.0,M,PK,basic,9.5,paid_search,web,2,45.3,PROMO_1,0
1983,2024-03-28,52.0,F,US,basic,10.08,organic,web,2,41.2,PROMO_2,0
1984,2021-08-09,39.0,M,US,basic,8.98,social,android,1,50.9,PROMO_150,0
1985,2022-01-13,32.0,M,AE,basic,9.12,social,web,2,24.9,PROMO_11,0
1986,2021-06-11,48.0,F,UK,basic,9.67,paid_search,web,2,58.1,PROMO_105,0
1987,2021-04-26,41.0,F,DE,standard,18.25,organic,android,0,45.4,PROMO_1,0
1988,2023-08-23,52.0,F,CA,basic,8.04,organic,ios,2,91.5,PROMO_2,1
1989,2023-08-25,38.0,F,AE,premium,40.54,partner,android,1,40.7,PROMO_16,0
1990,2020-12-14,39.0,F,PK,basic,8.85,organic,web,2,46.0,PROMO_1,0
1991,2022-06-09,34.0,F,UK,basic,8.13,paid_search,android,2,65.3,PROMO_1,0
1992,2022-10-15,40.0,F,US,premium,40.56,social,ios,0,61.7,PROMO_5,0
1993,2023-05-11,56.0,M,PK,standard,21.18,referral,web,2,65.5,PROMO_6,0
1994,2022-01-11,31.0,M,IN,basic,7.83,partner,android,0,45.8,PROMO_1,0
1995,2021-08-05,44.0,F,PK,standard,20.55,paid_search,ios,3,32.8,PROMO_6,0
1996,2024-06-07,27.0,F,SE,basic,7.17,partner,android,2,90.0,PROMO_1,0
1997,2022-05-10,18.0,M,PK,basic,8.71,organic,android,0,57.7,PROMO_1,0
1998,2020-09-09,39.0,F,DE,basic,10.33,referral,web,0,53.4,PROMO_4,0
1999,2023-05-20,41.0,F,PK,basic,8.76,organic,web,4,62.1,PROMO_30,0
2000,2023-05-20,36.0,F,IN,standard,19.14,partner,ios,2,30.5,PROMO_2,0
2001,2021-02-15,21.0,Other,CA,basic,9.55,referral,web,0,43.2,PROMO_1,0
2002,2024-03-17,40.0,F,PK,standard,16.39,referral,android,1,34.4,PROMO_1,0
2003,2022-12-10,,M,PK,standard,19.11,social,ios,2,52.5,PROMO_1,0
2004,2022-09-17,27.0,F,AE,basic,9.05,organic,web,0,29.3,PROMO_1,1
2005,2021-06-05,22.0,F,PK,basic,10.34,paid_search,web,2,60.1,PROMO_8,0
2006,2023-12-15,34.0,F,PK,basic,8.11,organic,android,0,67.8,PROMO_2,0
2007,2022-10-20,44.0,M,SE,standard,18.42,social,,2,67.2,PROMO_1,1
2008,2023-11-13,42.0,M,AE,standard,17.59,organic,,6,56.6,PROMO_8,1
2009,2021-06-20,27.0,M,PK,standard,17.43,organic,android,0,52.9,PROMO_150,0
2010,2022-01-20,39.0,Other,US,basic,9.81,organic,ios,3,43.7,PROMO_2,0
2011,2022-07-26,47.0,M,PK,basic,9.02,referral,android,2,56.7,PROMO_6,0
2012,2022-12-16,24.0,F,CA,standard,18.16,paid_search,ios,1,48.4,PROMO_1,0
2013,2023-11-12,,M,PK,basic,8.63,paid_search,android,2,22.0,PROMO_1,1
2014,2020-12-16,52.0,F,US,standard,18.14,organic,ios,3,40.7,PROMO_1,0
2015,2021-12-30,23.0,M,PK,basic,8.66,paid_search,web,0,61.9,PROMO_6,0
2016,2023-03-28,50.0,M,NZ,basic,8.09,paid_search,ios,2,33.1,PROMO_2,0
2017,2022-11-17,55.0,F,PK,standard,18.61,organic,web,2,32.8,PROMO_1,0
2018,2021-09-12,35.0,F,DE,basic,8.74,social,android,1,47.0,PROMO_1,0
2019,2021-09-22,33.0,M,US,standard,17.85,paid_search,android,1,17.5,PROMO_1,0
2020,2022-09-13,48.0,F,CA,basic,9.11,partner,web,2,60.9,PROMO_1,0
2021,2023-04-19,35.0,F,PK,premium,39.75,organic,android,1,59.6,PROMO_1,0
2022,2021-12-13,,M,IN,standard,18.15,paid_search,android,0,64.2,PROMO_1,0
2023,2021-12-15,36.0,F,SE,premium,38.55,partner,ios,1,53.3,PROMO_150,0
2024,2022-03-06,42.0,F,PK,standard,22.28,referral,android,2,37.2,PROMO_2,0
2025,2024-03-02,45.0,M,PK,standard,22.22,paid_search,web,1,31.5,PROMO_1,1
2026,2022-08-28,27.0,F,SE,standard,17.4,organic,ios,0,58.3,PROMO_1,0
2027,2022-02-14,34.0,F,US,basic,8.34,paid_search,android,0,60.7,PROMO_1,0
2028,2020-11-07,48.0,Other,CA,basic,8.24,social,android,1,33.2,PROMO_1,0
2029,2022-06-16,36.0,F,CA,standard,20.61,organic,android,4,31.2,PROMO_1,0
2030,2023-02-24,20.0,F,US,basic,8.71,organic,ios,1,49.7,PROMO_1,0
2031,2022-05-06,51.0,M,PK,basic,9.17,paid_search,android,1,52.0,PROMO_1,0
2032,2023-10-10,35.0,F,US,premium,45.23,organic,web,0,64.0,PROMO_5,1
2033,2024-02-06,49.0,M,UK,basic,8.99,referral,android,1,59.9,PROMO_1,0
2034,2021-11-18,22.0,M,US,standard,20.07,organic,android,0,48.8,PROMO_1,0
2035,2020-09-19,36.0,M,DE,standard,19.79,partner,ios,1,65.5,PROMO_7,0
2036,2021-03-31,43.0,F,UK,basic,8.58,paid_search,android,0,44.8,PROMO_4,0
2037,2022-03-28,36.0,F,CA,premium,42.3,partner,ios,0,45.4,PROMO_12,0
2038,2024-04-16,24.0,M,PK,basic,8.39,referral,ios,3,62.7,PROMO_2,1
2039,2020-09-16,18.0,F,US,premium,43.18,organic,android,3,64.4,PROMO_31,0
2040,2022-09-29,54.0,M,PK,standard,18.11,organic,ios,0,64.8,PROMO_2,0
2041,2023-05-08,40.0,M,PK,basic,8.66,organic,web,1,47.3,PROMO_6,0
2042,2021-01-26,50.0,M,US,basic,8.22,social,android,3,51.1,PROMO_13,1
2043,2021-08-15,47.0,F,IN,basic,8.33,organic,ios,1,37.0,PROMO_7,0
2044,2021-08-11,44.0,M,US,basic,8.69,social,android,1,63.5,PROMO_1,0
2045,2023-05-24,33.0,M,PK,basic,7.25,referral,web,0,41.1,PROMO_1,0
2046,2020-09-11,42.0,F,AE,premium,38.27,paid_search,,1,20.1,PROMO_4,0
2047,2022-09-25,53.0,M,DE,basic,8.63,social,android,1,43.4,PROMO_1,0
2048,2022-06-08,38.0,F,US,standard,20.2,referral,android,2,37.2,PROMO_1,0
2049,2021-08-09,58.0,Other,PK,basic,9.3,referral,ios,0,9.4,PROMO_6,0
2050,2021-12-13,21.0,F,US,premium,36.79,organic,android,0,41.4,PROMO_1,0
2051,2023-10-17,19.0,F,PK,basic,8.67,organic,web,1,61.7,PROMO_6,0
2052,2023-04-20,48.0,M,US,basic,8.83,paid_search,android,0,56.2,PROMO_9,0
2053,2023-01-29,28.0,F,PK,standard,21.26,organic,web,2,56.2,PROMO_3,0
2054,2020-11-11,59.0,F,AE,basic,8.41,paid_search,web,1,71.4,PROMO_21,1
2055,2021-09-28,52.0,F,IN,standard,17.91,partner,ios,1,41.3,PROMO_1,0
2056,2023-01-22,54.0,M,PK,basic,8.19,paid_search,,1,32.8,PROMO_1,0
2057,2021-09-01,47.0,F,PK,standard,16.75,organic,ios,0,57.4,PROMO_2,0
2058,2021-08-26,27.0,M,IN,standard,19.47,organic,ios,2,55.4,PROMO_3,1
2059,2022-12-14,19.0,M,UK,standard,19.31,partner,,1,31.0,PROMO_6,0
2060,2022-12-02,53.0,M,DE,basic,9.92,organic,web,1,47.4,PROMO_9,0
2061,2021-01-23,21.0,F,IN,basic,9.75,organic,ios,2,58.1,PROMO_150,0
2062,2022-04-27,54.0,F,AE,basic,10.73,social,ios,1,54.1,PROMO_150,0
2063,2023-11-17,44.0,M,DE,basic,8.95,paid_search,ios,2,61.0,PROMO_2,0
2064,2021-09-21,36.0,M,US,basic,8.81,paid_search,ios,2,39.9,PROMO_2,0
2065,2022-03-20,42.0,M,IN,premium,34.94,social,,1,28.7,PROMO_6,0
2066,2022-07-09,42.0,M,DE,standard,20.06,social,android,0,36.3,PROMO_11,0
2067,2021-09-14,35.0,M,PK,standard,19.18,organic,,2,63.0,PROMO_4,0
2068,2021-01-06,53.0,Other,UK,basic,9.47,paid_search,ios,0,65.5,PROMO_10,0
2069,2023-03-12,52.0,F,PK,basic,8.18,social,android,2,47.5,PROMO_1,0
2070,2022-11-10,39.0,M,UK,standard,19.53,paid_search,web,0,72.7,PROMO_1,1
2071,2023-09-23,30.0,F,PK,basic,9.15,partner,web,1,47.6,PROMO_4,0
2072,2021-12-31,51.0,F,AE,basic,9.1,organic,web,4,42.3,PROMO_11,0
2073,2022-12-03,18.0,M,US,basic,8.51,paid_search,web,0,28.8,PROMO_9,0
2074,2023-02-24,42.0,F,UK,standard,20.81,social,android,3,48.9,PROMO_3,0
2075,2021-10-23,45.0,F,AE,premium,45.4,paid_search,web,1,65.9,PROMO_1,0
2076,2022-11-25,28.0,M,PK,basic,8.2,organic,android,2,69.0,PROMO_2,0
2077,2022-09-09,48.0,M,US,basic,9.52,paid_search,android,0,66.0,PROMO_150,0
2078,2022-10-12,37.0,M,US,basic,6.93,partner,android,0,57.5,PROMO_1,0
2079,2023-06-20,31.0,F,UK,basic,9.48,paid_search,android,1,74.0,PROMO_4,0
2080,2023-12-20,48.0,F,IN,standard,16.16,organic,android,1,35.5,PROMO_9,0
2081,2021-04-26,25.0,M,US,basic,8.62,organic,android,2,67.8,PROMO_1,0
2082,2024-02-05,47.0,M,UK,standard,17.0,paid_search,web,0,54.2,PROMO_1,0
2083,2023-03-20,18.0,M,IN,basic,8.84,organic,android,2,53.2,PROMO_2,0
2084,2021-12-02,40.0,F,DE,basic,9.6,referral,web,0,28.7,PROMO_98,0
2085,2023-12-12,37.0,F,US,premium,33.21,partner,web,1,55.1,PROMO_2,0
2086,2021-12-19,31.0,M,US,basic,8.74,partner,web,1,67.3,PROMO_1,0
2087,2021-09-03,41.0,F,IN,standard,18.22,paid_search,ios,3,18.1,PROMO_2,0
2088,2021-12-09,36.0,M,US,basic,10.14,paid_search,web,0,61.9,PROMO_1,0
2089,2023-04-17,49.0,F,PK,premium,40.35,paid_search,android,0,15.7,PROMO_60,0
2090,2024-05-14,43.0,F,UK,basic,8.15,organic,ios,2,28.7,PROMO_19,0
2091,2021-02-02,42.0,M,PK,basic,8.66,social,android,5,48.6,PROMO_1,0
2092,2023-03-18,40.0,F,UK,standard,21.37,organic,android,2,73.7,PROMO_6,0
2093,2021-05-27,32.0,F,NZ,basic,9.51,organic,android,2,48.1,PROMO_1,0
2094,2023-09-12,34.0,M,SE,basic,8.34,referral,ios,1,57.0,PROMO_1,0
2095,2023-10-30,,F,AE,premium,38.17,referral,web,1,36.4,PROMO_1,0
2096,2021-07-03,,F,IN,standard,18.64,partner,android,2,47.1,PROMO_2,0
2097,2020-11-22,49.0,M,CA,standard,18.18,paid_search,web,1,49.2,PROMO_3,0
2098,2021-03-11,38.0,F,SE,standard,16.4,referral,android,0,74.4,PROMO_3,1
2099,2021-08-09,41.0,M,IN,standard,17.97,paid_search,ios,1,38.8,PROMO_2,0
2100,2023-07-06,22.0,F,IN,premium,43.33,organic,android,1,40.1,PROMO_1,0
2101,2020-12-28,47.0,F,PK,standard,18.42,paid_search,web,2,66.2,PROMO_1,0
2102,2021-12-02,31.0,F,PK,basic,8.93,social,ios,0,46.3,PROMO_1,1
2103,2023-10-17,26.0,M,PK,basic,9.1,paid_search,android,1,51.7,PROMO_1,0
2104,2023-12-15,55.0,F,AE,standard,22.37,referral,web,3,56.5,PROMO_3,0
2105,2021-02-24,45.0,M,IN,standard,19.01,paid_search,android,1,40.5,PROMO_2,0
2106,2023-05-28,48.0,F,NZ,basic,9.79,partner,web,1,19.2,PROMO_1,0
2107,2021-07-20,42.0,F,IN,basic,8.57,organic,android,0,66.1,PROMO_2,0
2108,2023-12-02,36.0,M,CA,basic,8.81,social,android,1,51.7,PROMO_5,0
2109,2023-05-20,34.0,F,UK,standard,19.02,partner,android,0,30.8,PROMO_1,0
2110,2023-05-16,46.0,M,US,standard,17.82,social,ios,0,61.7,PROMO_3,0
2111,2023-05-20,49.0,M,AE,basic,8.85,referral,ios,1,80.1,PROMO_1,0
2112,2021-11-22,36.0,M,PK,standard,20.35,social,ios,1,67.9,PROMO_22,0
2113,2020-12-27,60.0,M,CA,standard,17.78,organic,android,1,81.2,PROMO_27,0
2114,2021-01-01,35.0,M,AE,premium,39.0,social,android,1,31.6,PROMO_1,0
2115,2021-08-22,,F,PK,basic,9.51,social,ios,2,53.7,PROMO_1,0
2116,2023-09-05,18.0,M,AE,premium,36.43,organic,android,0,55.3,PROMO_1,0
2117,2020-10-24,18.0,F,UK,standard,20.67,paid_search,android,1,48.2,PROMO_15,0
2118,2022-05-24,32.0,F,CA,standard,19.11,organic,ios,1,45.1,PROMO_3,0
2119,2022-05-19,34.0,M,CA,basic,8.88,organic,ios,1,5.6,PROMO_1,0
2120,2021-10-17,45.0,F,PK,standard,15.95,partner,ios,0,75.4,PROMO_1,0
2121,2021-07-15,37.0,M,CA,standard,18.43,partner,android,2,25.7,PROMO_1,0
2122,2020-11-03,46.0,F,PK,basic,9.27,social,web,1,63.6,PROMO_1,0
2123,2022-03-30,37.0,F,US,basic,10.26,paid_search,web,1,50.2,PROMO_1,0
2124,2022-02-20,37.0,M,US,standard,19.86,paid_search,ios,0,49.5,PROMO_2,0
2125,2021-08-17,31.0,M,CA,standard,20.71,organic,web,1,46.9,PROMO_1,0
2126,2023-06-24,53.0,M,IN,basic,8.13,paid_search,ios,2,53.0,PROMO_1,0
2127,2023-04-13,20.0,F,PK,basic,8.91,referral,web,2,59.6,PROMO_4,1
2128,2022-01-29,40.0,F,DE,basic,9.88,paid_search,android,0,64.3,PROMO_1,0
2129,2024-03-14,35.0,F,IN,premium,36.23,paid_search,android,0,48.1,PROMO_12,1
2130,2023-03-26,46.0,F,SE,premium,42.01,organic,web,1,31.9,PROMO_4,0
2131,2021-09-24,37.0,F,PK,basic,9.53,partner,web,1,31.4,PROMO_3,0
2132,2020-10-02,37.0,M,PK,basic,9.2,organic,android,2,65.6,PROMO_150,0
2133,2022-06-25,34.0,F,US,basic,8.76,paid_search,web,4,45.9,PROMO_1,0
2134,2022-12-07,52.0,M,IN,basic,8.29,paid_search,ios,1,34.6,PROMO_2,1
2135,2022-10-12,,M,US,premium,44.54,paid_search,android,1,38.9,PROMO_7,1
2136,2021-11-08,,M,UK,standard,19.96,social,web,1,48.6,PROMO_3,0
2137,2022-05-21,40.0,F,NZ,basic,9.25,social,ios,1,30.7,PROMO_1,0
2138,2024-05-09,37.0,F,US,basic,8.7,social,web,2,49.5,PROMO_1,0
2139,2022-05-28,35.0,F,AE,basic,9.03,organic,web,1,68.8,PROMO_2,1
2140,2022-12-06,43.0,M,NZ,standard,19.25,partner,android,4,48.2,PROMO_3,0
2141,2021-10-17,31.0,M,US,standard,19.61,social,web,1,23.5,PROMO_4,0
2142,2021-02-19,39.0,F,PK,standard,20.12,referral,android,1,63.0,PROMO_1,0
2143,2020-10-21,37.0,F,PK,basic,8.44,organic,web,1,66.7,PROMO_3,0
2144,2022-02-19,41.0,Other,AE,premium,34.42,partner,ios,0,67.4,PROMO_2,0
2145,2023-01-27,41.0,F,PK,basic,9.06,social,ios,2,50.9,PROMO_3,0
2146,2022-10-07,41.0,F,PK,standard,16.34,paid_search,web,2,85.0,PROMO_8,0
2147,2023-10-11,38.0,F,PK,premium,37.99,organic,ios,2,61.0,PROMO_1,0
2148,2020-11-27,54.0,F,UK,basic,8.63,organic,android,0,94.8,PROMO_1,0
2149,2021-03-29,42.0,F,CA,premium,40.53,referral,ios,2,70.3,PROMO_41,0
2150,2021-03-20,66.0,M,UK,basic,10.43,paid_search,ios,2,68.0,PROMO_1,0
2151,2023-03-16,38.0,M,CA,standard,16.04,social,android,0,40.7,PROMO_1,0
2152,2023-03-24,48.0,M,SE,basic,10.64,social,android,1,35.8,PROMO_1,0
2153,2021-03-16,29.0,F,DE,basic,8.83,referral,,0,51.7,PROMO_2,0
2154,2022-05-21,52.0,F,AE,basic,9.25,paid_search,web,2,47.1,PROMO_1,1
2155,2021-10-12,29.0,M,PK,basic,7.98,partner,ios,1,41.9,PROMO_1,0
2156,2022-08-05,42.0,F,US,basic,9.72,organic,web,1,48.0,PROMO_17,0
2157,2022-10-08,34.0,F,PK,basic,9.03,referral,ios,1,47.0,PROMO_23,0
2158,2022-01-20,42.0,F,UK,standard,18.91,paid_search,web,1,40.4,PROMO_7,0
2159,2021-05-16,34.0,M,SE,basic,7.61,organic,ios,2,59.9,PROMO_1,0
2160,2023-03-07,28.0,F,US,basic,9.05,paid_search,android,0,38.7,PROMO_1,0
2161,2021-05-21,34.0,M,PK,premium,41.64,referral,,0,49.4,PROMO_98,0
2162,2023-07-09,54.0,F,CA,premium,38.26,social,web,0,31.8,PROMO_137,0
2163,2022-12-03,42.0,Other,NZ,basic,9.85,organic,web,1,51.5,PROMO_1,0
2164,2020-12-29,23.0,F,CA,basic,9.82,organic,,2,53.0,PROMO_1,0
2165,2020-11-01,49.0,M,PK,standard,18.03,social,web,0,35.6,PROMO_49,1
2166,2020-12-14,27.0,F,UK,standard,21.42,organic,web,0,51.1,PROMO_4,0
2167,2023-04-01,45.0,M,US,basic,9.03,organic,android,2,48.5,PROMO_7,0
2168,2021-04-04,43.0,F,AE,standard,19.08,social,ios,0,43.1,PROMO_3,0
2169,2020-11-27,44.0,M,AE,basic,9.07,paid_search,ios,2,43.2,PROMO_6,0
2170,2020-09-30,57.0,M,CA,basic,9.05,organic,android,1,56.7,PROMO_1,0
2171,2024-05-13,28.0,M,PK,standard,15.0,paid_search,web,2,50.4,PROMO_1,0
2172,2021-08-17,44.0,F,SE,standard,18.72,social,android,0,64.4,PROMO_1,0
2173,2020-09-04,51.0,F,PK,standard,16.93,social,ios,1,34.5,PROMO_1,0
2174,2021-07-21,30.0,Other,PK,basic,10.17,organic,android,3,47.2,PROMO_9,0
2175,2023-07-25,29.0,M,CA,basic,10.14,paid_search,ios,1,40.8,PROMO_2,0
2176,2021-07-24,34.0,F,US,basic,9.61,paid_search,android,3,50.9,PROMO_7,0
2177,2024-01-17,41.0,F,US,basic,8.83,paid_search,ios,1,54.0,PROMO_34,0
2178,2022-08-17,21.0,F,US,basic,8.27,organic,android,0,32.3,PROMO_7,0
2179,2022-01-28,43.0,F,PK,standard,18.0,organic,android,2,58.9,PROMO_1,0
2180,2022-09-20,22.0,F,PK,standard,21.95,social,web,1,82.4,PROMO_1,0
2181,2021-10-19,51.0,M,DE,standard,17.95,organic,android,0,52.6,PROMO_1,0
2182,2023-07-15,43.0,F,PK,basic,7.3,partner,android,2,37.0,PROMO_150,0
2183,2022-02-25,58.0,M,NZ,basic,9.74,partner,android,2,45.6,PROMO_6,1
2184,2022-01-03,44.0,Other,CA,standard,21.28,paid_search,,0,45.1,PROMO_8,0
2185,2022-01-18,34.0,F,CA,basic,10.19,social,android,2,40.0,PROMO_2,0
2186,2023-05-08,28.0,F,IN,premium,42.24,social,,1,60.8,PROMO_2,0
2187,2023-04-16,40.0,M,DE,basic,9.87,organic,,2,22.7,PROMO_1,0
2188,2023-06-21,37.0,F,US,standard,19.08,paid_search,android,1,54.1,PROMO_5,0
2189,2022-09-12,50.0,M,IN,premium,32.52,partner,android,2,69.4,PROMO_1,0
2190,2022-03-25,27.0,M,US,standard,19.04,organic,android,5,68.4,PROMO_12,0
2191,2023-01-27,59.0,F,PK,standard,19.94,social,web,1,65.4,PROMO_16,0
2192,2022-11-23,51.0,M,UK,standard,18.79,social,android,2,40.1,PROMO_4,0
2193,2023-05-12,35.0,F,PK,basic,8.87,organic,ios,2,71.9,PROMO_1,0
2194,2023-08-13,57.0,F,AE,standard,17.53,paid_search,web,1,55.5,PROMO_3,0
2195,2021-12-16,28.0,Other,NZ,premium,35.87,partner,android,3,71.3,PROMO_1,0
2196,2021-05-11,39.0,F,AE,premium,44.74,organic,android,3,66.2,PROMO_150,0
2197,2023-05-06,23.0,F,PK,basic,10.35,organic,ios,1,54.7,PROMO_1,0
2198,2021-03-11,57.0,F,PK,basic,9.0,organic,web,3,46.3,PROMO_6,0
2199,2022-04-15,19.0,F,US,standard,19.43,referral,android,1,85.5,PROMO_3,0
2200,2023-10-23,21.0,F,PK,standard,17.51,social,ios,1,23.3,PROMO_1,0
2201,2023-01-22,30.0,M,UK,basic,9.46,paid_search,ios,0,47.4,PROMO_3,0
2202,2024-05-31,52.0,F,CA,basic,10.27,referral,android,0,28.9,PROMO_10,0
2203,2024-04-17,48.0,M,AE,basic,7.9,partner,ios,2,51.8,PROMO_1,0
2204,2023-03-05,38.0,F,AE,basic,9.33,organic,ios,1,55.4,PROMO_2,0
2205,2022-09-22,48.0,F,US,basic,9.39,referral,web,0,40.4,PROMO_1,0
2206,2021-06-06,36.0,M,PK,basic,9.38,paid_search,ios,0,41.5,PROMO_150,0
2207,2023-12-08,42.0,M,AE,basic,10.18,organic,ios,1,30.2,PROMO_8,0
2208,2021-04-09,55.0,M,US,premium,45.35,organic,ios,1,56.8,PROMO_5,0
2209,2023-07-23,34.0,F,US,basic,8.83,paid_search,android,2,43.0,PROMO_1,0
2210,2023-12-03,29.0,M,AE,basic,9.48,referral,ios,1,56.3,PROMO_3,0
2211,2021-10-19,,M,US,basic,9.06,paid_search,android,2,42.1,PROMO_5,0
2212,2021-07-08,45.0,M,PK,basic,8.54,social,ios,0,53.7,PROMO_32,0
2213,2022-02-27,38.0,M,US,premium,39.84,organic,ios,0,61.1,PROMO_2,0
2214,2024-01-03,48.0,F,PK,premium,41.1,organic,web,0,57.2,PROMO_1,0
2215,2024-01-03,35.0,F,DE,basic,9.16,partner,ios,0,53.2,PROMO_1,0
2216,2022-12-20,38.0,F,PK,basic,8.37,referral,android,0,48.4,PROMO_2,0
2217,2022-09-28,41.0,F,IN,basic,8.67,paid_search,ios,0,57.2,PROMO_2,0
2218,2020-09-01,40.0,F,US,basic,8.67,organic,android,0,41.0,PROMO_1,0
2219,2023-05-12,55.0,F,PK,basic,8.39,organic,android,1,47.1,PROMO_1,0
2220,2023-09-19,41.0,F,PK,basic,9.23,partner,android,2,55.2,PROMO_1,0
2221,2020-11-13,34.0,M,IN,basic,9.3,organic,android,0,73.1,PROMO_3,0
2222,2023-11-11,43.0,M,UK,standard,20.49,organic,web,1,40.8,PROMO_3,0
2223,2024-05-05,48.0,M,DE,basic,8.38,social,web,0,36.7,PROMO_1,0
2224,2022-11-05,46.0,F,IN,basic,8.58,partner,ios,1,54.3,PROMO_7,0
2225,2022-12-05,45.0,M,US,basic,10.12,organic,android,2,68.1,PROMO_1,0
2226,2022-02-06,21.0,Other,UK,basic,8.88,referral,android,1,62.2,PROMO_2,0
2227,2021-02-15,18.0,F,AE,basic,9.02,paid_search,android,0,50.3,PROMO_49,0
2228,2020-12-01,51.0,M,CA,basic,8.87,social,web,1,68.4,PROMO_25,0
2229,2023-05-08,42.0,F,US,basic,9.82,organic,android,2,22.8,PROMO_1,0
2230,2020-09-26,37.0,M,SE,basic,9.84,referral,web,1,65.2,PROMO_1,0
2231,2022-01-19,45.0,M,AE,standard,20.69,social,android,1,45.3,PROMO_1,0
2232,2024-03-06,,M,IN,premium,39.08,partner,ios,2,59.4,PROMO_22,0
2233,2020-11-23,53.0,M,PK,basic,8.37,paid_search,ios,2,65.1,PROMO_2,0
2234,2023-12-03,48.0,F,US,basic,10.39,referral,android,1,52.9,PROMO_1,0
2235,2022-03-21,27.0,M,PK,standard,20.3,paid_search,ios,2,51.1,PROMO_150,0
2236,2021-06-15,29.0,M,IN,standard,18.31,paid_search,ios,0,44.1,PROMO_1,0
2237,2023-07-02,18.0,M,PK,basic,10.03,organic,android,0,75.4,PROMO_2,0
2238,2023-06-03,44.0,F,DE,basic,8.61,referral,android,0,55.2,PROMO_1,0
2239,2022-08-23,49.0,F,PK,basic,10.02,paid_search,ios,2,53.3,PROMO_1,0
2240,2021-02-05,50.0,M,PK,standard,21.25,social,web,1,72.6,PROMO_1,0
2241,2023-08-07,44.0,M,US,basic,8.34,social,web,2,42.5,PROMO_4,0
2242,2021-12-08,35.0,M,CA,basic,9.42,referral,android,0,46.3,PROMO_105,0
2243,2022-09-25,31.0,F,PK,basic,9.56,social,ios,2,64.1,PROMO_1,0
2244,2024-01-08,28.0,M,CA,basic,10.88,social,ios,1,76.6,PROMO_4,0
2245,2021-10-03,,M,CA,basic,8.47,paid_search,web,2,50.7,PROMO_21,0
2246,2021-04-19,26.0,M,NZ,standard,21.18,social,android,2,55.8,PROMO_62,0
2247,2022-04-08,56.0,M,AE,standard,19.03,paid_search,web,2,26.2,PROMO_4,0
2248,2023-10-11,23.0,F,AE,basic,8.11,referral,web,2,69.2,PROMO_1,0
2249,2023-11-09,35.0,M,AE,basic,8.91,referral,ios,2,33.8,PROMO_1,0
2250,2022-11-04,18.0,M,PK,standard,19.0,paid_search,android,0,41.9,PROMO_1,1
2251,2022-07-13,40.0,F,UK,basic,8.24,organic,android,3,52.8,PROMO_150,0
2252,2022-05-10,37.0,F,IN,basic,9.22,paid_search,android,1,40.3,PROMO_7,0
2253,2023-07-10,33.0,M,PK,basic,9.69,referral,web,1,20.9,PROMO_5,0
2254,2022-07-20,27.0,F,PK,standard,19.36,partner,ios,3,31.5,PROMO_3,0
2255,2023-04-30,37.0,F,AE,standard,18.18,organic,web,1,51.5,PROMO_1,0
2256,2021-11-07,31.0,M,CA,premium,38.54,partner,android,2,72.4,PROMO_3,0
2257,2021-06-07,35.0,Other,US,standard,18.99,organic,web,1,71.2,PROMO_1,0
2258,2021-12-23,59.0,M,IN,basic,9.16,partner,web,1,55.7,PROMO_1,0
2259,2024-06-09,39.0,F,US,basic,9.8,partner,android,0,52.4,PROMO_2,0
2260,2020-09-10,43.0,F,US,basic,9.2,paid_search,android,2,62.0,PROMO_1,0
2261,2024-05-09,32.0,F,SE,standard,16.87,partner,ios,1,69.9,PROMO_4,0
2262,2020-08-31,28.0,F,US,standard,18.15,paid_search,ios,0,51.8,PROMO_1,0
2263,2024-04-28,37.0,M,UK,basic,9.12,paid_search,android,1,52.3,PROMO_1,1
2264,2022-06-29,65.0,F,IN,premium,42.51,referral,ios,0,53.1,PROMO_1,0
2265,2024-01-16,34.0,F,PK,basic,9.93,organic,android,0,65.1,PROMO_2,1
2266,2024-01-31,41.0,M,PK,basic,10.28,organic,ios,1,29.5,PROMO_1,0
2267,2021-11-10,28.0,F,SE,basic,9.09,organic,web,1,50.2,PROMO_6,0
2268,2021-09-10,18.0,F,UK,premium,41.38,social,android,1,56.0,PROMO_3,0
2269,2023-12-30,28.0,F,SE,premium,34.46,social,android,3,21.6,PROMO_1,1
2270,2020-10-02,63.0,F,IN,basic,9.31,referral,ios,0,63.8,PROMO_150,0
2271,2023-03-26,,F,UK,premium,35.65,referral,,0,66.1,PROMO_1,0
2272,2023-03-29,55.0,Other,US,premium,38.8,referral,android,1,20.8,PROMO_8,0
2273,2023-04-28,33.0,M,US,standard,23.61,social,ios,1,43.8,PROMO_8,0
2274,2022-09-13,18.0,M,PK,premium,39.95,partner,ios,1,44.3,PROMO_1,0
2275,2023-10-09,25.0,M,US,basic,8.38,organic,web,0,36.7,PROMO_7,0
2276,2022-11-02,41.0,F,CA,standard,19.62,social,ios,3,38.7,PROMO_3,0
2277,2023-08-26,40.0,M,NZ,standard,18.21,organic,android,1,42.2,PROMO_65,0
2278,2024-04-01,37.0,F,SE,standard,17.54,organic,android,1,59.1,PROMO_15,0
2279,2023-01-19,31.0,F,SE,basic,10.51,organic,android,2,68.7,PROMO_30,0
2280,2021-11-26,47.0,F,PK,standard,20.62,organic,android,1,58.3,PROMO_4,0
2281,2021-07-23,31.0,M,UK,premium,40.08,partner,android,2,36.3,PROMO_1,0
2282,2023-02-09,40.0,F,PK,basic,8.72,paid_search,web,0,61.9,PROMO_1,0
2283,2023-03-22,39.0,F,AE,premium,38.03,partner,web,2,59.1,PROMO_3,0
2284,2021-06-20,33.0,F,IN,basic,10.11,paid_search,android,1,6.0,PROMO_1,0
2285,2021-11-13,27.0,F,IN,basic,9.22,social,web,0,68.6,PROMO_1,0
2286,2021-04-19,32.0,F,IN,basic,6.78,paid_search,ios,2,52.0,PROMO_3,0
2287,2021-01-07,58.0,M,US,standard,22.68,partner,ios,0,52.6,PROMO_1,0
2288,2021-05-04,49.0,F,UK,standard,19.28,organic,web,4,23.9,PROMO_3,0
2289,2020-11-26,48.0,M,PK,basic,9.25,social,android,2,74.2,PROMO_7,0
2290,2022-11-14,28.0,F,UK,standard,20.65,partner,ios,1,55.1,PROMO_3,0
2291,2022-12-14,21.0,F,US,basic,9.34,referral,android,1,61.6,PROMO_2,0
2292,2023-03-25,49.0,M,CA,basic,9.54,referral,web,1,30.1,PROMO_5,0
2293,2023-07-22,47.0,M,US,premium,37.68,organic,android,0,57.7,PROMO_1,0
2294,2021-08-12,39.0,F,DE,standard,17.13,paid_search,ios,2,58.0,PROMO_29,0
2295,2021-09-29,33.0,M,IN,standard,19.43,organic,android,0,47.7,PROMO_3,0
2296,2021-06-01,21.0,M,PK,standard,21.18,paid_search,,2,30.6,PROMO_2,0
2297,2023-10-24,47.0,F,AE,premium,36.98,organic,android,0,49.1,PROMO_2,0
2298,2022-08-03,50.0,M,CA,basic,8.48,referral,ios,2,35.7,PROMO_1,0
2299,2023-08-09,30.0,F,SE,basic,9.88,partner,android,1,39.5,PROMO_7,0
2300,2021-01-25,29.0,M,PK,basic,8.67,social,android,0,67.4,PROMO_1,1
2301,2023-06-07,51.0,F,AE,standard,18.38,referral,android,2,51.3,PROMO_1,0
2302,2023-11-25,30.0,M,US,standard,18.43,paid_search,android,1,48.8,PROMO_3,0
2303,2022-04-16,57.0,M,PK,standard,18.9,organic,android,1,32.4,PROMO_1,0
2304,2021-02-13,36.0,M,PK,basic,7.87,social,ios,0,49.3,PROMO_4,1
2305,2020-12-25,33.0,F,UK,basic,8.61,organic,android,0,47.7,PROMO_2,0
2306,2024-01-30,37.0,M,US,standard,19.35,paid_search,,1,35.3,PROMO_1,1
2307,2023-03-19,33.0,F,AE,premium,39.7,partner,ios,1,66.3,PROMO_3,0
2308,2023-11-12,49.0,F,PK,basic,9.83,paid_search,android,3,65.6,PROMO_2,0
2309,2023-04-13,47.0,F,PK,basic,10.32,organic,web,0,38.4,PROMO_3,1
2310,2022-06-05,49.0,M,DE,basic,10.09,organic,android,4,55.9,PROMO_2,0
2311,2023-05-20,39.0,M,PK,basic,9.66,social,web,0,22.2,PROMO_1,0
2312,2024-03-09,32.0,M,PK,basic,8.89,organic,android,2,54.8,PROMO_1,0
2313,2022-07-08,37.0,F,PK,basic,8.55,social,android,2,61.7,PROMO_2,0
2314,2024-03-30,32.0,M,US,standard,19.03,paid_search,web,1,33.2,PROMO_1,0
2315,2023-08-03,53.0,M,US,basic,9.42,referral,ios,0,50.2,PROMO_1,0
2316,2024-06-10,48.0,M,CA,basic,9.59,referral,web,2,51.9,PROMO_17,0
2317,2024-02-12,36.0,M,AE,basic,9.45,organic,android,2,93.3,PROMO_12,0
2318,2022-10-17,27.0,F,PK,premium,38.62,referral,ios,2,88.7,PROMO_1,0
2319,2021-03-25,54.0,M,PK,basic,9.57,organic,android,3,54.8,PROMO_1,1
2320,2021-07-08,39.0,M,CA,basic,9.91,organic,android,1,40.0,PROMO_1,0
2321,2024-01-26,36.0,M,PK,basic,9.63,paid_search,ios,1,53.7,PROMO_15,0
2322,2024-04-23,54.0,F,PK,standard,18.95,paid_search,android,2,66.9,PROMO_11,0
2323,2023-03-02,31.0,F,PK,premium,36.4,partner,ios,0,24.9,PROMO_150,0
2324,2021-12-23,33.0,F,DE,basic,8.38,referral,android,1,18.6,PROMO_1,0
2325,2021-08-15,34.0,M,DE,basic,8.51,referral,ios,0,32.8,PROMO_2,0
2326,2021-05-02,23.0,F,US,basic,9.19,organic,android,2,61.4,PROMO_150,0
2327,2023-02-24,40.0,M,PK,standard,19.79,social,android,2,62.3,PROMO_1,0
2328,2023-10-23,29.0,F,CA,premium,34.59,social,ios,1,56.6,PROMO_2,1
2329,2024-05-05,31.0,F,PK,basic,8.64,organic,ios,2,66.7,PROMO_1,0
2330,2023-11-21,29.0,F,US,basic,9.18,referral,web,0,47.3,PROMO_1,0
2331,2024-03-13,31.0,F,CA,standard,17.63,referral,android,0,45.9,PROMO_1,0
2332,2021-03-11,28.0,F,PK,standard,19.66,partner,ios,4,55.8,PROMO_6,0
2333,2023-06-06,40.0,M,US,basic,8.78,partner,android,1,75.7,PROMO_3,0
2334,2021-05-02,35.0,Other,AE,basic,8.48,organic,ios,1,56.2,PROMO_2,1
2335,2022-05-09,38.0,F,AE,basic,9.04,referral,android,1,48.6,PROMO_5,0
2336,2022-05-29,63.0,F,US,standard,19.6,partner,android,1,56.0,PROMO_34,0
2337,2022-09-22,35.0,M,US,standard,17.71,social,ios,0,71.3,PROMO_1,0
2338,2021-05-07,44.0,F,US,standard,18.63,organic,android,0,44.6,PROMO_1,0
2339,2024-04-12,45.0,M,US,standard,19.71,paid_search,android,2,43.3,PROMO_150,1
2340,2024-02-03,36.0,M,US,basic,8.45,organic,web,2,42.9,PROMO_3,1
2341,2022-11-04,40.0,M,PK,basic,7.81,organic,web,0,62.2,PROMO_1,0
2342,2022-12-14,37.0,F,US,basic,7.89,partner,ios,1,38.3,PROMO_5,0
2343,2022-05-20,39.0,Other,US,premium,37.7,partner,android,3,59.6,PROMO_20,1
2344,2021-08-27,31.0,Other,US,standard,17.0,partner,android,0,27.9,PROMO_1,0
2345,2022-03-23,32.0,F,UK,basic,8.75,organic,android,2,46.1,PROMO_1,0
2346,2023-06-21,37.0,M,AE,basic,10.2,social,ios,1,49.1,PROMO_1,0
2347,2023-03-17,18.0,F,NZ,standard,16.9,paid_search,,1,76.8,PROMO_2,0
2348,2021-08-07,53.0,F,AE,standard,18.57,paid_search,android,2,64.6,PROMO_1,1
2349,2023-09-06,61.0,Other,DE,standard,22.24,paid_search,android,1,44.7,PROMO_1,0
2350,2022-07-16,39.0,F,PK,basic,9.29,partner,,0,42.2,PROMO_1,0
2351,2022-05-29,44.0,F,DE,premium,37.85,referral,ios,4,39.9,PROMO_1,0
2352,2021-08-10,49.0,F,UK,standard,18.76,referral,android,2,33.2,PROMO_150,0
2353,2021-09-29,22.0,M,IN,standard,19.65,organic,ios,1,74.2,PROMO_3,0
2354,2022-09-08,47.0,M,SE,standard,21.58,paid_search,ios,0,38.7,PROMO_1,0
2355,2023-04-11,32.0,M,PK,premium,37.34,social,android,4,75.8,PROMO_99,0
2356,2023-01-20,62.0,M,IN,premium,36.64,social,web,1,51.5,PROMO_1,0
2357,2022-11-21,35.0,F,AE,standard,16.9,referral,web,0,48.8,PROMO_1,0
2358,2023-08-13,47.0,M,DE,basic,9.07,organic,ios,1,51.5,PROMO_26,0
2359,2022-01-29,35.0,F,US,basic,7.99,organic,android,2,68.1,PROMO_1,0
2360,2023-08-28,61.0,F,US,standard,18.3,referral,android,0,37.2,PROMO_2,0
2361,2021-12-28,31.0,M,CA,standard,17.62,paid_search,android,4,57.6,PROMO_19,0
2362,2021-08-08,50.0,Other,PK,basic,9.77,paid_search,ios,2,49.4,PROMO_4,1
2363,2020-10-22,44.0,M,UK,basic,8.63,referral,android,4,56.0,PROMO_1,0
2364,2023-12-29,41.0,M,PK,premium,40.24,social,web,1,46.9,PROMO_1,0
2365,2021-07-28,40.0,F,PK,premium,34.0,social,android,1,44.6,PROMO_1,0
2366,2024-02-13,30.0,F,DE,premium,39.41,organic,ios,1,57.9,PROMO_2,0
2367,2023-03-03,18.0,M,DE,basic,8.13,social,web,1,29.3,PROMO_11,0
2368,2023-10-11,49.0,M,IN,standard,18.35,paid_search,ios,0,70.9,PROMO_1,1
2369,2023-10-31,32.0,M,DE,standard,22.36,social,android,0,51.6,PROMO_2,0
2370,2023-10-13,50.0,M,AE,basic,9.67,social,web,1,41.8,PROMO_5,0
2371,2024-04-11,41.0,F,IN,basic,8.91,organic,ios,3,55.5,PROMO_1,0
2372,2021-05-02,,F,UK,premium,48.98,paid_search,ios,0,39.6,PROMO_1,0
2373,2024-03-18,46.0,F,AE,basic,8.34,paid_search,android,2,51.2,PROMO_1,1
2374,2022-12-09,18.0,M,IN,standard,20.77,paid_search,ios,0,51.3,PROMO_1,0
2375,2021-10-20,44.0,Other,DE,standard,16.67,organic,ios,1,68.9,PROMO_4,0
2376,2020-09-13,33.0,M,DE,standard,18.63,referral,ios,2,54.2,PROMO_1,0
2377,2021-03-20,50.0,M,UK,basic,8.03,paid_search,android,2,33.2,PROMO_2,1
2378,2023-12-04,44.0,M,UK,standard,19.39,paid_search,web,1,58.7,PROMO_2,0
2379,2020-09-16,44.0,F,AE,basic,9.04,social,ios,2,60.8,PROMO_43,0
2380,2021-12-22,34.0,F,DE,standard,18.53,social,web,1,25.8,PROMO_5,0
2381,2023-10-07,27.0,F,UK,basic,9.79,paid_search,android,2,32.2,PROMO_4,1
2382,2022-09-30,32.0,M,PK,standard,18.14,organic,ios,0,80.1,PROMO_2,0
2383,2020-12-22,18.0,F,PK,standard,19.5,organic,web,0,45.0,PROMO_39,0
2384,2022-12-16,31.0,M,US,basic,9.59,organic,ios,1,45.4,PROMO_2,0
2385,2023-10-01,21.0,F,PK,basic,7.93,organic,android,1,49.5,PROMO_2,0
2386,2021-02-19,21.0,M,US,standard,17.86,social,ios,1,40.4,PROMO_1,0
2387,2020-11-03,38.0,F,PK,basic,9.04,paid_search,android,3,23.4,PROMO_1,0
2388,2020-10-03,43.0,Other,PK,basic,9.45,organic,android,1,33.2,PROMO_10,0
2389,2020-10-31,37.0,F,CA,basic,10.02,social,android,0,40.4,PROMO_2,0
2390,2021-02-22,32.0,M,UK,premium,38.33,organic,android,1,42.5,PROMO_1,1
2391,2022-09-22,27.0,M,CA,standard,18.52,partner,android,0,38.5,PROMO_107,0
2392,2023-09-19,34.0,F,PK,basic,8.37,social,ios,0,27.6,PROMO_150,0
2393,2022-02-10,28.0,M,PK,premium,40.03,social,ios,1,41.7,PROMO_1,1
2394,2023-08-11,36.0,M,PK,basic,8.79,organic,android,1,66.7,PROMO_26,0
2395,2022-08-28,20.0,F,PK,basic,8.8,paid_search,ios,1,39.9,PROMO_1,1
2396,2021-12-18,45.0,M,PK,basic,8.93,paid_search,ios,2,47.3,PROMO_1,0
2397,2020-11-12,31.0,M,UK,basic,9.4,partner,web,3,71.7,PROMO_12,0
2398,2023-05-09,41.0,M,PK,basic,8.59,organic,web,0,39.7,PROMO_1,0
2399,2023-06-29,47.0,M,CA,standard,17.83,paid_search,,1,95.9,PROMO_2,0
2400,2021-09-01,41.0,M,UK,basic,9.31,referral,,2,63.4,PROMO_5,0
2401,2024-06-02,46.0,F,PK,standard,14.4,paid_search,ios,0,51.2,PROMO_3,0
2402,2022-04-21,18.0,F,CA,basic,8.57,social,android,0,46.3,PROMO_1,0
2403,2021-08-16,32.0,F,UK,basic,8.17,partner,web,0,70.1,PROMO_3,0
2404,2022-05-12,49.0,M,US,basic,9.87,paid_search,ios,2,39.6,PROMO_2,0
2405,2022-12-29,43.0,F,UK,standard,18.33,organic,android,0,43.5,PROMO_1,0
2406,2021-04-24,57.0,F,AE,standard,18.15,partner,android,1,74.1,PROMO_2,1
2407,2023-01-15,56.0,M,UK,basic,8.96,organic,ios,1,44.4,PROMO_3,0
2408,2021-10-04,40.0,F,IN,basic,8.57,referral,android,2,43.0,PROMO_1,0
2409,2022-09-09,34.0,F,US,basic,8.71,organic,,1,40.1,PROMO_2,0
2410,2024-05-05,26.0,M,US,standard,19.15,organic,android,0,21.0,PROMO_150,0
2411,2022-06-09,32.0,M,IN,basic,8.7,paid_search,android,1,65.2,PROMO_25,0
2412,2024-04-03,33.0,M,AE,standard,18.35,referral,android,1,49.4,PROMO_2,0
2413,2020-12-04,,F,SE,basic,8.27,organic,ios,1,66.0,PROMO_5,0
2414,2022-03-03,27.0,M,CA,basic,8.17,organic,ios,0,47.5,PROMO_1,0
2415,2023-01-14,41.0,M,UK,standard,19.09,organic,ios,0,43.7,PROMO_1,0
2416,2022-08-10,56.0,F,AE,basic,9.22,organic,android,1,40.0,PROMO_3,0
2417,2022-02-07,,F,US,basic,7.97,organic,web,0,60.3,PROMO_2,0
2418,2023-06-17,33.0,F,PK,premium,41.37,partner,android,2,37.9,PROMO_1,0
2419,2023-05-10,48.0,M,US,basic,9.55,social,android,1,55.8,PROMO_2,0
2420,2022-11-11,41.0,F,PK,basic,9.7,paid_search,android,1,50.6,PROMO_2,0
2421,2023-06-20,37.0,M,AE,basic,9.22,organic,android,0,34.4,PROMO_7,0
2422,2021-07-31,36.0,M,AE,basic,9.46,organic,ios,0,43.3,PROMO_1,0
2423,2024-01-19,35.0,Other,IN,standard,22.32,paid_search,ios,1,50.2,PROMO_16,0
2424,2021-04-27,44.0,F,PK,basic,8.78,paid_search,,2,45.3,PROMO_64,0
2425,2023-02-16,39.0,M,US,premium,35.74,partner,,1,78.4,PROMO_3,0
2426,2022-04-28,29.0,M,US,standard,16.67,organic,android,0,53.5,PROMO_1,0
2427,2023-11-06,28.0,F,UK,premium,44.48,paid_search,android,0,47.1,PROMO_1,0
2428,2022-12-27,40.0,M,PK,standard,21.69,social,ios,0,44.6,PROMO_3,1
2429,2021-08-04,42.0,F,US,premium,36.12,paid_search,ios,0,46.6,PROMO_8,0
2430,2023-06-03,34.0,F,AE,standard,17.89,referral,web,0,40.9,PROMO_1,1
2431,2023-12-11,25.0,F,US,basic,8.77,social,android,1,37.7,PROMO_4,0
2432,2022-06-21,51.0,F,AE,basic,9.88,organic,android,2,59.0,PROMO_1,0
2433,2023-10-30,48.0,F,PK,standard,17.04,referral,web,0,73.1,PROMO_1,1
2434,2023-04-03,18.0,M,US,basic,7.58,paid_search,ios,2,43.2,PROMO_1,0
2435,2022-09-28,,F,IN,standard,22.29,organic,ios,2,56.4,PROMO_1,1
2436,2022-04-24,35.0,F,PK,basic,9.22,social,android,1,40.0,PROMO_6,0
2437,2022-01-10,39.0,M,PK,standard,19.69,social,android,1,51.6,PROMO_1,0
2438,2021-11-20,50.0,M,IN,basic,8.85,organic,web,1,30.4,PROMO_5,0
2439,2021-04-02,55.0,F,PK,premium,40.45,paid_search,web,1,37.2,PROMO_1,0
2440,2024-03-11,48.0,F,US,basic,7.91,referral,web,1,36.7,PROMO_27,0
2441,2023-01-27,40.0,F,US,basic,8.39,social,web,1,47.8,PROMO_2,0
2442,2024-06-09,22.0,M,AE,standard,19.16,paid_search,ios,3,32.5,PROMO_4,0
2443,2024-05-28,18.0,M,AE,standard,15.55,paid_search,ios,3,16.4,PROMO_150,0
2444,2023-08-23,47.0,F,AE,standard,18.54,social,android,3,29.4,PROMO_5,1
2445,2022-03-08,52.0,F,IN,premium,37.86,social,ios,0,47.4,PROMO_1,0
2446,2021-01-23,28.0,M,US,basic,8.78,organic,ios,0,38.1,PROMO_1,0
2447,2021-07-09,34.0,M,US,standard,18.16,paid_search,ios,0,41.3,PROMO_1,0
2448,2022-01-01,31.0,F,SE,basic,8.28,paid_search,android,2,54.0,PROMO_14,1
2449,2021-07-03,31.0,F,PK,standard,16.23,social,android,2,37.7,PROMO_4,0
2450,2023-10-17,49.0,F,IN,basic,9.1,social,web,0,48.8,PROMO_2,0
2451,2021-04-09,39.0,M,IN,basic,8.78,social,web,1,82.0,PROMO_96,0
2452,2021-01-29,34.0,Other,SE,standard,16.91,social,android,3,44.3,PROMO_150,0
2453,2024-01-31,66.0,F,PK,standard,19.1,paid_search,android,1,46.9,PROMO_2,0
2454,2022-09-01,21.0,M,UK,basic,8.79,referral,web,4,55.7,PROMO_2,0
2455,2021-04-22,43.0,F,CA,premium,37.56,partner,ios,2,37.7,PROMO_2,0
2456,2022-08-23,25.0,M,US,standard,15.72,referral,ios,1,41.1,PROMO_1,0
2457,2021-04-08,35.0,M,UK,basic,9.49,referral,web,2,48.6,PROMO_5,0
2458,2020-11-27,39.0,M,PK,standard,17.13,partner,ios,3,52.9,PROMO_1,0
2459,2022-08-25,46.0,F,PK,basic,9.05,organic,ios,2,36.0,PROMO_1,0
2460,2024-03-20,34.0,F,IN,basic,8.42,paid_search,ios,3,58.4,PROMO_2,1
2461,2023-02-27,33.0,M,NZ,standard,18.41,paid_search,ios,0,73.2,PROMO_1,0
2462,2023-08-19,34.0,M,PK,basic,9.83,paid_search,android,2,21.3,PROMO_5,0
2463,2022-08-26,25.0,F,PK,basic,9.38,referral,android,3,55.9,PROMO_2,0
2464,2022-03-25,44.0,M,UK,standard,20.72,paid_search,ios,0,48.6,PROMO_1,0
2465,2022-09-09,40.0,F,PK,basic,9.24,organic,android,0,45.5,PROMO_4,0
2466,2023-09-15,42.0,F,AE,standard,19.6,organic,web,1,54.9,PROMO_1,0
2467,2023-04-22,36.0,M,DE,standard,16.29,organic,android,1,70.7,PROMO_144,0
2468,2021-11-16,35.0,F,US,basic,8.77,paid_search,ios,1,53.9,PROMO_11,0
2469,2024-05-04,50.0,F,DE,standard,18.66,organic,android,3,64.4,PROMO_12,0
2470,2023-08-20,48.0,F,PK,basic,9.88,organic,android,4,49.4,PROMO_150,0
2471,2021-01-26,53.0,M,US,standard,18.23,paid_search,android,1,55.5,PROMO_6,1
2472,2024-01-26,41.0,F,CA,basic,9.19,social,ios,1,41.8,PROMO_45,0
2473,2022-11-16,52.0,F,PK,premium,39.7,social,android,2,50.6,PROMO_4,0
2474,2023-08-30,32.0,F,PK,basic,9.83,organic,android,1,45.9,PROMO_2,0
2475,2024-01-18,35.0,F,AE,standard,18.8,partner,,0,51.6,PROMO_4,0
2476,2022-11-05,50.0,F,PK,basic,9.6,organic,ios,1,25.2,PROMO_5,0
2477,2022-06-22,46.0,F,US,basic,7.77,social,ios,0,33.3,PROMO_1,0
2478,2023-10-11,34.0,F,CA,basic,7.84,referral,ios,1,67.8,PROMO_1,1
2479,2024-02-24,25.0,M,PK,standard,15.53,referral,ios,0,70.9,PROMO_3,0
2480,2023-12-08,35.0,F,US,premium,41.45,paid_search,android,2,24.0,PROMO_1,0
2481,2021-12-24,29.0,F,PK,basic,9.49,organic,android,1,41.5,PROMO_38,0
2482,2021-03-11,56.0,M,DE,basic,9.65,referral,android,2,38.8,PROMO_2,0
2483,2023-10-06,45.0,F,US,basic,8.51,social,android,1,53.8,PROMO_1,0
2484,2023-03-26,29.0,F,IN,basic,8.59,referral,ios,1,48.7,PROMO_1,1
2485,2023-02-22,26.0,Other,PK,premium,38.62,paid_search,web,2,60.2,PROMO_9,1
2486,2023-01-30,28.0,M,CA,premium,43.5,partner,ios,1,29.7,PROMO_8,0
2487,2023-07-09,31.0,M,CA,premium,44.28,partner,android,0,55.2,PROMO_1,0
2488,2024-03-26,35.0,M,DE,basic,9.57,social,web,2,45.0,PROMO_4,0
2489,2022-06-17,49.0,Other,DE,basic,9.24,partner,android,1,38.9,PROMO_1,0
2490,2023-02-03,26.0,F,PK,standard,21.03,paid_search,android,2,56.6,PROMO_2,0
2491,2023-02-24,62.0,F,US,basic,8.82,organic,android,1,46.3,PROMO_7,1
2492,2023-06-11,,M,US,standard,18.41,social,web,0,48.5,PROMO_5,0
2493,2020-12-06,22.0,F,PK,basic,8.91,social,,2,70.0,PROMO_1,0
2494,2022-02-19,56.0,M,US,basic,8.3,paid_search,ios,0,51.1,PROMO_1,0
2495,2022-11-11,52.0,F,AE,premium,38.45,organic,ios,2,79.2,PROMO_1,0
2496,2023-09-01,35.0,F,US,basic,8.2,social,ios,1,15.1,PROMO_25,1
2497,2021-06-01,41.0,M,SE,premium,42.2,organic,android,1,49.9,PROMO_2,0
2498,2021-02-01,41.0,M,DE,basic,9.39,referral,ios,2,33.3,PROMO_1,0
2499,2024-04-27,39.0,M,US,basic,10.03,partner,android,1,36.1,PROMO_1,0
2500,2020-12-06,23.0,F,US,basic,7.83,organic,android,1,40.2,PROMO_1,0
2501,2021-10-19,18.0,F,UK,basic,10.37,referral,ios,2,63.8,PROMO_5,0
2502,2024-01-25,28.0,M,US,standard,16.61,organic,android,0,43.9,PROMO_10,0
2503,2021-08-06,57.0,F,PK,basic,8.14,paid_search,web,0,32.9,PROMO_1,0
2504,2024-01-14,57.0,M,UK,standard,18.06,partner,android,1,59.9,PROMO_1,1
2505,2024-04-01,34.0,M,AE,premium,43.08,organic,android,3,32.3,PROMO_4,1
2506,2024-01-03,26.0,F,US,basic,9.16,organic,ios,2,75.1,PROMO_1,0
2507,2022-09-15,40.0,F,PK,basic,8.82,partner,ios,3,30.6,PROMO_87,0
2508,2022-02-06,42.0,M,PK,basic,8.43,organic,android,1,45.7,PROMO_1,0
2509,2022-11-26,44.0,F,US,standard,16.91,paid_search,web,2,78.9,PROMO_3,0
2510,2023-12-25,18.0,F,PK,standard,20.72,paid_search,android,0,45.1,PROMO_2,1
2511,2023-09-10,72.0,Other,DE,basic,9.58,organic,android,1,56.4,PROMO_1,0
2512,2021-03-22,49.0,F,AE,standard,21.06,organic,android,1,48.4,PROMO_1,0
2513,2020-10-21,35.0,M,PK,basic,9.29,referral,web,1,50.0,PROMO_2,0
2514,2021-08-05,29.0,F,NZ,basic,7.1,paid_search,android,0,37.7,PROMO_1,0
2515,2024-01-20,48.0,F,AE,basic,8.1,paid_search,android,1,56.8,PROMO_1,0
2516,2021-05-06,42.0,M,PK,premium,40.45,social,android,3,69.9,PROMO_2,1
2517,2021-10-30,38.0,F,CA,basic,8.73,paid_search,ios,1,20.9,PROMO_3,0
2518,2022-06-16,42.0,M,DE,basic,8.6,paid_search,android,1,36.1,PROMO_2,1
2519,2023-11-26,36.0,F,UK,basic,8.21,partner,android,0,41.7,PROMO_1,0
2520,2020-09-04,41.0,M,PK,standard,20.44,referral,ios,1,36.7,PROMO_1,0
2521,2022-10-09,45.0,M,CA,basic,9.33,social,web,1,59.6,PROMO_1,0
2522,2024-04-11,41.0,M,PK,basic,9.36,paid_search,android,0,40.9,PROMO_2,1
2523,2023-08-26,40.0,F,US,basic,8.54,referral,android,0,51.2,PROMO_9,0
2524,2022-12-05,52.0,F,CA,standard,19.27,social,android,1,72.4,PROMO_11,0
2525,2024-03-16,19.0,F,CA,basic,8.04,paid_search,web,3,23.1,PROMO_1,0
2526,2023-03-21,28.0,M,AE,premium,38.59,paid_search,ios,0,54.8,PROMO_31,0
2527,2022-09-03,37.0,M,PK,basic,7.18,organic,android,3,48.2,PROMO_6,0
2528,2020-11-09,29.0,M,US,basic,7.87,partner,ios,1,48.2,PROMO_150,0
2529,2024-02-12,33.0,F,IN,premium,37.99,social,android,0,36.4,PROMO_1,0
2530,2022-04-06,51.0,F,DE,standard,22.61,paid_search,android,5,44.3,PROMO_1,0
2531,2020-12-25,35.0,F,CA,basic,7.7,paid_search,web,2,49.9,PROMO_1,0
2532,2021-05-25,,F,PK,standard,17.11,partner,android,2,47.2,PROMO_1,0
2533,2020-12-12,32.0,F,IN,standard,19.33,paid_search,android,2,60.5,PROMO_1,0
2534,2023-10-19,38.0,F,PK,basic,10.27,referral,ios,0,33.6,PROMO_1,0
2535,2021-06-01,37.0,F,US,standard,19.31,referral,,2,29.0,PROMO_1,0
2536,2020-09-29,43.0,M,CA,standard,20.07,partner,android,0,19.9,PROMO_38,0
2537,2023-03-19,42.0,F,US,basic,8.76,paid_search,ios,2,52.1,PROMO_1,0
2538,2022-07-23,35.0,F,AE,standard,18.22,referral,ios,1,61.3,PROMO_1,0
2539,2022-06-09,,M,UK,basic,9.06,paid_search,web,4,32.4,PROMO_1,0
2540,2022-07-30,32.0,M,IN,basic,8.53,partner,android,0,31.1,PROMO_1,0
2541,2023-05-08,30.0,F,PK,premium,41.26,organic,android,1,78.3,PROMO_3,0
2542,2020-10-10,34.0,M,PK,standard,16.56,social,web,2,69.2,PROMO_1,0
2543,2020-10-30,45.0,M,AE,standard,20.35,paid_search,ios,1,70.0,PROMO_1,0
2544,2023-01-02,41.0,M,CA,standard,19.06,referral,ios,1,55.2,PROMO_7,0
2545,2021-05-26,46.0,M,IN,standard,18.67,organic,ios,1,60.6,PROMO_5,0
2546,2022-12-10,33.0,F,US,basic,7.82,organic,android,2,45.7,PROMO_69,0
2547,2021-06-10,54.0,M,DE,premium,35.94,referral,web,0,28.6,PROMO_45,0
2548,2022-03-27,44.0,F,US,standard,20.82,paid_search,ios,1,29.4,PROMO_1,0
2549,2022-09-01,38.0,F,US,standard,18.68,paid_search,web,0,50.0,PROMO_2,0
2550,2023-12-17,44.0,F,PK,basic,9.2,organic,ios,2,63.9,PROMO_65,1
2551,2021-12-20,30.0,F,PK,basic,8.37,partner,web,2,47.5,PROMO_150,0
2552,2023-03-25,18.0,F,PK,basic,8.98,social,android,2,59.1,PROMO_1,0
2553,2023-08-16,30.0,M,PK,basic,8.01,social,,0,48.7,PROMO_2,0
2554,2023-09-18,45.0,F,PK,basic,9.07,referral,android,0,54.6,PROMO_3,1
2555,2020-09-25,38.0,F,IN,standard,19.56,referral,web,2,61.6,PROMO_7,0
2556,2024-01-20,35.0,F,PK,premium,40.0,paid_search,ios,0,70.0,PROMO_1,0
2557,2021-06-05,28.0,F,CA,basic,8.35,organic,,1,54.3,PROMO_2,0
2558,2021-03-03,18.0,F,IN,basic,8.75,social,android,4,79.1,PROMO_19,0
2559,2024-04-29,53.0,F,US,standard,19.82,social,ios,1,46.5,PROMO_49,0
2560,2022-03-20,35.0,M,DE,basic,8.85,organic,ios,0,69.9,PROMO_6,0
2561,2022-04-06,32.0,Other,US,premium,38.1,referral,ios,0,58.7,PROMO_1,0
2562,2023-02-02,30.0,F,PK,basic,10.37,paid_search,ios,1,22.5,PROMO_3,0
2563,2021-12-03,51.0,F,DE,basic,8.32,paid_search,android,1,71.2,PROMO_2,0
2564,2022-11-25,47.0,M,AE,basic,9.78,paid_search,ios,1,36.2,PROMO_1,0
2565,2022-10-13,26.0,M,US,premium,35.4,partner,android,0,46.3,PROMO_4,0
2566,2022-10-24,50.0,Other,IN,basic,9.47,organic,android,0,63.1,PROMO_3,0
2567,2021-06-02,35.0,M,DE,standard,20.08,paid_search,android,1,38.8,PROMO_15,0
2568,2022-01-19,30.0,M,US,basic,8.63,paid_search,web,0,48.9,PROMO_150,0
2569,2023-01-04,34.0,F,PK,basic,8.12,partner,android,0,59.9,PROMO_5,0
2570,2020-12-10,28.0,F,IN,premium,32.85,paid_search,android,3,37.7,PROMO_2,0
2571,2021-05-31,22.0,M,NZ,basic,8.56,paid_search,ios,2,46.5,PROMO_1,0
2572,2020-12-01,46.0,M,AE,basic,9.38,partner,android,2,44.7,PROMO_1,0
2573,2021-09-06,35.0,M,DE,standard,17.36,social,web,2,64.5,PROMO_20,0
2574,2022-12-18,44.0,Other,UK,premium,39.3,organic,ios,0,73.5,PROMO_1,0
2575,2021-07-10,40.0,F,PK,basic,7.94,organic,ios,0,33.5,PROMO_6,0
2576,2023-03-14,43.0,F,IN,basic,8.83,social,android,0,51.2,PROMO_1,1
2577,2023-06-03,18.0,M,AE,premium,35.42,paid_search,android,0,42.1,PROMO_1,0
2578,2022-09-27,27.0,M,UK,standard,18.88,organic,android,2,50.5,PROMO_1,0
2579,2020-10-12,43.0,M,AE,premium,37.44,paid_search,ios,4,76.5,PROMO_10,0
2580,2022-04-19,23.0,M,UK,standard,17.19,partner,android,0,55.7,PROMO_1,0
2581,2022-12-29,41.0,Other,PK,standard,18.0,social,web,0,41.6,PROMO_4,0
2582,2022-09-12,22.0,F,AE,basic,8.33,social,web,2,29.5,PROMO_7,0
2583,2023-05-06,37.0,F,PK,basic,8.05,organic,ios,4,65.0,PROMO_3,0
2584,2021-12-14,55.0,F,PK,standard,20.65,paid_search,android,0,43.1,PROMO_2,0
2585,2023-02-13,46.0,F,PK,standard,18.45,partner,ios,0,38.4,PROMO_1,0
2586,2022-05-07,18.0,M,US,premium,32.13,social,android,0,54.6,PROMO_26,0
2587,2023-01-17,46.0,F,IN,standard,18.05,organic,web,3,58.7,PROMO_14,0
2588,2023-03-26,57.0,M,PK,basic,9.66,social,android,1,44.5,PROMO_3,0
2589,2020-10-11,68.0,F,US,basic,8.45,organic,ios,2,35.8,PROMO_6,0
2590,2023-02-19,42.0,M,DE,standard,21.28,paid_search,android,2,70.5,PROMO_12,0
2591,2024-03-05,22.0,F,IN,basic,8.38,organic,ios,0,60.3,PROMO_41,0
2592,2023-01-05,,M,DE,standard,19.77,referral,android,1,64.8,PROMO_1,0
2593,2022-06-07,55.0,F,SE,standard,20.58,social,android,0,44.6,PROMO_1,0
2594,2024-02-01,35.0,F,AE,basic,9.32,paid_search,android,0,37.6,PROMO_1,0
2595,2023-04-16,48.0,F,DE,standard,16.91,paid_search,android,2,42.0,PROMO_6,0
2596,2023-10-25,28.0,M,US,standard,17.57,referral,android,1,27.1,PROMO_1,1
2597,2022-07-21,41.0,M,US,premium,42.65,organic,web,0,45.0,PROMO_2,0
2598,2021-09-17,18.0,Other,US,basic,8.42,organic,android,1,39.9,PROMO_5,0
2599,2020-10-13,27.0,M,DE,standard,20.48,referral,ios,1,48.8,PROMO_2,0
2600,2022-12-22,37.0,F,AE,basic,8.69,referral,android,2,50.7,PROMO_2,0
2601,2021-03-07,33.0,F,DE,standard,19.21,organic,ios,1,51.4,PROMO_28,0
2602,2023-08-19,23.0,F,AE,basic,8.0,organic,web,0,41.2,PROMO_11,0
2603,2021-06-29,32.0,F,DE,premium,37.1,social,android,0,32.2,PROMO_85,0
2604,2022-04-26,41.0,F,PK,premium,36.27,organic,web,2,28.4,PROMO_1,1
2605,2021-07-30,36.0,M,US,standard,19.34,social,ios,2,52.9,PROMO_2,0
2606,2021-08-03,38.0,M,UK,standard,19.14,social,ios,2,52.0,PROMO_5,0
2607,2022-06-07,45.0,F,PK,basic,9.33,social,android,0,29.1,PROMO_101,1
2608,2023-06-21,33.0,M,IN,standard,18.25,paid_search,web,1,71.4,PROMO_103,0
2609,2022-06-15,52.0,M,PK,basic,8.33,referral,web,2,62.5,PROMO_1,0
2610,2021-04-27,26.0,F,PK,standard,19.28,partner,android,3,34.7,PROMO_1,0
2611,2020-10-10,58.0,M,AE,basic,8.26,social,android,2,54.0,PROMO_150,0
2612,2020-12-09,49.0,Other,PK,standard,20.64,paid_search,android,2,47.9,PROMO_1,0
2613,2023-10-04,33.0,Other,UK,basic,8.92,partner,android,1,54.0,PROMO_3,0
2614,2022-03-09,34.0,M,PK,standard,18.5,paid_search,android,2,52.6,PROMO_150,0
2615,2024-01-18,39.0,F,PK,standard,19.7,organic,web,2,60.1,PROMO_1,0
2616,2021-11-30,44.0,F,DE,basic,8.95,organic,,0,72.2,PROMO_150,0
2617,2020-09-10,49.0,Other,US,basic,7.81,paid_search,android,1,54.5,PROMO_21,0
2618,2024-03-30,22.0,F,UK,standard,17.39,organic,android,0,58.0,PROMO_1,0
2619,2021-12-17,42.0,F,PK,standard,20.61,referral,ios,1,72.0,PROMO_32,1
2620,2020-11-14,18.0,F,UK,basic,9.06,organic,web,0,41.9,PROMO_15,0
2621,2021-03-29,35.0,M,US,basic,7.79,paid_search,ios,2,36.0,PROMO_1,1
2622,2022-12-17,53.0,F,PK,basic,9.25,referral,web,0,60.1,PROMO_78,0
2623,2024-01-19,21.0,M,DE,standard,18.15,organic,ios,0,31.7,PROMO_1,0
2624,2020-12-14,19.0,M,UK,standard,17.67,social,ios,1,37.9,PROMO_3,0
2625,2020-12-17,39.0,F,IN,basic,8.18,partner,android,0,72.6,PROMO_6,0
2626,2022-04-04,52.0,F,CA,standard,20.52,organic,web,5,24.2,PROMO_1,0
2627,2020-09-29,41.0,M,UK,standard,16.01,paid_search,ios,0,54.5,PROMO_17,0
2628,2024-06-04,18.0,M,PK,standard,17.73,organic,ios,0,28.4,PROMO_1,1
2629,2022-02-11,18.0,M,DE,basic,9.09,social,,0,56.2,PROMO_10,0
2630,2024-04-18,38.0,M,UK,basic,10.14,paid_search,android,2,77.5,PROMO_48,1
2631,2020-11-27,24.0,F,CA,basic,9.4,partner,android,0,34.8,PROMO_1,1
2632,2021-11-15,39.0,M,UK,basic,8.39,social,web,1,18.5,PROMO_67,0
2633,2020-12-28,39.0,M,PK,basic,10.1,social,android,3,55.3,PROMO_3,0
2634,2022-04-26,32.0,M,CA,basic,8.02,partner,android,3,40.6,PROMO_4,0
2635,2024-02-17,57.0,M,CA,basic,9.19,organic,ios,2,47.2,PROMO_1,0
2636,2024-05-05,43.0,F,PK,standard,19.74,referral,android,0,55.5,PROMO_2,0
2637,2023-03-05,50.0,M,AE,basic,8.37,social,ios,0,58.4,PROMO_150,1
2638,2021-08-20,,M,UK,standard,20.06,social,ios,1,58.6,PROMO_1,0
2639,2023-11-15,35.0,F,UK,basic,8.63,social,ios,1,49.6,PROMO_1,0
2640,2021-03-23,35.0,M,IN,standard,20.06,organic,web,1,56.5,PROMO_1,0
2641,2023-07-16,34.0,F,PK,basic,7.68,referral,android,1,47.2,PROMO_9,0
2642,2022-07-26,44.0,M,PK,standard,19.51,social,web,0,45.1,PROMO_9,0
2643,2023-09-04,30.0,M,PK,standard,18.37,referral,ios,1,49.8,PROMO_4,0
2644,2022-09-07,56.0,F,IN,basic,9.83,referral,web,1,58.7,PROMO_1,0
2645,2022-09-25,29.0,F,PK,standard,18.93,paid_search,web,1,40.3,PROMO_1,1
2646,2024-06-03,39.0,M,AE,basic,9.9,partner,android,0,53.2,PROMO_1,0
2647,2022-04-19,34.0,F,CA,standard,19.77,organic,ios,2,43.1,PROMO_1,0
2648,2021-06-21,32.0,F,CA,basic,8.91,organic,android,0,39.0,PROMO_3,0
2649,2020-11-26,61.0,M,PK,basic,9.57,paid_search,ios,2,65.8,PROMO_1,1
2650,2023-03-12,32.0,F,PK,basic,9.57,organic,android,3,55.6,PROMO_1,0
2651,2021-02-11,34.0,M,NZ,premium,40.47,social,android,3,55.7,PROMO_1,0
2652,2021-02-14,30.0,F,UK,basic,7.35,organic,web,0,35.8,PROMO_11,0
2653,2020-09-16,37.0,F,PK,standard,17.51,social,web,2,46.3,PROMO_1,0
2654,2023-01-13,,F,PK,basic,10.0,partner,ios,0,59.0,PROMO_1,0
2655,2021-03-24,25.0,Other,CA,basic,8.1,referral,ios,3,55.6,PROMO_1,0
2656,2022-04-23,32.0,M,IN,basic,9.64,paid_search,web,0,88.5,PROMO_38,0
2657,2024-03-22,44.0,F,UK,premium,41.2,partner,web,1,53.3,PROMO_7,0
2658,2023-06-03,48.0,F,US,standard,17.9,referral,android,0,40.0,PROMO_2,0
2659,2021-11-26,37.0,M,DE,basic,7.56,referral,android,3,43.5,PROMO_1,0
2660,2023-11-02,38.0,M,PK,standard,18.14,organic,web,2,37.2,PROMO_1,0
2661,2022-10-20,33.0,F,IN,basic,10.5,social,android,1,40.3,PROMO_1,0
2662,2021-07-07,31.0,F,PK,basic,8.38,organic,ios,1,51.5,PROMO_2,0
2663,2023-11-17,27.0,M,PK,standard,17.79,organic,ios,0,43.0,PROMO_1,0
2664,2022-07-26,20.0,M,US,basic,8.28,organic,ios,2,70.0,PROMO_32,0
2665,2023-08-19,29.0,M,PK,basic,9.87,social,android,4,63.2,PROMO_1,0
2666,2022-06-01,47.0,M,US,standard,18.63,organic,ios,1,63.0,PROMO_8,0
2667,2023-07-14,32.0,M,DE,basic,8.55,paid_search,ios,3,46.2,PROMO_1,1
2668,2020-10-17,33.0,M,US,premium,43.41,social,web,0,63.7,PROMO_3,0
2669,2024-02-26,33.0,M,AE,standard,19.88,paid_search,ios,0,65.3,PROMO_1,0
2670,2020-10-20,51.0,M,PK,standard,17.6,paid_search,web,0,73.9,PROMO_10,1
2671,2021-06-14,27.0,F,US,standard,17.14,referral,android,1,41.9,PROMO_1,0
2672,2021-03-18,40.0,M,UK,premium,42.61,partner,android,4,50.2,PROMO_2,0
2673,2021-03-23,36.0,F,UK,basic,9.01,referral,web,3,38.7,PROMO_1,0
2674,2023-09-26,38.0,M,PK,standard,16.65,social,android,2,89.6,PROMO_1,0
2675,2020-12-04,40.0,M,CA,standard,16.29,organic,android,0,47.0,PROMO_111,0
2676,2022-03-13,38.0,M,PK,premium,35.52,organic,android,3,69.1,PROMO_1,0
2677,2020-10-22,46.0,F,PK,basic,8.11,paid_search,ios,1,52.3,PROMO_1,1
2678,2021-02-15,37.0,M,PK,standard,15.89,partner,ios,1,63.2,PROMO_3,0
2679,2022-04-03,56.0,F,AE,standard,17.33,organic,web,1,49.8,PROMO_1,0
2680,2023-01-11,37.0,F,PK,basic,8.34,organic,android,2,63.8,PROMO_9,0
2681,2024-01-01,18.0,M,PK,premium,37.56,referral,android,0,54.1,PROMO_150,0
2682,2024-01-23,44.0,F,US,basic,10.22,social,android,0,75.6,PROMO_1,0
2683,2022-12-21,41.0,M,US,basic,8.81,paid_search,web,1,54.6,PROMO_1,0
2684,2021-05-18,37.0,F,PK,standard,18.75,referral,ios,1,39.2,PROMO_2,0
2685,2022-07-14,34.0,M,AE,basic,9.37,social,android,1,57.8,PROMO_2,0
2686,2022-08-16,18.0,M,AE,basic,8.83,partner,android,3,50.1,PROMO_1,0
2687,2023-07-09,18.0,F,PK,basic,9.29,paid_search,android,1,35.2,PROMO_1,0
2688,2022-04-24,55.0,M,PK,basic,9.2,paid_search,ios,2,55.7,PROMO_2,0
2689,2022-01-12,31.0,F,US,standard,19.19,organic,ios,2,40.7,PROMO_2,0
2690,2020-09-24,48.0,M,NZ,premium,47.63,paid_search,ios,0,46.5,PROMO_2,0
2691,2021-09-08,19.0,M,DE,standard,20.38,organic,ios,1,50.6,PROMO_1,0
2692,2022-02-24,25.0,M,US,basic,8.22,organic,android,1,19.6,PROMO_1,0
2693,2021-01-02,44.0,M,SE,standard,19.56,organic,ios,1,43.5,PROMO_1,0
2694,2022-11-02,36.0,M,US,premium,36.53,paid_search,ios,2,63.9,PROMO_150,0
2695,2020-11-28,43.0,M,US,standard,19.68,organic,android,1,47.1,PROMO_11,0
2696,2023-01-17,37.0,M,IN,basic,8.01,organic,ios,2,21.5,PROMO_2,0
2697,2023-12-17,35.0,F,DE,basic,8.2,paid_search,web,3,48.8,PROMO_14,0
2698,2022-11-12,30.0,F,UK,premium,40.07,organic,ios,1,57.2,PROMO_1,0
2699,2023-12-16,24.0,M,AE,premium,42.11,organic,ios,5,45.5,PROMO_1,0
2700,2023-12-30,52.0,F,SE,basic,9.36,partner,ios,2,46.0,PROMO_1,0
2701,2021-02-10,54.0,F,PK,standard,20.3,paid_search,android,0,43.3,PROMO_2,0
2702,2021-06-10,26.0,M,US,basic,9.27,referral,android,0,59.3,PROMO_17,0
2703,2023-08-10,25.0,M,US,basic,9.12,organic,ios,4,37.7,PROMO_1,0
2704,2021-04-11,33.0,F,NZ,standard,18.23,paid_search,android,0,58.2,PROMO_3,0
2705,2024-03-07,41.0,F,PK,standard,20.24,organic,ios,3,46.0,PROMO_4,0
2706,2023-05-15,35.0,F,PK,basic,9.74,paid_search,ios,4,68.8,PROMO_2,0
2707,2021-10-10,42.0,F,US,premium,38.8,referral,android,1,42.7,PROMO_15,0
2708,2023-04-18,36.0,F,PK,standard,18.82,referral,web,1,33.3,PROMO_1,0
2709,2021-09-06,36.0,M,AE,basic,10.15,paid_search,web,2,59.3,PROMO_5,0
2710,2021-02-20,64.0,F,US,standard,18.97,organic,android,2,57.4,PROMO_3,0
2711,2024-03-11,31.0,M,CA,standard,19.12,social,ios,2,56.2,PROMO_1,1
2712,2024-05-08,55.0,Other,DE,standard,19.74,social,android,2,62.7,PROMO_3,0
2713,2020-11-21,53.0,F,US,premium,38.69,paid_search,web,0,35.0,PROMO_1,0
2714,2022-06-23,43.0,Other,CA,standard,17.75,paid_search,ios,0,38.2,PROMO_17,0
2715,2022-07-13,18.0,F,PK,basic,9.27,paid_search,ios,1,69.8,PROMO_1,0
2716,2022-09-10,37.0,M,UK,basic,8.97,paid_search,,2,56.5,PROMO_1,0
2717,2022-10-21,31.0,Other,AE,standard,21.8,paid_search,ios,2,43.2,PROMO_8,0
2718,2021-11-01,37.0,M,PK,premium,41.46,organic,,2,23.5,PROMO_1,0
2719,2022-04-02,25.0,F,PK,basic,8.57,social,android,0,31.3,PROMO_1,0
2720,2023-10-29,45.0,F,UK,basic,9.52,paid_search,android,3,35.6,PROMO_17,0
2721,2022-01-28,48.0,F,UK,standard,19.47,paid_search,android,1,41.6,PROMO_4,0
2722,2021-12-01,50.0,M,AE,basic,9.94,paid_search,web,1,54.6,PROMO_1,1
2723,2024-01-06,33.0,F,PK,basic,8.62,social,android,0,29.5,PROMO_3,0
2724,2023-01-08,25.0,M,PK,premium,39.59,paid_search,android,1,42.1,PROMO_150,0
2725,2021-06-16,41.0,F,SE,standard,18.85,organic,web,0,31.0,PROMO_1,0
2726,2022-02-08,56.0,F,PK,premium,39.18,paid_search,android,4,43.7,PROMO_3,0
2727,2023-12-05,38.0,F,NZ,standard,17.65,organic,ios,0,85.8,PROMO_2,0
2728,2024-04-16,42.0,F,DE,basic,9.41,paid_search,android,0,67.8,PROMO_1,0
2729,2022-03-31,34.0,M,AE,premium,40.3,paid_search,android,2,58.6,PROMO_1,0
2730,2022-09-12,31.0,F,US,basic,9.93,paid_search,android,1,42.2,PROMO_62,0
2731,2020-10-23,44.0,F,IN,basic,8.99,paid_search,web,3,33.8,PROMO_3,0
2732,2022-06-21,36.0,M,IN,premium,37.72,organic,android,1,48.7,PROMO_1,0
2733,2020-12-03,41.0,F,DE,standard,20.2,paid_search,android,2,26.7,PROMO_1,0
2734,2023-08-20,43.0,M,DE,premium,36.52,organic,ios,0,59.7,PROMO_1,0
2735,2022-10-02,41.0,M,US,basic,9.78,partner,android,1,47.0,PROMO_1,0
2736,2023-12-01,43.0,M,PK,premium,42.38,social,ios,0,49.6,PROMO_1,0
2737,2022-04-10,28.0,F,NZ,standard,20.91,social,ios,0,25.0,PROMO_11,0
2738,2023-09-24,27.0,F,PK,standard,19.57,organic,web,1,50.7,PROMO_1,0
2739,2022-08-01,37.0,M,US,premium,37.48,partner,,2,46.4,PROMO_150,0
2740,2023-02-22,37.0,M,US,basic,9.08,social,android,1,35.7,PROMO_1,0
2741,2023-09-28,31.0,F,DE,standard,19.58,paid_search,ios,2,53.4,PROMO_91,0
2742,2024-01-29,40.0,F,DE,standard,18.15,social,ios,1,44.0,PROMO_6,0
2743,2022-07-05,47.0,F,AE,standard,21.03,paid_search,android,0,54.4,PROMO_2,0
2744,2020-11-11,50.0,M,PK,premium,40.81,partner,ios,1,59.3,PROMO_26,0
2745,2023-09-10,53.0,F,PK,standard,17.64,organic,web,1,33.7,PROMO_1,1
2746,2022-11-30,23.0,Other,PK,basic,10.36,referral,ios,2,51.6,PROMO_7,1
2747,2023-08-06,24.0,F,SE,basic,9.07,partner,ios,3,51.3,PROMO_2,0
2748,2021-05-21,34.0,Other,PK,premium,35.59,paid_search,android,1,68.7,PROMO_7,0
2749,2022-11-16,38.0,F,SE,premium,36.41,referral,ios,1,62.6,PROMO_1,0
2750,2020-10-05,34.0,F,PK,premium,43.64,organic,ios,1,44.8,PROMO_1,0
2751,2023-07-08,31.0,F,IN,basic,10.31,social,android,1,43.6,PROMO_1,0
2752,2024-02-20,34.0,F,UK,basic,9.73,paid_search,web,2,52.2,PROMO_1,0
2753,2022-03-30,,Other,CA,standard,21.01,paid_search,web,1,33.1,PROMO_2,0
2754,2021-12-24,22.0,F,AE,standard,20.85,paid_search,web,0,35.4,PROMO_1,0
2755,2020-09-12,63.0,F,DE,basic,9.4,social,ios,2,43.0,PROMO_2,0
2756,2021-02-24,37.0,Other,DE,standard,19.5,social,ios,0,14.3,PROMO_5,0
2757,2021-02-06,49.0,F,PK,basic,9.39,organic,android,1,35.2,PROMO_2,0
2758,2022-01-17,31.0,F,IN,basic,9.53,paid_search,web,0,45.0,PROMO_1,0
2759,2023-01-31,43.0,F,AE,basic,8.47,organic,ios,2,91.3,PROMO_3,1
2760,2022-10-27,38.0,F,PK,basic,9.53,social,android,0,40.3,PROMO_1,0
2761,2023-12-09,46.0,M,US,basic,10.05,organic,android,1,59.9,PROMO_4,0
2762,2022-10-25,35.0,F,UK,premium,38.36,paid_search,web,0,47.0,PROMO_1,0
2763,2023-01-25,54.0,M,IN,standard,18.52,partner,android,1,56.6,PROMO_11,1
2764,2024-04-22,21.0,F,CA,premium,40.49,partner,ios,2,33.8,PROMO_1,0
2765,2023-09-02,47.0,F,US,basic,8.53,paid_search,ios,1,26.8,PROMO_6,0
2766,2022-06-04,38.0,M,AE,basic,8.05,organic,android,0,70.7,PROMO_7,0
2767,2023-01-18,26.0,M,PK,basic,9.83,social,web,0,30.0,PROMO_3,0
2768,2020-09-08,58.0,M,US,standard,18.31,paid_search,web,1,72.3,PROMO_1,0
2769,2022-08-20,57.0,F,CA,basic,9.01,organic,android,2,44.4,PROMO_1,0
2770,2020-10-26,18.0,F,PK,standard,18.07,partner,android,1,37.6,PROMO_1,0
2771,2021-12-12,39.0,M,US,standard,20.94,paid_search,ios,1,42.3,PROMO_2,0
2772,2024-04-16,45.0,M,PK,premium,41.66,paid_search,android,2,74.0,PROMO_1,0
2773,2023-09-04,42.0,F,PK,basic,8.83,paid_search,android,0,39.5,PROMO_1,0
2774,2021-10-11,54.0,F,PK,standard,17.21,referral,web,1,44.3,PROMO_71,0
2775,2022-05-20,51.0,M,PK,basic,8.75,referral,,1,64.6,PROMO_3,0
2776,2023-04-21,40.0,F,US,basic,9.41,organic,ios,0,57.1,PROMO_3,0
2777,2022-06-21,62.0,M,IN,standard,19.29,social,android,0,81.2,PROMO_3,0
2778,2021-01-11,47.0,M,PK,standard,19.17,referral,android,0,67.5,PROMO_150,0
2779,2022-12-22,33.0,F,IN,standard,19.32,social,android,1,39.6,PROMO_1,0
2780,2024-04-09,31.0,M,AE,basic,9.55,organic,android,2,69.5,PROMO_1,0
2781,2023-04-08,51.0,M,PK,premium,38.87,paid_search,ios,1,21.2,PROMO_5,0
2782,2020-11-27,28.0,M,PK,premium,40.4,referral,web,2,61.6,PROMO_1,1
2783,2021-07-25,32.0,M,PK,basic,8.29,organic,ios,1,40.2,PROMO_150,1
2784,2021-04-12,34.0,M,CA,premium,46.97,paid_search,web,0,58.9,PROMO_1,0
2785,2020-12-30,,F,DE,basic,8.8,social,android,1,79.5,PROMO_2,0
2786,2023-12-31,35.0,F,US,standard,19.31,social,ios,5,24.9,PROMO_1,1
2787,2023-05-17,23.0,M,PK,premium,40.77,organic,web,2,63.8,PROMO_12,0
2788,2024-03-20,50.0,F,PK,standard,18.38,organic,ios,1,62.6,PROMO_1,0
2789,2024-06-04,33.0,M,AE,standard,19.01,social,web,0,59.9,PROMO_3,0
2790,2021-04-16,59.0,F,PK,basic,9.0,organic,ios,2,35.3,PROMO_1,0
2791,2020-11-26,40.0,F,UK,standard,17.61,paid_search,web,3,48.7,PROMO_28,0
2792,2023-11-09,51.0,F,AE,standard,19.67,paid_search,android,0,35.6,PROMO_3,0
2793,2021-09-18,44.0,M,AE,basic,7.81,organic,android,1,56.4,PROMO_1,1
2794,2022-06-03,51.0,M,PK,basic,10.26,paid_search,,0,30.4,PROMO_7,1
2795,2024-03-07,43.0,M,US,standard,20.21,partner,web,0,43.4,PROMO_68,0
2796,2020-12-25,40.0,F,US,standard,19.97,paid_search,android,1,59.5,PROMO_4,0
2797,2021-02-24,49.0,M,CA,standard,16.36,organic,android,3,39.0,PROMO_3,0
2798,2022-04-19,64.0,M,US,premium,36.53,organic,web,3,44.1,PROMO_1,0
2799,2021-10-08,34.0,F,US,standard,21.11,paid_search,ios,1,36.4,PROMO_150,0
2800,2022-12-10,46.0,M,PK,basic,11.99,paid_search,android,1,53.9,PROMO_1,1
2801,2021-06-12,37.0,M,AE,basic,9.86,referral,android,1,47.9,PROMO_1,0
2802,2022-10-05,43.0,F,AE,standard,20.58,social,ios,1,39.0,PROMO_3,0
2803,2020-09-14,37.0,F,DE,standard,19.8,paid_search,web,1,40.5,PROMO_5,0
2804,2024-03-15,18.0,M,AE,standard,17.71,paid_search,ios,0,52.4,PROMO_1,0
2805,2023-10-17,35.0,F,IN,standard,20.51,paid_search,android,1,34.1,PROMO_1,0
2806,2020-10-13,48.0,M,IN,standard,17.33,organic,ios,2,49.3,PROMO_7,0
2807,2023-05-09,29.0,M,US,standard,17.16,paid_search,android,0,50.5,PROMO_2,0
2808,2023-04-09,47.0,F,PK,standard,17.06,organic,web,0,52.3,PROMO_6,0
2809,2021-06-15,39.0,F,IN,basic,9.7,paid_search,ios,1,42.0,PROMO_43,0
2810,2023-09-23,35.0,M,DE,standard,18.91,paid_search,web,0,59.1,PROMO_1,0
2811,2022-07-03,47.0,F,SE,standard,19.15,referral,android,1,64.4,PROMO_45,0
2812,2023-05-13,44.0,F,US,basic,8.99,organic,android,1,59.7,PROMO_7,0
2813,2023-09-11,42.0,F,SE,standard,17.29,partner,ios,0,53.1,PROMO_1,0
2814,2020-10-19,48.0,M,PK,standard,17.98,paid_search,ios,2,28.6,PROMO_1,0
2815,2023-09-09,39.0,F,UK,standard,18.06,social,android,0,75.1,PROMO_140,0
2816,2024-02-01,19.0,F,US,standard,16.86,social,ios,1,50.9,PROMO_1,0
2817,2021-11-23,33.0,M,PK,basic,8.64,referral,android,1,54.7,PROMO_3,0
2818,2021-03-02,18.0,F,PK,basic,8.22,social,ios,4,39.4,PROMO_1,0
2819,2023-12-18,44.0,M,PK,basic,9.42,organic,ios,0,46.8,PROMO_22,0
2820,2021-10-08,47.0,F,PK,basic,9.48,paid_search,android,1,67.7,PROMO_41,0
2821,2022-05-26,47.0,M,IN,standard,17.03,partner,ios,0,61.7,PROMO_1,1
2822,2021-04-22,42.0,F,SE,standard,18.55,paid_search,android,3,45.3,PROMO_3,0
2823,2023-12-18,48.0,F,IN,standard,21.82,referral,ios,0,72.9,PROMO_4,0
2824,2020-10-03,20.0,F,NZ,basic,8.29,referral,web,0,34.9,PROMO_1,0
2825,2022-02-07,36.0,M,CA,basic,9.31,paid_search,web,1,24.8,PROMO_1,0
2826,2021-04-05,21.0,M,IN,basic,9.08,referral,android,3,21.1,PROMO_4,0
2827,2023-01-28,33.0,F,PK,standard,20.66,paid_search,ios,0,61.9,PROMO_1,0
2828,2020-11-17,55.0,F,PK,basic,9.21,organic,ios,0,39.6,PROMO_2,0
2829,2022-01-28,49.0,F,IN,standard,18.34,social,web,2,47.9,PROMO_1,1
2830,2023-12-18,44.0,F,US,standard,19.1,referral,android,2,66.4,PROMO_150,0
2831,2020-12-15,35.0,F,DE,standard,19.12,paid_search,ios,0,54.9,PROMO_1,1
2832,2021-06-08,26.0,M,UK,basic,8.93,organic,android,2,32.2,PROMO_150,1
2833,2023-04-23,39.0,F,US,basic,8.05,social,web,0,74.4,PROMO_1,0
2834,2022-05-19,49.0,M,PK,standard,20.89,social,,1,45.6,PROMO_1,0
2835,2022-12-23,42.0,F,DE,standard,20.62,social,android,1,49.1,PROMO_12,0
2836,2022-05-22,20.0,M,UK,basic,8.25,paid_search,ios,0,39.3,PROMO_69,0
2837,2020-10-17,38.0,F,US,premium,38.06,paid_search,android,2,33.3,PROMO_22,0
2838,2021-01-17,18.0,F,AE,standard,18.66,paid_search,android,0,53.5,PROMO_1,0
2839,2023-08-18,46.0,M,US,basic,8.17,organic,android,0,28.4,PROMO_1,0
2840,2020-10-08,29.0,F,US,basic,7.66,referral,web,3,48.8,PROMO_1,0
2841,2022-10-15,24.0,M,AE,basic,8.52,organic,android,1,73.8,PROMO_1,0
2842,2021-10-12,46.0,M,US,basic,8.74,paid_search,ios,0,61.3,PROMO_9,0
2843,2021-07-22,43.0,Other,IN,basic,7.96,referral,web,1,53.0,PROMO_1,0
2844,2022-08-14,40.0,M,US,standard,19.27,paid_search,android,0,33.5,PROMO_1,0
2845,2022-09-19,61.0,F,SE,basic,9.84,referral,ios,1,49.1,PROMO_2,0
2846,2022-09-20,44.0,F,CA,premium,41.63,organic,web,1,38.1,PROMO_2,0
2847,2021-03-08,30.0,M,IN,premium,38.6,paid_search,,3,71.6,PROMO_1,0
2848,2022-12-25,43.0,F,DE,basic,7.67,social,android,1,42.9,PROMO_1,0
2849,2023-05-21,34.0,M,AE,basic,9.52,referral,android,0,38.2,PROMO_26,0
2850,2023-01-28,51.0,F,UK,standard,19.22,social,ios,2,46.7,PROMO_75,0
2851,2023-09-16,40.0,M,UK,premium,40.32,organic,android,1,38.3,PROMO_3,0
2852,2022-12-18,41.0,F,PK,premium,45.04,organic,ios,0,53.5,PROMO_1,0
2853,2024-01-05,21.0,F,PK,basic,8.41,referral,android,1,77.3,PROMO_1,0
2854,2024-02-08,38.0,Other,PK,basic,6.93,social,web,1,50.1,PROMO_13,0
2855,2021-09-16,36.0,M,DE,basic,8.24,organic,android,1,36.2,PROMO_25,0
2856,2024-02-25,26.0,F,PK,standard,19.74,paid_search,android,0,47.6,PROMO_1,0
2857,2022-04-18,35.0,F,UK,standard,19.04,organic,ios,1,30.9,PROMO_1,0
2858,2021-06-30,42.0,M,PK,standard,17.15,organic,android,0,93.1,PROMO_1,0
2859,2021-09-15,37.0,F,PK,standard,16.84,partner,ios,0,77.0,PROMO_2,0
2860,2022-10-04,21.0,M,UK,basic,8.74,paid_search,web,0,68.7,PROMO_3,0
2861,2023-09-17,34.0,M,IN,standard,17.11,organic,ios,2,61.3,PROMO_1,0
2862,2020-12-04,,F,US,basic,9.37,referral,android,0,47.5,PROMO_7,0
2863,2021-04-15,39.0,F,IN,standard,18.37,partner,web,1,47.8,PROMO_3,0
2864,2022-02-17,38.0,F,PK,standard,18.05,referral,android,0,46.7,PROMO_1,0
2865,2024-02-12,32.0,F,US,standard,17.85,social,android,0,85.7,PROMO_1,0
2866,2024-04-23,32.0,M,PK,basic,9.19,partner,android,2,47.1,PROMO_1,0
2867,2023-04-02,38.0,F,US,standard,19.06,organic,,1,41.5,PROMO_2,0
2868,2023-11-06,48.0,M,PK,standard,19.31,referral,,1,48.4,PROMO_21,0
2869,2021-03-11,40.0,M,PK,basic,9.13,paid_search,android,1,57.8,PROMO_11,0
2870,2023-08-31,53.0,F,DE,basic,8.95,organic,android,1,-2.2,PROMO_7,0
2871,2023-05-17,49.0,M,AE,standard,17.43,organic,android,1,55.9,PROMO_2,0
2872,2020-10-03,53.0,F,PK,basic,8.47,organic,ios,4,11.9,PROMO_1,0
2873,2021-05-08,52.0,F,IN,basic,8.72,referral,ios,0,72.1,PROMO_1,0
2874,2023-08-14,54.0,M,AE,basic,10.49,referral,ios,1,24.1,PROMO_4,1
2875,2022-12-29,24.0,F,US,basic,8.03,organic,android,2,38.0,PROMO_1,0
2876,2022-06-30,44.0,F,US,basic,8.7,referral,web,0,21.2,PROMO_2,0
2877,2021-12-07,50.0,F,PK,standard,19.15,referral,android,2,77.0,PROMO_14,0
2878,2020-11-27,52.0,F,CA,basic,8.78,organic,android,1,49.8,PROMO_9,0
2879,2021-02-24,29.0,M,US,standard,20.63,social,android,1,83.4,PROMO_2,0
2880,2020-10-01,44.0,Other,PK,basic,8.78,organic,web,2,79.8,PROMO_1,0
2881,2024-04-15,38.0,M,PK,basic,8.83,organic,ios,1,68.7,PROMO_1,0
2882,2023-07-20,57.0,Other,PK,basic,9.59,paid_search,android,3,29.0,PROMO_1,0
2883,2022-04-26,22.0,M,US,standard,21.75,partner,android,0,52.5,PROMO_43,0
2884,2024-04-04,29.0,F,UK,premium,43.39,organic,,1,70.5,PROMO_1,0
2885,2023-02-06,,M,SE,basic,8.9,paid_search,android,1,55.8,PROMO_1,0
2886,2023-11-12,39.0,F,PK,basic,8.96,social,ios,1,44.5,PROMO_1,0
2887,2020-12-01,62.0,F,US,basic,9.03,social,,0,55.3,PROMO_4,0
2888,2024-03-15,37.0,M,PK,basic,9.11,partner,android,2,56.7,PROMO_2,0
2889,2023-11-19,38.0,M,US,standard,17.71,paid_search,ios,4,27.8,PROMO_1,0
2890,2023-09-15,43.0,M,AE,basic,9.67,referral,ios,0,41.5,PROMO_1,0
2891,2023-11-18,36.0,F,SE,premium,39.64,social,android,0,59.8,PROMO_2,0
2892,2022-04-18,41.0,M,DE,standard,18.93,organic,android,1,63.1,PROMO_1,0
2893,2023-01-25,41.0,F,PK,standard,17.07,social,web,3,53.7,PROMO_1,0
2894,2020-12-29,28.0,F,IN,standard,19.09,paid_search,web,2,43.9,PROMO_1,0
2895,2023-06-17,36.0,M,CA,basic,7.64,social,ios,2,47.1,PROMO_12,0
2896,2022-05-31,45.0,F,PK,standard,18.12,organic,web,0,38.7,PROMO_2,0
2897,2021-12-13,47.0,M,IN,basic,8.59,organic,android,1,48.4,PROMO_3,0
2898,2022-01-29,51.0,M,DE,standard,19.44,partner,android,2,62.8,PROMO_2,0
2899,2021-06-07,41.0,M,CA,standard,21.86,partner,android,1,86.4,PROMO_3,0
2900,2023-09-06,41.0,F,US,basic,9.41,paid_search,android,0,31.9,PROMO_1,0
2901,2022-07-11,45.0,F,PK,standard,21.2,referral,web,3,69.0,PROMO_2,0
2902,2021-06-02,30.0,M,CA,basic,9.46,partner,android,3,55.7,PROMO_3,0
2903,2021-03-08,30.0,M,US,basic,9.81,organic,ios,0,26.0,PROMO_1,0
2904,2022-02-09,36.0,M,SE,standard,21.82,social,android,1,48.5,PROMO_2,0
2905,2021-12-24,23.0,F,PK,basic,8.47,organic,web,3,47.3,PROMO_1,0
2906,2021-03-06,,F,US,premium,36.51,referral,web,2,50.0,PROMO_1,0
2907,2022-01-30,49.0,M,DE,standard,20.02,organic,ios,0,65.7,PROMO_2,0
2908,2020-11-09,29.0,F,UK,standard,18.99,referral,android,0,79.6,PROMO_5,0
2909,2023-12-17,42.0,M,US,basic,9.16,organic,web,3,69.4,PROMO_10,0
2910,2023-02-16,30.0,F,DE,basic,8.82,paid_search,web,0,53.2,PROMO_5,0
2911,2024-01-08,26.0,F,DE,premium,37.14,referral,ios,0,54.9,PROMO_1,0
2912,2024-02-07,60.0,M,UK,basic,10.17,organic,ios,2,81.2,PROMO_1,0
2913,2022-08-29,,M,US,standard,17.33,partner,android,0,34.1,PROMO_5,0
2914,2023-08-04,23.0,F,AE,basic,9.49,organic,ios,0,68.6,PROMO_2,0
2915,2022-11-27,39.0,F,UK,basic,9.38,paid_search,web,0,32.8,PROMO_9,0
2916,2022-10-15,40.0,M,CA,standard,16.6,social,android,0,27.1,PROMO_1,0
2917,2022-02-05,44.0,F,AE,standard,17.74,organic,android,1,59.5,PROMO_1,0
2918,2020-11-13,59.0,F,US,standard,17.99,social,android,0,25.1,PROMO_1,0
2919,2021-03-26,28.0,M,PK,premium,40.76,paid_search,web,3,44.1,PROMO_1,0
2920,2023-01-05,31.0,F,PK,basic,8.74,social,ios,1,70.6,PROMO_1,1
2921,2023-03-19,,M,US,basic,8.94,social,web,0,36.3,PROMO_2,0
2922,2021-07-13,47.0,F,AE,basic,7.95,paid_search,ios,2,77.0,PROMO_1,0
2923,2023-12-23,46.0,M,CA,standard,22.54,organic,android,2,16.1,PROMO_1,0
2924,2022-05-27,31.0,M,SE,basic,9.05,organic,ios,0,65.7,PROMO_1,0
2925,2022-11-05,49.0,M,UK,standard,19.76,partner,android,1,29.2,PROMO_5,0
2926,2023-10-02,46.0,M,DE,basic,8.61,paid_search,android,0,47.1,PROMO_4,0
2927,2022-02-11,39.0,M,AE,standard,18.01,organic,android,0,53.2,PROMO_2,0
2928,2023-03-26,31.0,F,US,standard,21.91,organic,ios,2,45.8,PROMO_1,0
2929,2023-09-28,38.0,F,AE,premium,33.02,referral,android,0,46.1,PROMO_6,0
2930,2021-12-22,55.0,F,US,basic,9.2,paid_search,ios,5,28.2,PROMO_1,0
2931,2023-10-14,25.0,M,US,premium,35.22,organic,web,0,71.2,PROMO_1,0
2932,2021-11-25,28.0,F,IN,basic,8.71,referral,android,1,31.6,PROMO_1,0
2933,2023-10-31,30.0,F,UK,basic,8.54,partner,web,1,31.5,PROMO_1,0
2934,2022-10-20,32.0,M,PK,basic,8.29,referral,ios,0,48.5,PROMO_150,1
2935,2021-05-22,,M,UK,basic,9.03,social,ios,1,39.5,PROMO_6,0
2936,2023-07-31,48.0,F,SE,standard,15.1,paid_search,android,1,62.6,PROMO_1,0
2937,2021-07-17,42.0,F,PK,basic,8.77,organic,android,1,42.0,PROMO_20,0
2938,2021-09-18,38.0,M,SE,basic,8.93,paid_search,ios,0,50.0,PROMO_1,0
2939,2021-01-12,,M,NZ,standard,16.93,social,web,1,51.7,PROMO_2,0
2940,2023-10-21,44.0,M,UK,standard,21.3,organic,ios,1,64.6,PROMO_1,0
2941,2021-09-28,19.0,F,US,standard,18.1,paid_search,android,1,42.1,PROMO_2,0
2942,2020-11-26,49.0,M,PK,standard,18.64,social,ios,2,24.9,PROMO_150,1
2943,2021-07-24,28.0,F,PK,basic,8.57,social,web,0,37.9,PROMO_8,0
2944,2023-09-25,32.0,F,US,standard,18.88,organic,ios,0,67.1,PROMO_2,0
2945,2021-05-03,41.0,F,CA,basic,9.94,referral,android,1,55.2,PROMO_1,0
2946,2024-01-14,36.0,F,IN,basic,10.78,paid_search,,1,44.4,PROMO_1,0
2947,2022-03-21,42.0,M,PK,basic,9.54,social,web,2,50.9,PROMO_13,0
2948,2022-07-25,39.0,M,US,standard,20.65,partner,android,2,46.0,PROMO_3,0
2949,2022-06-09,34.0,M,UK,basic,10.24,organic,android,2,61.8,PROMO_3,0
2950,2022-06-25,54.0,M,US,standard,19.38,referral,ios,1,55.1,PROMO_5,0
2951,2024-04-28,45.0,F,UK,basic,10.13,referral,ios,0,45.8,PROMO_1,0
2952,2022-07-10,40.0,M,IN,basic,9.57,partner,android,1,63.8,PROMO_5,0
2953,2020-11-26,45.0,M,US,basic,9.1,paid_search,ios,2,67.7,PROMO_1,0
2954,2022-10-17,29.0,M,PK,basic,9.25,organic,web,4,36.2,PROMO_2,0
2955,2023-05-25,61.0,F,AE,basic,7.69,organic,web,1,36.5,PROMO_2,0
2956,2020-09-07,25.0,M,PK,standard,19.44,referral,android,3,86.0,PROMO_1,0
2957,2024-01-26,38.0,M,IN,standard,16.65,organic,web,1,59.4,PROMO_1,0
2958,2022-08-09,34.0,F,IN,basic,7.83,paid_search,ios,3,75.0,PROMO_150,1
2959,2022-07-04,33.0,M,PK,standard,19.29,partner,android,1,63.4,PROMO_3,0
2960,2022-08-21,32.0,F,UK,basic,8.2,paid_search,android,2,56.9,PROMO_1,0
2961,2020-12-17,29.0,F,CA,basic,8.99,organic,web,2,17.9,PROMO_1,0
2962,2022-11-06,50.0,M,US,basic,9.1,referral,android,1,31.7,PROMO_4,0
2963,2020-10-06,24.0,M,US,basic,9.13,organic,android,5,59.8,PROMO_2,0
2964,2024-03-10,48.0,M,SE,basic,8.35,paid_search,ios,0,36.4,PROMO_3,0
2965,2021-09-02,44.0,F,PK,standard,20.37,organic,ios,3,47.8,PROMO_3,0
2966,2022-03-15,33.0,Other,UK,basic,8.94,paid_search,android,0,63.7,PROMO_150,0
2967,2023-07-15,43.0,F,PK,standard,19.67,organic,ios,0,52.0,PROMO_149,0
2968,2023-08-01,35.0,F,US,basic,8.14,referral,ios,1,56.0,PROMO_55,0
2969,2021-09-21,25.0,M,IN,standard,18.73,paid_search,,1,70.8,PROMO_150,0
2970,2022-01-13,25.0,F,DE,standard,20.67,paid_search,ios,0,72.3,PROMO_1,0
2971,2022-02-18,44.0,M,AE,basic,9.7,partner,android,1,49.2,PROMO_2,0
2972,2024-04-01,44.0,Other,PK,basic,8.43,referral,web,3,69.1,PROMO_1,0
2973,2022-03-08,40.0,F,IN,standard,18.17,social,ios,0,35.6,PROMO_11,0
2974,2020-09-25,33.0,F,PK,premium,35.92,partner,android,2,53.4,PROMO_3,0
2975,2024-05-18,35.0,F,UK,premium,36.95,organic,android,1,58.5,PROMO_36,0
2976,2022-09-02,33.0,M,PK,basic,7.99,social,,1,48.4,PROMO_1,0
2977,2022-07-29,18.0,M,UK,standard,18.79,partner,android,1,46.7,PROMO_61,0
2978,2021-01-20,38.0,M,UK,basic,9.46,social,ios,0,33.2,PROMO_3,0
2979,2023-05-17,43.0,M,US,basic,8.43,paid_search,android,1,49.5,PROMO_1,0
2980,2022-08-24,38.0,Other,UK,standard,18.86,referral,ios,0,25.9,PROMO_60,0
2981,2021-09-25,56.0,F,US,standard,18.66,organic,android,1,48.0,PROMO_2,0
2982,2024-03-19,26.0,F,AE,standard,20.6,organic,ios,2,50.9,PROMO_3,0
2983,2021-06-01,30.0,F,UK,standard,18.07,social,ios,0,61.2,PROMO_1,0
2984,2021-05-03,38.0,M,IN,basic,8.59,organic,android,0,32.4,PROMO_1,0
2985,2021-09-21,40.0,F,PK,standard,17.71,organic,web,0,55.1,PROMO_1,0
2986,2021-12-29,18.0,F,PK,basic,8.18,paid_search,ios,2,58.5,PROMO_1,1
2987,2021-08-14,44.0,F,PK,basic,9.38,paid_search,ios,3,49.7,PROMO_150,0
2988,2021-06-28,40.0,F,PK,basic,8.9,paid_search,android,1,56.7,PROMO_3,0
2989,2021-01-11,18.0,M,UK,premium,39.17,social,ios,4,54.0,PROMO_5,0
2990,2022-10-29,36.0,M,PK,basic,9.92,social,web,1,11.0,PROMO_1,0
2991,2022-09-20,28.0,F,PK,basic,9.96,social,android,3,36.2,PROMO_1,0
2992,2022-01-12,32.0,M,PK,standard,16.5,organic,web,1,82.1,PROMO_3,0
2993,2023-09-18,22.0,F,UK,premium,41.02,paid_search,android,0,59.8,PROMO_2,1
2994,2021-03-17,42.0,F,DE,premium,39.7,partner,web,1,41.0,PROMO_1,0
2995,2021-07-13,56.0,F,US,standard,18.3,paid_search,ios,1,55.5,PROMO_5,1
2996,2022-01-22,40.0,M,SE,basic,9.24,organic,android,2,60.7,PROMO_2,0
2997,2023-04-21,18.0,M,PK,standard,16.38,partner,ios,0,73.1,PROMO_1,0
2998,2023-02-17,40.0,M,UK,standard,21.22,paid_search,android,1,44.2,PROMO_1,0
2999,2022-10-19,35.0,M,PK,premium,40.61,paid_search,web,3,41.1,PROMO_1,0
3000,2021-12-09,25.0,F,CA,standard,17.68,organic,web,0,42.5,PROMO_61,0
3001,2021-07-03,41.0,M,PK,basic,8.58,social,ios,1,41.4,PROMO_3,1
3002,2021-11-26,47.0,M,SE,basic,7.77,organic,android,1,40.9,PROMO_2,1
3003,2020-12-05,30.0,F,DE,standard,18.52,social,web,3,52.8,PROMO_13,0
3004,2020-10-24,19.0,F,UK,basic,8.65,referral,web,0,43.7,PROMO_6,0
3005,2021-10-12,18.0,F,UK,basic,8.05,social,ios,0,49.1,PROMO_53,0
3006,2023-01-16,30.0,F,US,basic,9.56,organic,android,1,78.1,PROMO_1,0
3007,2022-03-07,35.0,F,PK,standard,20.94,organic,ios,1,35.6,PROMO_1,1
3008,2022-11-02,31.0,F,IN,premium,38.91,referral,,1,55.1,PROMO_20,0
3009,2022-01-24,29.0,M,CA,standard,18.54,partner,web,1,33.0,PROMO_4,0
3010,2021-05-17,43.0,M,PK,premium,40.36,organic,android,4,63.9,PROMO_6,0
3011,2023-01-18,42.0,M,PK,standard,18.97,paid_search,android,4,66.8,PROMO_1,0
3012,2022-07-14,39.0,M,US,standard,17.36,social,android,5,37.0,PROMO_1,0
3013,2024-04-09,46.0,Other,DE,basic,8.53,referral,,2,39.6,PROMO_1,0
3014,2021-08-29,30.0,F,UK,standard,18.55,partner,ios,2,60.0,PROMO_1,0
3015,2022-08-05,25.0,M,AE,basic,9.18,social,web,2,45.9,PROMO_150,0
3016,2022-09-15,31.0,M,PK,basic,9.01,organic,web,1,71.3,PROMO_2,0
3017,2022-06-07,30.0,M,IN,basic,9.15,referral,android,1,32.0,PROMO_1,0
3018,2023-08-18,18.0,M,PK,standard,16.68,referral,android,0,66.2,PROMO_1,0
3019,2022-03-08,31.0,F,US,standard,20.01,paid_search,android,0,83.6,PROMO_1,0
3020,2021-08-17,49.0,M,IN,premium,39.01,paid_search,web,0,55.9,PROMO_1,0
3021,2023-02-14,46.0,F,DE,premium,46.96,organic,,2,40.4,PROMO_1,0
3022,2023-12-13,43.0,F,UK,premium,37.79,paid_search,android,1,38.3,PROMO_2,0
3023,2022-12-25,38.0,M,IN,basic,9.23,referral,android,2,47.6,PROMO_15,0
3024,2023-09-10,53.0,M,PK,premium,47.83,organic,web,1,60.1,PROMO_16,0
3025,2023-01-11,25.0,F,PK,standard,19.3,referral,ios,1,27.6,PROMO_2,0
3026,2022-01-27,,F,PK,premium,38.79,organic,,1,45.4,PROMO_31,0
3027,2024-01-06,49.0,M,PK,basic,8.29,organic,android,1,52.0,PROMO_2,1
3028,2021-08-14,37.0,F,DE,basic,10.1,social,android,1,73.3,PROMO_2,0
3029,2023-08-06,30.0,M,UK,premium,35.38,organic,android,0,77.9,PROMO_11,0
3030,2021-01-23,43.0,F,US,basic,9.31,social,ios,1,48.0,PROMO_2,0
3031,2021-09-04,32.0,M,CA,basic,8.66,paid_search,ios,2,33.4,PROMO_9,0
3032,2023-05-31,28.0,F,US,basic,8.86,social,android,2,52.1,PROMO_1,0
3033,2022-04-25,,M,PK,basic,7.97,partner,ios,2,52.6,PROMO_3,0
3034,2024-01-10,41.0,M,US,basic,9.97,paid_search,android,4,67.8,PROMO_1,0
3035,2024-01-25,39.0,F,DE,premium,38.13,organic,android,4,43.3,PROMO_12,0
3036,2020-10-30,54.0,M,US,premium,35.21,referral,android,1,35.2,PROMO_1,0
3037,2021-05-30,34.0,M,SE,premium,42.91,organic,android,1,49.8,PROMO_2,0
3038,2023-11-10,34.0,F,IN,basic,8.64,organic,web,1,44.9,PROMO_2,1
3039,2023-05-17,53.0,M,CA,basic,9.24,referral,android,2,44.5,PROMO_2,0
3040,2023-09-12,48.0,M,DE,basic,9.61,organic,android,3,37.0,PROMO_17,1
3041,2022-12-13,39.0,M,UK,basic,9.34,social,ios,0,31.2,PROMO_1,0
3042,2023-05-05,20.0,M,IN,basic,7.42,organic,android,1,59.2,PROMO_1,1
3043,2023-03-16,28.0,F,UK,standard,20.06,social,android,0,54.0,PROMO_1,0
3044,2022-06-11,25.0,M,US,premium,38.69,social,android,1,37.9,PROMO_10,0
3045,2023-09-24,37.0,Other,PK,standard,18.5,paid_search,android,1,62.3,PROMO_2,0
3046,2021-02-08,31.0,F,CA,basic,8.92,social,android,1,22.4,PROMO_1,0
3047,2021-09-10,55.0,F,US,basic,7.84,organic,ios,2,43.9,PROMO_1,0
3048,2021-07-27,20.0,M,CA,basic,9.14,organic,android,2,53.2,PROMO_24,0
3049,2023-10-21,24.0,M,NZ,basic,8.02,referral,android,3,66.6,PROMO_1,0
3050,2021-10-07,40.0,F,US,standard,18.57,referral,ios,0,41.7,PROMO_1,0
3051,2021-04-13,43.0,F,US,basic,9.11,referral,android,1,66.9,PROMO_3,0
3052,2023-10-13,18.0,M,PK,standard,20.63,social,android,2,40.2,PROMO_8,0
3053,2021-08-09,18.0,F,US,standard,17.75,paid_search,android,4,62.3,PROMO_53,0
3054,2023-02-03,34.0,M,AE,basic,10.05,social,android,0,75.2,PROMO_2,1
3055,2021-06-20,52.0,M,US,basic,9.68,social,ios,2,35.0,PROMO_1,0
3056,2022-08-20,58.0,Other,US,basic,8.69,organic,android,2,52.3,PROMO_23,0
3057,2021-05-30,32.0,F,UK,basic,8.2,paid_search,android,2,58.1,PROMO_1,0
3058,2023-11-20,,M,PK,standard,16.81,organic,ios,0,31.3,PROMO_3,0
3059,2022-12-22,28.0,M,PK,standard,19.41,paid_search,web,0,56.5,PROMO_2,0
3060,2023-05-30,44.0,M,PK,premium,36.7,social,ios,1,41.5,PROMO_16,0
3061,2023-07-04,54.0,F,CA,standard,20.82,paid_search,android,2,37.4,PROMO_11,0
3062,2023-04-12,51.0,M,PK,basic,8.51,social,android,0,43.7,PROMO_1,1
3063,2022-12-31,37.0,M,PK,basic,8.35,partner,android,2,42.6,PROMO_1,0
3064,2023-12-18,28.0,M,US,basic,9.17,partner,android,1,62.0,PROMO_8,0
3065,2021-10-09,37.0,F,AE,basic,8.51,referral,android,1,50.0,PROMO_1,0
3066,2022-05-13,52.0,F,DE,premium,39.03,referral,ios,0,84.7,PROMO_150,0
3067,2021-04-23,33.0,F,US,basic,9.71,paid_search,web,0,42.0,PROMO_5,0
3068,2021-10-12,18.0,F,UK,basic,9.08,social,web,1,57.1,PROMO_4,0
3069,2023-11-18,33.0,M,DE,basic,9.09,social,android,0,47.7,PROMO_4,0
3070,2024-03-06,34.0,M,IN,basic,9.15,partner,ios,4,30.9,PROMO_1,0
3071,2022-11-05,18.0,M,AE,premium,33.72,social,android,2,73.9,PROMO_2,0
3072,2022-08-17,40.0,F,AE,basic,9.28,paid_search,,0,51.8,PROMO_1,0
3073,2023-07-15,43.0,F,PK,basic,9.12,referral,ios,0,38.3,PROMO_4,1
3074,2021-06-27,57.0,F,US,basic,9.64,social,ios,1,56.0,PROMO_1,0
3075,2022-03-31,22.0,F,IN,standard,19.92,organic,android,3,65.5,PROMO_21,0
3076,2021-08-13,45.0,M,PK,standard,18.69,social,ios,1,37.3,PROMO_2,0
3077,2024-01-12,48.0,F,US,standard,20.57,social,ios,2,50.8,PROMO_1,0
3078,2021-05-13,43.0,F,AE,basic,8.79,social,,1,65.6,PROMO_1,0
3079,2023-08-31,26.0,M,IN,basic,9.18,partner,ios,2,52.5,PROMO_2,0
3080,2022-10-01,25.0,F,PK,premium,38.03,social,android,2,58.3,PROMO_150,0
3081,2022-10-13,38.0,F,IN,basic,9.33,referral,ios,1,46.0,PROMO_150,0
3082,2021-05-05,38.0,M,PK,basic,8.73,paid_search,,0,26.4,PROMO_51,0
3083,2023-05-25,31.0,F,IN,standard,21.5,organic,,1,46.2,PROMO_1,0
3084,2023-07-14,51.0,M,IN,basic,10.45,paid_search,ios,0,41.6,PROMO_40,0
3085,2023-02-28,33.0,M,DE,basic,9.63,paid_search,android,0,48.4,PROMO_7,0
3086,2023-01-30,18.0,M,IN,standard,21.34,referral,android,3,41.8,PROMO_1,0
3087,2023-10-04,35.0,F,SE,basic,7.89,social,android,3,52.6,PROMO_13,0
3088,2023-10-11,42.0,F,IN,basic,7.98,paid_search,ios,2,44.8,PROMO_1,1
3089,2023-07-27,41.0,M,UK,basic,8.77,paid_search,web,1,62.1,PROMO_1,0
3090,2022-09-04,41.0,F,US,standard,19.06,partner,ios,0,59.2,PROMO_7,0
3091,2023-02-23,53.0,F,PK,basic,8.86,organic,ios,0,36.1,PROMO_2,0
3092,2022-12-17,25.0,F,PK,basic,7.82,organic,,2,68.8,PROMO_2,1
3093,2021-09-22,32.0,F,AE,standard,20.75,social,android,1,39.2,PROMO_1,0
3094,2023-07-14,54.0,F,PK,standard,22.27,social,android,0,33.1,PROMO_3,0
3095,2021-01-02,18.0,Other,IN,premium,43.0,paid_search,android,0,65.8,PROMO_1,0
3096,2021-08-08,36.0,F,PK,basic,9.78,organic,web,1,41.1,PROMO_1,0
3097,2023-10-13,51.0,M,PK,basic,9.16,paid_search,android,1,51.5,PROMO_1,0
3098,2023-04-04,50.0,F,PK,standard,17.72,organic,android,0,30.7,PROMO_1,0
3099,2023-10-01,44.0,F,PK,standard,19.11,organic,ios,0,44.5,PROMO_1,0
3100,2023-05-31,45.0,M,PK,basic,10.52,paid_search,ios,2,48.3,PROMO_1,0
3101,2023-01-23,26.0,M,UK,standard,18.46,organic,ios,1,44.1,PROMO_28,0
3102,2023-12-13,52.0,Other,PK,basic,8.67,paid_search,android,0,42.3,PROMO_17,0
3103,2024-05-22,24.0,F,CA,standard,20.68,referral,web,0,50.6,PROMO_1,0
3104,2022-10-14,24.0,F,US,standard,20.78,organic,android,0,64.9,PROMO_1,0
3105,2021-10-17,41.0,M,DE,basic,8.39,paid_search,android,5,35.9,PROMO_3,0
3106,2023-04-19,32.0,F,DE,premium,38.18,paid_search,web,0,12.1,PROMO_1,0
3107,2021-03-11,39.0,F,PK,premium,37.43,organic,web,0,68.6,PROMO_1,0
3108,2023-01-18,42.0,F,PK,basic,9.05,social,,0,40.1,PROMO_3,0
3109,2021-01-14,57.0,F,CA,basic,9.79,organic,ios,0,41.4,PROMO_4,0
3110,2023-07-21,42.0,M,DE,standard,17.78,partner,web,0,41.8,PROMO_1,0
3111,2022-05-28,30.0,M,PK,basic,9.78,social,android,1,30.1,PROMO_20,0
3112,2021-07-23,44.0,M,AE,basic,9.07,organic,web,1,44.1,PROMO_2,0
3113,2024-03-21,28.0,F,US,basic,10.67,partner,ios,0,45.8,PROMO_1,0
3114,2020-12-05,47.0,M,PK,premium,39.99,paid_search,android,0,56.5,PROMO_1,0
3115,2023-01-24,38.0,M,PK,basic,8.93,organic,android,4,41.8,PROMO_2,0
3116,2022-07-24,41.0,M,DE,standard,19.87,paid_search,ios,3,13.4,PROMO_9,0
3117,2022-01-25,,M,US,basic,8.76,social,android,2,29.9,PROMO_1,0
3118,2022-01-05,18.0,M,UK,basic,7.71,social,web,1,66.7,PROMO_1,0
3119,2024-05-09,20.0,F,PK,premium,38.25,social,web,3,37.4,PROMO_1,0
3120,2021-03-02,56.0,M,PK,basic,8.82,partner,ios,1,58.2,PROMO_1,0
3121,2022-02-01,24.0,M,PK,basic,7.85,partner,android,1,39.3,PROMO_1,0
3122,2020-09-01,45.0,M,US,basic,8.95,organic,ios,2,62.2,PROMO_1,0
3123,2022-08-30,30.0,M,CA,standard,15.86,partner,ios,0,51.5,PROMO_4,0
3124,2022-02-15,34.0,F,DE,basic,8.75,organic,android,0,28.2,PROMO_5,0
3125,2022-10-11,37.0,M,PK,basic,9.18,partner,android,2,32.4,PROMO_1,0
3126,2021-01-30,55.0,F,PK,basic,9.07,organic,ios,0,27.7,PROMO_1,0
3127,2021-04-19,43.0,M,PK,basic,8.7,organic,android,1,63.7,PROMO_1,0
3128,2021-01-04,41.0,F,IN,basic,8.94,paid_search,android,1,31.1,PROMO_150,0
3129,2022-07-16,51.0,F,UK,standard,17.81,organic,android,0,44.5,PROMO_1,0
3130,2021-06-14,30.0,M,CA,basic,9.01,referral,android,3,48.8,PROMO_1,0
3131,2023-02-01,49.0,M,US,basic,9.04,organic,ios,0,53.3,PROMO_9,0
3132,2022-09-13,47.0,M,UK,standard,17.63,paid_search,android,1,43.1,PROMO_1,0
3133,2021-07-27,47.0,F,UK,standard,19.41,partner,ios,2,26.4,PROMO_14,0
3134,2024-02-20,35.0,F,AE,basic,9.19,social,web,0,31.9,PROMO_1,0
3135,2021-10-04,32.0,F,US,basic,8.88,social,ios,1,34.2,PROMO_1,0
3136,2024-05-20,27.0,F,PK,basic,10.74,partner,ios,3,10.3,PROMO_9,1
3137,2022-04-01,28.0,M,US,premium,38.56,organic,android,1,56.5,PROMO_3,0
3138,2022-08-22,27.0,M,SE,basic,8.8,paid_search,android,2,57.6,PROMO_1,0
3139,2022-09-03,41.0,F,PK,basic,8.7,organic,ios,1,33.9,PROMO_2,0
3140,2022-07-29,34.0,M,DE,basic,8.3,organic,web,4,69.6,PROMO_1,0
3141,2022-08-02,42.0,F,IN,basic,9.49,organic,web,0,48.4,PROMO_16,0
3142,2022-11-26,42.0,F,UK,basic,8.51,social,ios,2,62.7,PROMO_1,0
3143,2022-09-27,25.0,F,US,basic,8.59,organic,android,2,61.6,PROMO_1,0
3144,2022-04-18,25.0,F,PK,standard,18.18,social,ios,0,48.0,PROMO_2,0
3145,2021-07-23,34.0,M,DE,standard,17.5,social,web,0,19.6,PROMO_7,0
3146,2022-05-11,28.0,M,IN,standard,16.34,paid_search,web,0,53.0,PROMO_1,0
3147,2022-01-06,27.0,M,NZ,standard,18.3,paid_search,web,2,57.9,PROMO_1,0
3148,2021-04-13,56.0,M,PK,basic,9.63,organic,android,1,40.2,PROMO_1,0
3149,2020-09-14,20.0,M,IN,premium,39.61,referral,web,2,52.4,PROMO_2,0
3150,2024-01-13,59.0,M,US,standard,21.37,paid_search,android,0,49.6,PROMO_1,0
3151,2021-10-01,40.0,M,AE,standard,20.14,referral,android,1,35.7,PROMO_1,0
3152,2023-08-05,48.0,M,PK,standard,19.8,paid_search,ios,1,48.5,PROMO_4,0
3153,2023-09-13,47.0,M,PK,basic,10.36,social,android,1,42.4,PROMO_13,0
3154,2021-06-12,44.0,F,AE,basic,8.93,paid_search,android,3,55.6,PROMO_7,0
3155,2024-03-08,55.0,F,US,basic,9.05,paid_search,android,2,41.1,PROMO_1,0
3156,2021-03-28,25.0,M,SE,basic,8.99,paid_search,android,0,39.3,PROMO_113,0
3157,2021-07-13,35.0,M,PK,basic,10.11,social,android,1,25.4,PROMO_53,1
3158,2020-09-07,28.0,M,IN,basic,9.0,paid_search,ios,1,83.1,PROMO_15,0
3159,2021-12-02,18.0,M,US,basic,8.53,referral,android,4,43.2,PROMO_1,0
3160,2021-02-22,30.0,M,PK,premium,40.83,organic,ios,0,33.0,PROMO_71,0
3161,2023-12-30,58.0,M,PK,standard,17.76,partner,ios,1,59.1,PROMO_1,0
3162,2021-01-29,35.0,M,DE,standard,19.81,partner,android,2,52.8,PROMO_1,0
3163,2023-11-02,59.0,F,CA,basic,9.3,organic,web,0,58.2,PROMO_3,0
3164,2023-04-04,60.0,F,PK,standard,18.71,organic,android,0,59.8,PROMO_2,0
3165,2023-12-17,70.0,F,US,premium,40.77,social,web,1,66.5,PROMO_2,0
3166,2022-12-04,58.0,F,US,standard,16.74,organic,web,1,34.0,PROMO_1,0
3167,2021-08-12,63.0,M,AE,standard,19.25,organic,web,2,52.2,PROMO_6,0
3168,2023-06-07,41.0,F,AE,basic,8.67,paid_search,ios,0,26.3,PROMO_2,0
3169,2021-05-03,40.0,M,CA,basic,11.06,social,ios,0,45.4,PROMO_1,0
3170,2022-02-25,40.0,F,PK,standard,19.24,organic,android,3,60.1,PROMO_2,0
3171,2022-01-25,37.0,M,PK,premium,37.14,partner,web,1,36.6,PROMO_2,0
3172,2020-11-23,39.0,F,PK,basic,8.01,organic,android,0,83.5,PROMO_2,0
3173,2022-10-24,45.0,M,IN,basic,9.94,organic,ios,3,50.3,PROMO_96,0
3174,2023-02-21,32.0,F,UK,basic,8.75,organic,ios,0,22.8,PROMO_2,0
3175,2020-09-07,22.0,M,PK,basic,8.43,partner,ios,2,60.6,PROMO_1,0
3176,2022-05-04,41.0,M,CA,premium,40.05,referral,ios,0,83.3,PROMO_1,0
3177,2022-02-13,29.0,M,UK,standard,19.99,organic,android,0,16.5,PROMO_1,0
3178,2023-04-29,31.0,M,US,basic,9.46,social,android,2,60.7,PROMO_2,0
3179,2023-08-18,35.0,M,PK,basic,9.01,organic,ios,1,35.2,PROMO_1,0
3180,2023-10-20,33.0,M,CA,basic,9.11,organic,web,1,49.2,PROMO_1,0
3181,2023-08-07,,F,DE,basic,9.17,organic,android,1,30.4,PROMO_1,0
3182,2023-09-15,35.0,M,PK,standard,19.51,referral,ios,0,62.8,PROMO_4,0
3183,2021-08-15,50.0,F,PK,standard,19.65,paid_search,ios,0,45.2,PROMO_1,1
3184,2024-03-23,39.0,F,PK,standard,20.66,social,android,0,67.4,PROMO_1,0
3185,2022-01-24,36.0,F,AE,basic,9.04,organic,android,1,34.6,PROMO_1,0
3186,2020-11-08,39.0,F,PK,standard,17.76,partner,ios,0,46.9,PROMO_1,0
3187,2021-07-20,23.0,F,US,standard,18.78,partner,android,0,15.3,PROMO_1,0
3188,2022-12-03,41.0,M,US,basic,9.54,organic,web,0,89.0,PROMO_1,0
3189,2024-03-21,46.0,M,NZ,standard,16.28,social,android,1,78.8,PROMO_1,0
3190,2021-04-16,48.0,Other,US,standard,16.29,social,ios,1,82.7,PROMO_1,0
3191,2024-06-06,22.0,F,US,standard,20.4,partner,android,1,73.0,PROMO_9,0
3192,2021-11-13,20.0,M,US,basic,10.09,paid_search,ios,1,41.1,PROMO_19,0
3193,2021-11-28,31.0,F,DE,basic,8.09,organic,android,0,49.3,PROMO_26,1
3194,2023-09-20,52.0,F,IN,basic,9.07,paid_search,android,1,54.4,PROMO_43,0
3195,2021-08-24,39.0,F,NZ,basic,8.71,social,ios,0,55.6,PROMO_2,0
3196,2023-10-12,28.0,M,US,basic,8.81,paid_search,ios,0,33.6,PROMO_1,0
3197,2023-08-04,21.0,M,US,standard,19.46,organic,ios,1,32.8,PROMO_2,0
3198,2021-05-17,29.0,F,US,basic,8.07,referral,android,0,29.9,PROMO_8,0
3199,2020-09-28,29.0,F,DE,basic,8.2,referral,android,3,43.6,PROMO_150,0
3200,2023-06-11,47.0,F,AE,premium,38.06,paid_search,android,2,45.2,PROMO_2,0
3201,2020-12-17,48.0,F,US,standard,18.78,paid_search,android,2,43.2,PROMO_1,0
3202,2020-12-28,,M,UK,basic,8.19,paid_search,android,1,53.8,PROMO_100,0
3203,2021-07-15,45.0,M,PK,standard,20.2,paid_search,android,2,29.3,PROMO_36,0
3204,2023-11-30,44.0,M,AE,basic,8.7,organic,ios,1,37.2,PROMO_6,1
3205,2023-04-24,24.0,Other,PK,basic,8.7,paid_search,android,2,38.6,PROMO_1,0
3206,2021-11-18,36.0,F,US,standard,19.43,paid_search,android,2,62.3,PROMO_2,0
3207,2020-09-01,41.0,M,PK,basic,8.91,partner,ios,4,53.0,PROMO_6,0
3208,2021-05-14,39.0,M,PK,basic,9.6,organic,,2,55.1,PROMO_6,0
3209,2022-11-09,18.0,F,PK,basic,8.33,paid_search,ios,2,36.0,PROMO_2,0
3210,2023-07-22,38.0,M,DE,standard,16.88,paid_search,android,1,50.6,PROMO_150,0
3211,2020-10-24,44.0,M,AE,basic,8.78,referral,ios,2,38.4,PROMO_6,0
3212,2023-05-26,54.0,M,UK,standard,19.09,paid_search,android,3,38.9,PROMO_2,0
3213,2023-02-24,30.0,M,US,basic,8.11,organic,ios,1,55.5,PROMO_3,1
3214,2020-10-18,,M,IN,standard,16.89,paid_search,web,0,40.3,PROMO_2,0
3215,2022-04-27,35.0,M,IN,basic,9.13,organic,ios,1,48.4,PROMO_1,0
3216,2023-06-11,40.0,M,AE,basic,8.45,paid_search,web,2,46.0,PROMO_9,0
3217,2024-06-03,38.0,F,AE,standard,16.79,social,android,1,32.4,PROMO_4,0
3218,2022-10-26,44.0,Other,CA,standard,20.47,paid_search,android,1,41.3,PROMO_1,0
3219,2020-09-19,25.0,M,DE,basic,8.55,social,android,0,41.6,PROMO_1,0
3220,2022-10-23,41.0,M,PK,basic,9.83,organic,,2,44.3,PROMO_1,0
3221,2021-10-19,29.0,M,UK,basic,9.02,social,android,0,23.0,PROMO_4,1
3222,2023-06-27,35.0,F,PK,basic,9.21,partner,web,3,39.1,PROMO_1,0
3223,2021-07-06,56.0,F,CA,standard,18.68,paid_search,ios,1,63.7,PROMO_1,1
3224,2021-07-06,22.0,M,AE,basic,7.09,referral,web,2,56.6,PROMO_1,0
3225,2022-02-22,34.0,M,SE,standard,17.27,paid_search,web,1,44.0,PROMO_6,0
3226,2021-07-11,23.0,M,PK,basic,8.91,social,ios,2,32.3,PROMO_32,0
3227,2022-04-04,39.0,M,UK,basic,9.26,paid_search,web,1,51.5,PROMO_1,0
3228,2023-01-05,49.0,F,DE,basic,7.71,partner,android,2,64.5,PROMO_8,0
3229,2021-08-27,39.0,M,IN,basic,8.96,organic,web,1,72.8,PROMO_3,0
3230,2021-04-15,36.0,F,IN,basic,8.19,organic,ios,2,42.1,PROMO_1,0
3231,2021-04-07,52.0,M,PK,premium,39.73,organic,ios,1,34.1,PROMO_1,1
3232,2023-08-21,41.0,M,NZ,basic,8.99,paid_search,ios,3,57.2,PROMO_1,0
3233,2021-11-20,46.0,F,NZ,standard,20.13,social,web,1,55.4,PROMO_10,1
3234,2024-06-05,45.0,M,SE,basic,9.77,social,web,0,50.2,PROMO_1,0
3235,2022-04-13,18.0,M,AE,basic,9.33,organic,android,1,40.5,PROMO_5,0
3236,2022-04-14,36.0,M,CA,basic,9.62,social,android,2,30.4,PROMO_5,0
3237,2023-01-26,25.0,F,PK,basic,8.75,organic,android,1,60.1,PROMO_1,1
3238,2020-09-08,28.0,M,PK,standard,23.29,referral,web,0,63.4,PROMO_1,0
3239,2021-02-08,53.0,F,PK,standard,17.15,organic,android,0,44.6,PROMO_9,0
3240,2024-04-18,33.0,F,UK,standard,18.2,paid_search,ios,2,75.7,PROMO_9,0
3241,2023-08-27,58.0,M,SE,standard,20.37,paid_search,android,2,53.5,PROMO_1,0
3242,2023-08-28,22.0,F,AE,basic,9.54,paid_search,web,1,47.4,PROMO_1,0
3243,2021-01-19,25.0,M,US,basic,9.35,social,web,1,32.3,PROMO_3,0
3244,2022-06-25,45.0,F,CA,standard,20.03,partner,ios,0,24.5,PROMO_8,0
3245,2021-09-09,33.0,F,UK,basic,7.5,paid_search,android,1,42.3,PROMO_2,0
3246,2021-05-20,40.0,M,US,basic,10.14,paid_search,web,2,55.5,PROMO_1,0
3247,2021-07-17,36.0,M,AE,premium,38.36,organic,android,1,85.0,PROMO_10,0
3248,2024-02-09,35.0,F,UK,premium,42.89,social,ios,0,51.0,PROMO_2,0
3249,2023-11-30,34.0,F,AE,standard,15.91,paid_search,web,1,58.9,PROMO_1,0
3250,2022-12-13,39.0,M,CA,basic,9.18,referral,ios,1,37.6,PROMO_1,0
3251,2023-03-02,44.0,M,US,standard,18.14,social,web,4,53.1,PROMO_3,0
3252,2021-08-15,,F,US,basic,9.41,paid_search,android,0,51.2,PROMO_1,0
3253,2023-11-08,35.0,F,UK,basic,9.23,partner,ios,2,35.8,PROMO_6,0
3254,2023-01-15,33.0,M,IN,basic,9.26,organic,web,2,70.1,PROMO_4,0
3255,2023-07-20,31.0,F,US,premium,35.7,social,ios,2,48.0,PROMO_41,1
3256,2023-09-24,53.0,Other,CA,premium,38.82,paid_search,,1,66.6,PROMO_150,0
3257,2023-10-16,45.0,M,AE,standard,18.73,organic,web,4,50.1,PROMO_1,0
3258,2023-09-15,18.0,F,PK,basic,9.36,organic,android,0,45.0,PROMO_11,0
3259,2022-04-24,18.0,F,US,basic,9.71,social,android,3,38.3,PROMO_1,0
3260,2022-11-23,28.0,Other,PK,basic,9.11,organic,ios,0,44.7,PROMO_23,0
3261,2022-10-19,40.0,F,PK,premium,35.02,referral,web,1,72.0,PROMO_113,0
3262,2022-08-19,37.0,M,PK,basic,9.08,paid_search,web,2,36.5,PROMO_4,0
3263,2021-08-23,43.0,F,DE,basic,10.88,paid_search,android,1,60.0,PROMO_4,0
3264,2021-03-09,35.0,M,AE,standard,21.5,social,ios,1,45.3,PROMO_105,1
3265,2022-06-15,52.0,M,UK,basic,6.86,organic,ios,0,58.8,PROMO_4,0
3266,2022-01-06,45.0,M,US,standard,19.1,organic,android,0,53.1,PROMO_1,0
3267,2021-08-26,38.0,F,US,basic,9.67,paid_search,ios,1,30.0,PROMO_2,0
3268,2021-11-01,50.0,M,IN,standard,18.72,paid_search,web,1,52.5,PROMO_3,0
3269,2023-12-08,19.0,M,IN,basic,8.67,paid_search,ios,0,82.5,PROMO_1,0
3270,2020-09-23,36.0,F,DE,basic,8.81,paid_search,android,2,54.6,PROMO_1,0
3271,2023-10-27,39.0,M,PK,basic,9.4,social,ios,0,63.9,PROMO_1,0
3272,2022-11-20,44.0,M,IN,basic,8.17,referral,,1,54.5,PROMO_12,0
3273,2021-12-23,18.0,F,CA,standard,20.81,paid_search,ios,2,61.8,PROMO_4,0
3274,2022-12-02,34.0,M,PK,basic,8.96,referral,web,0,39.2,PROMO_1,0
3275,2023-07-11,41.0,F,US,basic,8.33,organic,ios,2,48.2,PROMO_1,0
3276,2020-12-14,42.0,F,US,standard,20.71,paid_search,web,0,63.2,PROMO_3,1
3277,2024-03-04,50.0,F,DE,basic,7.89,paid_search,ios,2,44.7,PROMO_4,0
3278,2023-07-07,45.0,F,UK,standard,18.16,paid_search,android,2,66.1,PROMO_3,0
3279,2020-09-09,36.0,F,PK,standard,18.13,organic,ios,1,34.9,PROMO_5,0
3280,2021-09-07,44.0,F,PK,basic,10.54,organic,ios,0,50.9,PROMO_1,0
3281,2024-02-11,35.0,M,US,standard,17.96,organic,android,5,46.1,PROMO_3,0
3282,2021-08-04,39.0,M,AE,basic,7.45,organic,android,2,89.6,PROMO_1,0
3283,2020-10-12,46.0,F,UK,basic,8.58,paid_search,ios,1,44.2,PROMO_1,0
3284,2024-01-28,37.0,M,PK,basic,9.33,paid_search,android,3,56.3,PROMO_49,1
3285,2022-11-17,,M,AE,standard,20.19,organic,android,1,20.1,PROMO_15,0
3286,2022-09-03,48.0,M,NZ,standard,22.46,social,ios,0,32.5,PROMO_1,0
3287,2023-12-13,45.0,Other,PK,standard,21.14,paid_search,web,0,54.6,PROMO_1,0
3288,2023-09-08,,F,UK,premium,39.59,organic,android,1,46.0,PROMO_1,0
3289,2023-10-15,63.0,F,US,basic,8.36,organic,ios,1,46.3,PROMO_1,0
3290,2023-09-29,45.0,F,PK,premium,44.07,social,android,4,45.1,PROMO_1,1
3291,2022-12-02,32.0,F,IN,standard,18.44,social,android,1,47.2,PROMO_1,0
3292,2022-09-09,43.0,M,SE,premium,36.95,referral,android,1,24.3,PROMO_1,1
3293,2023-07-18,42.0,F,US,premium,37.7,organic,android,1,48.7,PROMO_1,0
3294,2023-05-08,44.0,M,US,premium,35.09,social,android,0,46.7,PROMO_1,0
3295,2023-09-19,53.0,M,PK,basic,8.67,paid_search,,1,66.0,PROMO_9,0
3296,2021-06-08,18.0,M,AE,standard,18.65,referral,ios,0,62.5,PROMO_1,0
3297,2023-08-23,54.0,M,PK,standard,20.11,social,android,1,7.6,PROMO_3,0
3298,2021-01-05,57.0,M,US,standard,18.41,organic,android,2,39.0,PROMO_1,0
3299,2022-05-29,43.0,M,PK,basic,8.09,partner,android,0,77.0,PROMO_2,0
3300,2021-05-30,44.0,M,AE,premium,34.0,paid_search,web,3,63.6,PROMO_1,1
3301,2022-01-14,34.0,F,IN,basic,9.15,partner,android,0,57.4,PROMO_2,0
3302,2023-06-09,37.0,F,PK,basic,9.05,organic,ios,1,42.5,PROMO_1,0
3303,2022-03-04,45.0,F,DE,standard,18.16,paid_search,ios,1,61.1,PROMO_5,0
3304,2023-05-29,44.0,M,CA,basic,8.66,social,android,4,27.3,PROMO_1,0
3305,2023-12-30,45.0,F,PK,standard,19.59,organic,android,0,41.5,PROMO_2,0
3306,2023-06-25,44.0,F,IN,basic,10.0,social,ios,1,55.2,PROMO_1,0
3307,2023-05-27,47.0,F,AE,standard,17.81,organic,web,3,59.1,PROMO_5,0
3308,2023-12-07,46.0,M,UK,standard,19.14,organic,web,0,53.2,PROMO_1,0
3309,2024-05-09,26.0,F,AE,basic,9.69,organic,android,2,55.9,PROMO_4,0
3310,2020-11-16,,F,PK,standard,17.82,partner,android,0,52.5,PROMO_1,0
3311,2022-07-03,57.0,F,PK,basic,8.99,partner,android,1,45.3,PROMO_150,0
3312,2022-12-04,37.0,F,US,standard,18.94,paid_search,android,1,70.1,PROMO_3,0
3313,2020-12-05,53.0,M,DE,premium,34.91,paid_search,web,3,77.8,PROMO_28,0
3314,2023-08-05,27.0,F,IN,basic,9.12,organic,android,1,49.2,PROMO_34,0
3315,2022-12-03,37.0,F,US,standard,19.05,paid_search,android,0,32.4,PROMO_4,0
3316,2021-03-30,30.0,Other,PK,standard,19.84,partner,android,1,46.5,PROMO_1,0
3317,2022-01-20,52.0,F,PK,standard,17.2,referral,web,3,51.3,PROMO_1,0
3318,2022-12-08,55.0,M,IN,standard,19.02,social,ios,1,16.9,PROMO_115,0
3319,2023-06-23,36.0,M,PK,basic,9.99,organic,,2,70.1,PROMO_9,0
3320,2024-04-23,50.0,F,IN,standard,22.16,referral,android,0,40.4,PROMO_2,0
3321,2024-02-14,55.0,F,PK,basic,9.92,partner,android,0,37.6,PROMO_42,0
3322,2023-10-31,,F,PK,basic,8.15,partner,android,1,44.9,PROMO_2,0
3323,2021-06-21,38.0,F,PK,premium,40.41,social,web,0,42.9,PROMO_1,0
3324,2022-01-10,45.0,F,US,basic,8.65,organic,ios,1,50.9,PROMO_5,0
3325,2022-10-21,28.0,M,US,standard,19.43,partner,ios,0,61.8,PROMO_1,0
3326,2021-06-26,38.0,F,IN,basic,8.44,paid_search,ios,2,69.1,PROMO_10,0
3327,2023-11-02,61.0,F,UK,standard,16.4,organic,ios,1,61.9,PROMO_150,0
3328,2023-08-24,31.0,M,PK,standard,18.48,organic,ios,2,35.9,PROMO_23,0
3329,2022-12-17,46.0,F,AE,basic,9.52,social,android,0,48.4,PROMO_2,0
3330,2020-12-22,43.0,M,US,basic,9.21,referral,ios,3,51.6,PROMO_7,0
3331,2022-02-14,35.0,F,AE,basic,9.29,partner,ios,0,54.6,PROMO_19,0
3332,2021-03-24,39.0,M,CA,premium,39.68,partner,android,1,57.3,PROMO_2,0
3333,2023-07-04,56.0,M,NZ,standard,19.61,social,android,0,51.2,PROMO_1,0
3334,2021-03-28,43.0,M,UK,basic,9.38,partner,web,0,48.7,PROMO_1,0
3335,2024-03-02,45.0,M,US,standard,18.58,organic,web,1,63.7,PROMO_3,0
3336,2023-08-01,55.0,F,US,basic,9.06,organic,android,1,48.0,PROMO_4,0
3337,2022-06-20,34.0,F,US,basic,10.26,organic,android,1,64.4,PROMO_2,1
3338,2024-04-02,25.0,F,US,basic,9.1,referral,ios,3,62.2,PROMO_1,0
3339,2021-03-14,56.0,F,PK,basic,9.03,partner,ios,2,71.8,PROMO_2,0
3340,2021-03-01,39.0,M,PK,standard,19.16,referral,ios,3,53.3,PROMO_4,0
3341,2022-05-25,47.0,F,NZ,premium,38.32,partner,web,1,71.7,PROMO_6,0
3342,2023-04-15,29.0,F,IN,premium,37.64,paid_search,web,1,45.4,PROMO_1,0
3343,2024-01-26,41.0,M,PK,premium,39.65,referral,android,1,55.2,PROMO_26,0
3344,2022-02-07,25.0,F,SE,basic,8.64,paid_search,android,2,61.5,PROMO_2,0
3345,2022-05-31,38.0,M,CA,basic,8.9,referral,android,1,34.8,PROMO_2,0
3346,2021-07-28,30.0,F,PK,standard,17.8,referral,web,3,44.1,PROMO_150,0
3347,2022-03-02,,M,IN,premium,39.34,paid_search,ios,3,40.0,PROMO_1,0
3348,2023-12-16,34.0,F,SE,standard,19.89,organic,web,1,49.1,PROMO_7,0
3349,2023-12-25,18.0,M,AE,basic,8.85,organic,ios,0,42.0,PROMO_15,0
3350,2021-06-29,,M,CA,standard,15.95,referral,ios,1,51.6,PROMO_16,0
3351,2023-11-04,46.0,Other,US,standard,19.9,social,android,0,48.8,PROMO_1,0
3352,2020-11-23,41.0,Other,UK,premium,39.37,paid_search,android,2,45.8,PROMO_8,0
3353,2024-01-16,25.0,M,DE,standard,17.49,partner,web,0,52.3,PROMO_41,0
3354,2021-09-09,43.0,F,UK,basic,9.56,paid_search,ios,0,39.8,PROMO_1,0
3355,2020-10-04,27.0,F,US,basic,7.99,paid_search,web,0,37.1,PROMO_11,0
3356,2022-10-11,45.0,M,AE,basic,9.75,referral,,3,32.1,PROMO_11,0
3357,2024-03-24,36.0,M,CA,basic,8.96,paid_search,ios,1,23.2,PROMO_2,1
3358,2021-02-17,33.0,M,CA,premium,31.92,paid_search,ios,2,39.8,PROMO_10,0
3359,2023-09-26,36.0,M,PK,standard,19.27,social,android,0,58.1,PROMO_3,0
3360,2022-06-14,65.0,F,US,basic,8.71,paid_search,ios,1,47.0,PROMO_3,0
3361,2020-09-21,29.0,F,PK,basic,8.6,paid_search,web,1,50.2,PROMO_1,0
3362,2021-08-18,39.0,F,AE,standard,17.88,organic,ios,2,43.9,PROMO_1,0
3363,2024-04-08,46.0,M,PK,standard,18.81,referral,ios,0,79.0,PROMO_2,0
3364,2021-05-05,26.0,M,IN,basic,8.65,paid_search,ios,0,52.5,PROMO_2,0
3365,2023-11-01,19.0,F,AE,premium,33.21,referral,ios,1,41.5,PROMO_2,0
3366,2021-08-11,30.0,M,US,basic,9.92,social,web,4,34.1,PROMO_150,1
3367,2022-02-05,45.0,F,DE,basic,8.82,organic,ios,2,75.7,PROMO_1,0
3368,2023-05-10,33.0,F,PK,basic,8.47,paid_search,android,0,29.0,PROMO_1,0
3369,2022-11-04,34.0,F,PK,standard,17.28,paid_search,ios,1,38.1,PROMO_2,0
3370,2023-12-31,47.0,M,PK,standard,20.17,social,web,0,38.1,PROMO_1,0
3371,2020-09-18,28.0,F,UK,premium,34.95,paid_search,,2,49.5,PROMO_1,0
3372,2023-07-18,36.0,M,IN,basic,9.1,social,ios,0,55.3,PROMO_1,0
3373,2023-04-12,20.0,M,PK,premium,37.18,referral,android,1,51.0,PROMO_2,0
3374,2022-07-18,41.0,M,DE,standard,18.2,organic,web,2,44.5,PROMO_8,0
3375,2021-11-26,40.0,M,PK,basic,8.21,referral,android,0,29.0,PROMO_1,0
3376,2022-07-14,46.0,F,US,basic,8.55,paid_search,android,0,77.8,PROMO_12,0
3377,2022-07-14,24.0,F,AE,basic,9.01,social,android,1,54.0,PROMO_2,0
3378,2022-03-29,35.0,F,CA,premium,39.73,organic,ios,3,58.5,PROMO_1,1
3379,2021-03-15,23.0,M,IN,basic,8.43,organic,android,0,39.9,PROMO_3,0
3380,2022-12-13,34.0,F,AE,basic,8.93,social,android,1,45.5,PROMO_4,0
3381,2021-04-19,53.0,M,US,standard,20.35,paid_search,ios,3,67.6,PROMO_1,0
3382,2021-06-21,33.0,M,PK,premium,33.81,referral,ios,0,16.9,PROMO_7,0
3383,2020-10-23,22.0,M,PK,standard,18.99,social,android,0,61.5,PROMO_6,0
3384,2020-12-28,30.0,F,IN,standard,17.55,social,android,1,46.3,PROMO_3,0
3385,2021-06-05,,M,UK,basic,8.24,paid_search,ios,0,56.2,PROMO_30,0
3386,2023-07-06,23.0,F,US,premium,39.81,partner,android,1,75.0,PROMO_1,0
3387,2021-07-08,44.0,M,PK,basic,8.61,partner,android,1,42.8,PROMO_36,0
3388,2021-08-29,21.0,M,PK,basic,8.12,organic,web,1,9.5,PROMO_2,0
3389,2023-05-08,40.0,F,DE,premium,43.13,paid_search,ios,1,33.6,PROMO_3,0
3390,2021-11-18,37.0,M,US,basic,9.66,partner,android,1,50.2,PROMO_2,0
3391,2023-06-27,31.0,M,IN,basic,7.61,organic,ios,1,74.7,PROMO_16,0
3392,2022-06-20,40.0,M,US,standard,16.76,organic,ios,1,44.2,PROMO_2,0
3393,2021-06-07,27.0,F,CA,basic,9.43,partner,ios,3,73.2,PROMO_1,0
3394,2023-09-24,46.0,F,PK,basic,8.79,paid_search,ios,2,15.1,PROMO_1,0
3395,2023-03-04,29.0,F,PK,standard,21.28,partner,ios,1,42.4,PROMO_1,0
3396,2021-06-09,33.0,M,PK,standard,19.94,paid_search,android,3,65.6,PROMO_1,0
3397,2022-09-23,31.0,F,PK,standard,19.46,paid_search,android,3,64.2,PROMO_4,0
3398,2020-10-24,45.0,Other,SE,basic,8.26,paid_search,android,2,20.7,PROMO_2,0
3399,2024-05-31,43.0,Other,CA,standard,19.75,paid_search,ios,2,37.4,PROMO_4,1
3400,2021-09-18,18.0,F,US,standard,17.06,partner,ios,4,47.9,PROMO_1,0
3401,2021-05-14,40.0,M,UK,basic,9.94,social,web,1,40.0,PROMO_4,0
3402,2020-12-22,18.0,F,UK,basic,9.3,partner,android,2,67.5,PROMO_69,0
3403,2023-11-07,33.0,F,AE,basic,8.41,paid_search,ios,3,50.2,PROMO_1,0
3404,2020-09-21,36.0,F,PK,standard,20.22,partner,ios,0,28.3,PROMO_2,0
3405,2022-12-17,33.0,M,US,basic,10.61,social,android,0,56.9,PROMO_2,0
3406,2023-02-11,43.0,M,PK,standard,18.67,organic,web,0,57.7,PROMO_2,0
3407,2023-02-06,45.0,F,IN,premium,40.72,paid_search,android,3,32.8,PROMO_1,0
3408,2022-01-12,28.0,F,US,basic,8.69,organic,ios,2,36.6,PROMO_79,0
3409,2021-12-14,28.0,F,DE,standard,19.13,organic,web,2,39.3,PROMO_2,0
3410,2022-08-26,37.0,M,IN,basic,7.91,partner,ios,2,70.5,PROMO_1,0
3411,2024-03-04,20.0,F,US,basic,9.0,partner,ios,0,48.7,PROMO_2,0
3412,2020-09-18,32.0,M,PK,standard,19.07,organic,android,0,16.9,PROMO_2,0
3413,2023-08-09,52.0,M,US,basic,10.3,organic,ios,1,31.9,PROMO_3,0
3414,2024-02-02,20.0,F,AE,premium,33.4,organic,android,2,60.7,PROMO_5,0
3415,2022-03-09,33.0,M,US,standard,18.57,referral,ios,3,43.9,PROMO_35,0
3416,2022-11-19,30.0,M,PK,basic,9.93,social,ios,1,31.6,PROMO_1,0
3417,2022-02-12,59.0,M,PK,basic,8.83,social,android,3,44.3,PROMO_19,0
3418,2021-02-18,31.0,M,AE,basic,8.88,social,ios,3,64.7,PROMO_6,0
3419,2024-01-28,32.0,F,DE,premium,36.4,partner,,0,82.6,PROMO_5,0
3420,2023-05-16,26.0,M,PK,standard,17.58,organic,ios,2,49.1,PROMO_2,0
3421,2022-06-29,37.0,F,CA,basic,7.69,organic,android,0,57.3,PROMO_1,0
3422,2021-06-19,40.0,M,US,standard,18.04,social,ios,2,48.5,PROMO_1,0
3423,2022-03-05,27.0,F,PK,standard,17.5,partner,android,3,53.3,PROMO_1,0
3424,2022-12-30,48.0,F,US,standard,19.18,social,android,1,36.1,PROMO_8,0
3425,2022-02-20,40.0,F,DE,basic,8.43,referral,ios,1,71.7,PROMO_1,0
3426,2020-09-27,46.0,F,AE,basic,8.65,referral,android,0,43.1,PROMO_1,0
3427,2022-08-18,33.0,F,US,basic,8.67,organic,ios,2,33.5,PROMO_3,0
3428,2021-02-07,40.0,F,PK,basic,8.97,social,web,1,38.5,PROMO_1,0
3429,2021-06-30,35.0,M,US,basic,8.62,referral,android,0,60.0,PROMO_1,0
3430,2023-04-22,53.0,M,US,basic,8.24,organic,android,0,39.5,PROMO_1,0
3431,2023-07-02,38.0,F,US,basic,9.06,social,ios,1,72.8,PROMO_150,0
3432,2021-07-14,37.0,M,US,basic,9.77,organic,web,0,59.6,PROMO_7,0
3433,2023-08-29,32.0,M,US,basic,9.09,referral,android,0,62.9,PROMO_9,1
3434,2023-03-04,31.0,F,PK,premium,37.1,organic,android,1,43.7,PROMO_8,0
3435,2023-07-22,40.0,M,PK,standard,18.81,paid_search,web,2,40.7,PROMO_7,0
3436,2022-02-25,46.0,F,PK,basic,7.52,social,,0,50.5,PROMO_9,0
3437,2023-05-02,29.0,M,AE,standard,18.79,social,web,1,32.2,PROMO_2,0
3438,2021-12-15,38.0,M,US,basic,8.71,organic,android,0,57.1,PROMO_1,0
3439,2020-11-28,39.0,F,AE,premium,36.09,organic,android,1,63.8,PROMO_1,0
3440,2021-04-23,41.0,M,PK,standard,17.86,referral,ios,3,39.6,PROMO_13,1
3441,2020-11-10,18.0,F,US,basic,8.7,partner,android,2,60.3,PROMO_1,0
3442,2024-05-08,27.0,M,PK,premium,42.1,social,ios,1,53.8,PROMO_5,1
3443,2022-09-21,22.0,F,PK,standard,20.66,organic,android,1,66.7,PROMO_14,0
3444,2023-08-12,37.0,M,DE,standard,17.59,social,ios,0,74.7,PROMO_1,0
3445,2020-12-22,27.0,M,PK,basic,8.63,social,web,3,61.7,PROMO_7,0
3446,2021-10-02,32.0,F,PK,basic,8.65,paid_search,web,0,49.2,PROMO_1,1
3447,2023-03-27,24.0,M,US,standard,20.23,organic,,0,68.1,PROMO_141,0
3448,2022-04-25,33.0,F,PK,basic,9.1,organic,android,2,50.7,PROMO_4,0
3449,2022-02-26,25.0,M,IN,standard,19.14,organic,,1,46.0,PROMO_1,0
3450,2022-07-28,45.0,M,NZ,standard,19.82,social,ios,1,40.9,PROMO_3,0
3451,2022-08-26,42.0,F,US,basic,8.57,paid_search,ios,1,51.5,PROMO_3,1
3452,2024-03-26,39.0,F,PK,basic,9.98,paid_search,web,0,65.1,PROMO_1,0
3453,2022-09-25,34.0,F,US,basic,9.0,paid_search,android,1,34.5,PROMO_1,0
3454,2023-02-16,18.0,M,US,basic,8.38,social,android,2,31.4,PROMO_1,0
3455,2021-05-08,32.0,M,US,standard,18.65,social,web,1,31.7,PROMO_1,0
3456,2021-03-05,,F,PK,standard,20.87,paid_search,ios,0,65.3,PROMO_1,0
3457,2021-08-10,40.0,F,PK,basic,8.69,organic,ios,1,56.0,PROMO_1,0
3458,2024-04-29,44.0,M,PK,standard,20.44,organic,web,0,72.1,PROMO_1,0
3459,2021-04-07,41.0,F,US,standard,18.05,social,android,1,42.2,PROMO_4,0
3460,2022-12-11,51.0,F,UK,standard,17.84,paid_search,web,2,31.7,PROMO_1,0
3461,2022-11-14,31.0,M,IN,basic,9.47,paid_search,android,2,73.4,PROMO_5,0
3462,2020-11-14,30.0,F,PK,standard,17.67,paid_search,web,0,39.0,PROMO_1,0
3463,2021-03-02,48.0,M,DE,standard,20.25,organic,android,0,60.1,PROMO_2,0
3464,2024-04-01,39.0,F,PK,basic,9.25,organic,android,2,30.0,PROMO_3,0
3465,2023-01-31,34.0,M,PK,standard,17.67,social,ios,0,52.7,PROMO_2,0
3466,2021-08-11,57.0,F,AE,premium,38.78,paid_search,web,3,47.6,PROMO_24,0
3467,2022-05-29,43.0,F,PK,basic,8.6,social,ios,1,28.6,PROMO_1,0
3468,2023-06-21,35.0,F,IN,standard,19.53,organic,ios,1,78.4,PROMO_1,0
3469,2022-06-17,29.0,Other,IN,premium,44.89,referral,web,1,36.7,PROMO_1,0
3470,2021-03-03,52.0,M,PK,premium,37.84,paid_search,ios,1,36.0,PROMO_9,0
3471,2023-08-07,39.0,F,PK,basic,9.38,social,web,1,40.2,PROMO_8,0
3472,2021-08-16,37.0,M,PK,standard,19.04,paid_search,android,0,17.3,PROMO_2,0
3473,2021-09-01,44.0,F,IN,premium,39.08,paid_search,android,5,45.1,PROMO_107,0
3474,2021-02-04,47.0,F,PK,standard,18.75,referral,android,0,40.2,PROMO_2,0
3475,2023-04-26,43.0,F,DE,basic,8.38,organic,web,2,64.9,PROMO_2,1
3476,2023-08-18,47.0,M,PK,basic,9.24,organic,android,0,54.7,PROMO_1,0
3477,2022-05-17,42.0,F,UK,standard,18.56,organic,android,1,31.0,PROMO_30,0
3478,2022-06-08,43.0,F,PK,basic,8.35,partner,android,1,40.2,PROMO_1,0
3479,2022-11-23,29.0,M,CA,basic,9.73,partner,android,1,82.3,PROMO_4,0
3480,2021-07-01,57.0,M,AE,basic,9.07,social,ios,1,36.3,PROMO_1,0
3481,2021-06-04,23.0,F,PK,standard,18.65,paid_search,android,0,62.4,PROMO_3,0
3482,2023-07-07,40.0,M,PK,basic,9.96,organic,web,3,39.8,PROMO_1,0
3483,2021-06-09,22.0,F,US,premium,33.27,referral,web,0,35.0,PROMO_1,0
3484,2023-07-28,36.0,M,UK,standard,20.93,organic,ios,1,41.9,PROMO_72,0
3485,2022-11-26,31.0,F,CA,premium,36.25,organic,android,0,72.1,PROMO_2,0
3486,2024-05-04,38.0,M,US,premium,39.66,referral,web,0,28.0,PROMO_2,0
3487,2023-02-27,41.0,M,IN,basic,8.58,organic,ios,0,59.8,PROMO_1,0
3488,2020-10-27,26.0,F,PK,standard,17.6,referral,android,1,68.3,PROMO_4,0
3489,2022-10-09,37.0,F,IN,basic,9.95,referral,android,0,41.7,PROMO_16,0
3490,2021-10-05,52.0,F,IN,premium,44.79,referral,android,0,65.0,PROMO_2,0
3491,2024-01-14,,M,AE,basic,8.84,social,ios,1,62.6,PROMO_1,0
3492,2022-01-15,28.0,M,SE,standard,19.51,paid_search,android,0,37.9,PROMO_1,0
3493,2023-01-15,46.0,M,US,standard,19.09,social,web,1,35.8,PROMO_2,0
3494,2021-08-19,38.0,Other,AE,basic,10.25,referral,ios,1,47.7,PROMO_1,0
3495,2020-12-08,39.0,M,PK,standard,15.79,social,android,2,51.6,PROMO_1,0
3496,2022-06-08,48.0,Other,PK,basic,9.27,referral,android,1,44.5,PROMO_1,0
3497,2024-01-21,28.0,M,UK,basic,8.48,partner,ios,1,58.5,PROMO_3,0
3498,2022-08-23,31.0,F,IN,basic,7.3,social,android,0,38.4,PROMO_150,0
3499,2023-12-24,30.0,M,SE,basic,8.74,partner,android,1,36.3,PROMO_34,0
3500,2022-09-29,33.0,F,UK,standard,21.81,organic,ios,0,50.1,PROMO_1,0
3501,2024-03-18,52.0,F,IN,premium,36.95,partner,android,1,53.4,PROMO_42,0
3502,2022-01-09,18.0,F,CA,basic,9.57,partner,android,0,69.7,PROMO_7,0
3503,2023-04-09,24.0,F,DE,standard,20.82,organic,ios,2,56.8,PROMO_1,0
3504,2023-09-06,22.0,M,PK,premium,38.96,social,ios,1,60.6,PROMO_2,0
3505,2024-05-18,52.0,F,US,standard,19.18,paid_search,android,2,44.8,PROMO_1,0
3506,2021-02-01,30.0,F,US,basic,7.76,referral,ios,1,44.9,PROMO_25,0
3507,2021-04-12,33.0,M,CA,premium,36.77,organic,ios,1,40.5,PROMO_19,1
3508,2021-05-17,19.0,M,UK,basic,9.65,paid_search,android,2,52.7,PROMO_1,0
3509,2024-03-22,34.0,F,CA,standard,19.09,paid_search,web,2,52.2,PROMO_1,0
3510,2023-02-14,47.0,F,SE,standard,19.56,paid_search,ios,3,51.5,PROMO_3,0
3511,2020-10-09,40.0,F,UK,standard,19.2,partner,web,2,47.0,PROMO_150,0
3512,2022-04-04,36.0,M,CA,basic,10.58,paid_search,android,0,49.4,PROMO_1,0
3513,2023-12-16,20.0,F,UK,basic,8.69,paid_search,android,1,74.9,PROMO_10,0
3514,2023-11-29,33.0,M,AE,standard,21.44,referral,ios,1,54.1,PROMO_2,0
3515,2023-06-13,39.0,F,US,basic,9.1,organic,web,0,58.8,PROMO_7,0
3516,2020-10-08,26.0,M,SE,basic,10.22,organic,ios,1,57.0,PROMO_1,0
3517,2023-10-20,44.0,F,CA,standard,17.14,organic,ios,1,47.4,PROMO_1,0
3518,2021-01-12,47.0,M,DE,standard,19.28,partner,ios,1,58.1,PROMO_1,0
3519,2021-11-18,31.0,F,US,basic,8.72,referral,android,3,50.3,PROMO_1,1
3520,2020-12-16,45.0,F,US,basic,9.1,social,ios,0,31.2,PROMO_3,0
3521,2021-04-28,36.0,Other,IN,premium,42.81,paid_search,ios,1,41.3,PROMO_2,0
3522,2023-03-10,50.0,M,IN,basic,9.27,paid_search,android,1,79.9,PROMO_80,0
3523,2021-04-25,,F,NZ,basic,9.88,social,android,3,67.5,PROMO_1,0
3524,2023-10-21,25.0,M,DE,basic,8.52,paid_search,android,2,45.5,PROMO_4,0
3525,2023-05-06,45.0,F,DE,basic,8.41,organic,android,0,60.1,PROMO_1,0
3526,2023-08-23,51.0,M,PK,premium,39.05,organic,android,0,53.3,PROMO_2,0
3527,2023-12-10,26.0,F,DE,basic,8.97,partner,android,1,76.1,PROMO_1,0
3528,2024-02-07,31.0,F,US,basic,8.87,social,ios,1,48.1,PROMO_1,0
3529,2023-09-26,31.0,F,IN,standard,17.54,organic,,1,53.4,PROMO_1,0
3530,2023-12-28,36.0,F,PK,basic,9.86,partner,android,0,38.0,PROMO_38,0
3531,2023-01-03,33.0,M,IN,basic,8.74,paid_search,ios,2,48.0,PROMO_10,0
3532,2024-03-04,35.0,F,US,premium,43.45,social,android,0,8.9,PROMO_5,0
3533,2024-03-18,46.0,F,PK,standard,19.02,organic,ios,0,53.9,PROMO_3,0
3534,2020-09-14,18.0,M,AE,basic,9.47,partner,web,0,65.1,PROMO_1,0
3535,2024-02-10,26.0,F,AE,basic,9.4,organic,ios,1,75.4,PROMO_1,0
3536,2024-02-29,44.0,F,DE,basic,8.41,partner,ios,3,57.2,PROMO_2,0
3537,2024-04-30,43.0,M,DE,basic,9.26,social,ios,1,44.5,PROMO_5,0
3538,2023-12-11,25.0,F,UK,standard,21.93,organic,android,3,37.7,PROMO_5,0
3539,2022-06-13,43.0,M,PK,standard,19.38,organic,android,2,42.9,PROMO_4,0
3540,2021-04-26,52.0,M,IN,standard,20.37,referral,android,0,26.0,PROMO_1,0
3541,2021-08-31,36.0,F,NZ,premium,41.16,organic,ios,0,46.2,PROMO_1,0
3542,2022-04-02,26.0,F,DE,basic,9.22,organic,web,0,31.6,PROMO_4,0
3543,2024-02-14,47.0,F,PK,premium,39.58,social,ios,0,41.0,PROMO_1,0
3544,2021-07-08,56.0,M,DE,standard,19.83,organic,ios,0,46.9,PROMO_5,0
3545,2024-04-20,27.0,M,PK,basic,9.55,paid_search,ios,0,54.9,PROMO_97,0
3546,2022-01-22,37.0,M,SE,standard,16.94,social,ios,0,25.2,PROMO_1,0
3547,2022-11-24,49.0,F,PK,basic,9.18,organic,ios,3,44.9,PROMO_3,0
3548,2021-02-09,38.0,M,PK,standard,18.72,paid_search,web,0,60.3,PROMO_7,0
3549,2023-04-13,18.0,F,PK,standard,18.4,organic,ios,2,71.0,PROMO_3,0
3550,2022-01-11,42.0,M,DE,basic,9.93,partner,,0,48.9,PROMO_1,0
3551,2022-10-12,26.0,F,AE,premium,36.71,organic,android,4,83.0,PROMO_61,0
3552,2022-06-21,23.0,M,DE,basic,8.0,social,ios,1,60.5,PROMO_2,0
3553,2020-11-23,18.0,M,US,standard,20.21,social,android,0,50.9,PROMO_1,0
3554,2021-10-01,50.0,F,IN,basic,7.98,referral,android,0,68.7,PROMO_5,0
3555,2022-11-16,28.0,F,US,basic,7.61,paid_search,ios,1,42.4,PROMO_5,0
3556,2022-10-02,41.0,M,PK,basic,9.65,organic,web,0,34.3,PROMO_2,0
3557,2021-10-12,43.0,M,DE,premium,39.5,paid_search,,3,63.9,PROMO_150,0
3558,2023-02-19,39.0,M,UK,basic,9.34,social,android,3,58.0,PROMO_22,0
3559,2023-10-23,40.0,F,UK,premium,37.62,referral,android,2,65.7,PROMO_2,0
3560,2022-09-04,41.0,M,US,basic,8.0,organic,android,1,65.3,PROMO_36,0
3561,2024-03-08,39.0,F,DE,basic,8.15,referral,android,1,80.2,PROMO_1,0
3562,2023-10-20,29.0,M,PK,basic,8.8,organic,android,0,28.2,PROMO_2,0
3563,2022-11-08,28.0,F,US,basic,8.08,paid_search,android,1,44.7,PROMO_2,0
3564,2021-06-07,36.0,M,US,premium,39.96,social,android,3,45.7,PROMO_8,0
3565,2021-06-28,36.0,M,DE,basic,8.67,organic,android,2,67.5,PROMO_1,0
3566,2023-06-17,42.0,F,PK,standard,19.28,partner,android,1,55.6,PROMO_1,0
3567,2022-11-06,49.0,M,PK,standard,19.24,social,web,2,67.6,PROMO_8,0
3568,2023-11-12,41.0,F,US,standard,19.59,organic,web,2,54.2,PROMO_1,0
3569,2021-08-03,28.0,F,US,standard,19.76,organic,web,2,49.7,PROMO_2,1
3570,2023-07-07,18.0,F,PK,premium,37.93,referral,android,1,60.2,PROMO_2,0
3571,2021-06-03,29.0,F,AE,standard,19.28,referral,android,2,53.9,PROMO_3,1
3572,2021-04-05,22.0,F,US,standard,19.36,organic,ios,1,55.8,PROMO_1,0
3573,2021-11-03,29.0,M,US,standard,15.31,organic,ios,1,59.8,PROMO_1,0
3574,2023-03-13,40.0,M,UK,standard,19.98,social,ios,3,56.5,PROMO_1,0
3575,2020-11-03,38.0,F,US,basic,9.11,paid_search,web,1,64.7,PROMO_32,1
3576,2021-11-07,57.0,Other,DE,standard,19.86,paid_search,ios,0,50.8,PROMO_111,0
3577,2022-01-01,,M,AE,basic,8.07,paid_search,web,1,52.5,PROMO_4,0
3578,2021-03-17,58.0,F,DE,standard,18.52,paid_search,ios,1,35.0,PROMO_3,0
3579,2021-02-10,45.0,F,UK,premium,35.59,organic,android,2,64.7,PROMO_1,0
3580,2024-02-24,,M,US,premium,41.32,paid_search,android,3,75.7,PROMO_1,1
3581,2021-02-10,33.0,F,PK,standard,16.86,organic,ios,3,23.0,PROMO_2,0
3582,2021-07-21,25.0,F,US,standard,17.59,organic,android,2,59.6,PROMO_1,0
3583,2023-08-30,32.0,M,IN,standard,19.81,partner,,0,47.8,PROMO_2,0
3584,2023-04-13,37.0,M,PK,basic,8.55,organic,ios,1,47.2,PROMO_7,1
3585,2021-08-07,30.0,M,PK,basic,8.33,organic,ios,2,59.4,PROMO_17,0
3586,2023-08-17,26.0,M,AE,basic,9.65,referral,web,1,49.6,PROMO_2,0
3587,2022-09-25,42.0,F,UK,basic,9.68,partner,android,2,55.9,PROMO_1,0
3588,2021-11-03,26.0,M,IN,premium,41.25,referral,web,2,44.6,PROMO_5,0
3589,2021-12-26,20.0,M,PK,premium,41.65,organic,android,2,72.6,PROMO_1,1
3590,2021-01-02,25.0,F,IN,standard,18.65,social,web,0,46.5,PROMO_4,0
3591,2024-01-09,34.0,F,DE,basic,8.85,social,android,1,38.6,PROMO_2,0
3592,2023-04-30,26.0,F,DE,standard,18.01,referral,ios,0,55.2,PROMO_1,0
3593,2020-09-20,34.0,M,US,basic,9.12,organic,web,0,37.5,PROMO_2,0
3594,2022-04-18,44.0,M,US,standard,18.2,paid_search,android,1,53.5,PROMO_13,0
3595,2023-07-03,43.0,M,PK,premium,37.65,organic,web,1,74.7,PROMO_1,0
3596,2023-05-08,30.0,F,CA,basic,9.43,social,ios,1,49.3,PROMO_1,0
3597,2023-02-28,23.0,M,PK,basic,9.85,paid_search,android,1,29.7,PROMO_3,0
3598,2022-05-08,31.0,F,PK,basic,9.29,paid_search,ios,0,43.8,PROMO_19,0
3599,2023-05-15,44.0,M,PK,basic,10.29,social,android,0,62.2,PROMO_1,0
3600,2022-02-03,47.0,M,IN,basic,8.49,referral,,1,51.6,PROMO_1,0
3601,2022-10-05,41.0,M,PK,basic,7.68,partner,android,3,60.5,PROMO_2,0
3602,2022-02-19,50.0,F,US,basic,9.51,social,ios,2,40.5,PROMO_2,0
3603,2023-11-09,56.0,F,DE,basic,8.44,organic,ios,2,43.8,PROMO_1,0
3604,2022-02-01,32.0,F,IN,basic,8.8,referral,android,1,59.5,PROMO_7,0
3605,2020-12-12,53.0,M,CA,standard,16.31,organic,android,0,74.2,PROMO_1,0
3606,2023-12-07,34.0,F,UK,basic,8.35,organic,ios,0,44.2,PROMO_96,1
3607,2023-03-17,48.0,M,PK,premium,34.31,paid_search,,1,50.6,PROMO_1,1
3608,2021-10-27,45.0,F,PK,basic,8.69,social,ios,1,66.5,PROMO_1,0
3609,2022-02-09,18.0,M,PK,basic,8.72,organic,web,0,52.0,PROMO_1,0
3610,2021-11-22,26.0,F,US,basic,9.06,organic,android,0,59.6,PROMO_2,1
3611,2022-04-30,24.0,F,US,standard,20.88,organic,ios,0,38.9,PROMO_15,0
3612,2021-11-12,18.0,M,UK,basic,9.49,social,web,0,50.1,PROMO_5,0
3613,2022-02-21,47.0,F,US,standard,16.53,social,,1,40.7,PROMO_14,0
3614,2024-02-29,60.0,F,DE,basic,9.44,paid_search,android,5,24.7,PROMO_2,1
3615,2021-08-09,34.0,M,PK,premium,39.35,paid_search,web,0,36.7,PROMO_1,0
3616,2022-10-03,46.0,F,NZ,basic,8.93,referral,android,1,56.7,PROMO_4,0
3617,2024-03-31,53.0,M,CA,basic,8.98,paid_search,ios,3,58.3,PROMO_2,0
3618,2022-11-24,39.0,M,US,premium,39.64,paid_search,android,2,61.5,PROMO_13,0
3619,2022-10-19,37.0,F,US,basic,8.5,social,android,2,57.6,PROMO_1,0
3620,2024-02-12,34.0,F,SE,basic,8.87,social,ios,1,46.7,PROMO_1,0
3621,2020-09-05,43.0,F,IN,standard,20.8,referral,android,2,22.5,PROMO_3,0
3622,2023-08-09,47.0,F,US,basic,8.49,organic,,0,32.8,PROMO_1,0
3623,2023-03-12,42.0,F,PK,basic,8.26,referral,android,1,66.6,PROMO_1,0
3624,2022-10-11,42.0,M,NZ,basic,8.96,paid_search,web,1,37.4,PROMO_1,0
3625,2021-04-19,36.0,F,AE,basic,8.19,partner,ios,3,48.9,PROMO_4,0
3626,2021-08-20,19.0,M,AE,premium,33.62,paid_search,ios,3,50.9,PROMO_1,0
3627,2021-07-13,47.0,M,PK,standard,18.48,paid_search,android,0,29.2,PROMO_1,0
3628,2023-07-19,23.0,F,CA,standard,21.2,organic,web,0,55.0,PROMO_1,1
3629,2021-04-01,44.0,M,UK,basic,8.97,paid_search,ios,1,72.9,PROMO_11,0
3630,2021-04-22,45.0,F,US,standard,19.27,paid_search,android,0,49.7,PROMO_5,0
3631,2022-09-09,24.0,F,DE,standard,15.76,referral,ios,2,46.0,PROMO_1,0
3632,2022-05-19,30.0,Other,US,basic,9.32,referral,android,2,32.6,PROMO_2,1
3633,2024-04-20,60.0,F,US,premium,39.29,paid_search,android,2,45.9,PROMO_97,0
3634,2021-07-27,36.0,F,AE,standard,17.99,referral,android,0,58.1,PROMO_1,0
3635,2020-10-23,24.0,M,AE,standard,19.27,referral,ios,3,49.9,PROMO_7,0
3636,2022-08-28,46.0,M,SE,basic,9.12,partner,android,0,43.4,PROMO_16,0
3637,2022-05-27,29.0,M,UK,basic,8.24,paid_search,ios,0,65.1,PROMO_61,0
3638,2022-07-23,18.0,M,US,standard,19.5,organic,android,0,46.1,PROMO_1,0
3639,2024-02-17,43.0,M,PK,standard,20.82,partner,android,1,43.6,PROMO_2,0
3640,2022-02-06,27.0,M,UK,basic,8.84,social,android,0,52.1,PROMO_1,0
3641,2021-09-19,41.0,M,PK,basic,8.38,paid_search,android,1,69.6,PROMO_4,0
3642,2020-12-08,28.0,M,UK,standard,18.73,paid_search,android,0,47.7,PROMO_1,0
3643,2020-12-05,45.0,M,US,basic,9.62,organic,android,1,36.7,PROMO_2,0
3644,2022-08-02,39.0,F,US,basic,8.12,organic,android,1,58.2,PROMO_143,0
3645,2020-10-26,18.0,F,PK,standard,19.88,organic,web,0,45.0,PROMO_2,1
3646,2022-06-12,41.0,F,US,basic,8.51,social,android,1,58.3,PROMO_1,0
3647,2022-01-06,34.0,F,PK,basic,9.17,paid_search,android,0,19.3,PROMO_16,0
3648,2022-03-03,53.0,F,AE,basic,8.59,paid_search,ios,3,50.6,PROMO_40,1
3649,2020-09-01,41.0,F,PK,premium,37.23,organic,ios,0,46.3,PROMO_4,0
3650,2021-08-28,45.0,M,IN,basic,10.1,organic,android,1,35.6,PROMO_1,0
3651,2023-12-28,29.0,F,UK,standard,16.86,paid_search,web,0,31.8,PROMO_3,0
3652,2024-03-03,28.0,F,CA,premium,40.51,organic,ios,1,45.8,PROMO_4,0
3653,2022-11-23,37.0,M,IN,standard,21.63,referral,ios,0,34.0,PROMO_8,1
3654,2022-06-30,33.0,F,IN,standard,20.04,paid_search,ios,0,5.5,PROMO_58,0
3655,2021-12-01,52.0,M,IN,standard,16.98,paid_search,ios,1,32.4,PROMO_1,1
3656,2022-08-16,35.0,M,PK,basic,8.08,paid_search,android,2,31.7,PROMO_2,0
3657,2022-07-01,24.0,M,US,standard,17.86,social,web,3,50.4,PROMO_29,0
3658,2020-12-17,28.0,F,DE,premium,39.49,organic,android,4,32.2,PROMO_1,1
3659,2023-03-06,48.0,F,UK,standard,19.34,social,ios,1,50.0,PROMO_1,1
3660,2022-07-30,35.0,M,AE,basic,8.08,organic,android,2,35.7,PROMO_60,0
3661,2022-05-03,35.0,F,AE,basic,8.37,paid_search,ios,0,61.7,PROMO_6,0
3662,2022-09-03,49.0,F,PK,premium,36.47,paid_search,web,0,55.6,PROMO_1,0
3663,2020-10-13,27.0,F,PK,basic,8.87,social,ios,0,45.5,PROMO_1,1
3664,2020-10-22,18.0,M,AE,standard,22.02,social,android,4,52.2,PROMO_1,0
3665,2022-07-03,28.0,M,AE,basic,8.33,referral,,1,58.6,PROMO_1,0
3666,2022-09-28,40.0,M,CA,standard,17.52,paid_search,web,4,50.9,PROMO_2,0
3667,2022-03-21,34.0,M,AE,standard,17.28,organic,android,1,52.1,PROMO_15,0
3668,2023-10-05,20.0,F,PK,basic,9.46,social,android,1,18.4,PROMO_3,0
3669,2022-11-01,48.0,M,PK,basic,8.97,paid_search,ios,2,42.2,PROMO_47,1
3670,2023-08-16,39.0,M,US,standard,17.64,social,ios,0,38.3,PROMO_6,0
3671,2023-11-25,41.0,F,US,basic,8.74,paid_search,android,1,65.8,PROMO_3,0
3672,2024-01-31,42.0,M,DE,basic,8.43,paid_search,android,0,44.1,PROMO_1,0
3673,2022-03-23,23.0,F,AE,standard,19.45,social,ios,2,39.9,PROMO_6,0
3674,2024-06-10,40.0,M,IN,basic,10.93,paid_search,ios,0,58.7,PROMO_1,0
3675,2022-01-01,47.0,F,UK,standard,19.84,referral,android,2,27.2,PROMO_2,0
3676,2022-10-23,50.0,F,PK,basic,8.93,social,ios,1,48.7,PROMO_2,0
3677,2023-01-22,45.0,M,UK,basic,8.52,paid_search,web,0,20.4,PROMO_2,0
3678,2021-07-15,43.0,M,PK,premium,34.81,organic,android,0,39.2,PROMO_150,0
3679,2022-05-29,18.0,F,PK,basic,9.53,organic,android,1,43.1,PROMO_3,0
3680,2021-09-02,37.0,M,US,basic,9.49,organic,android,1,71.9,PROMO_1,0
3681,2021-10-05,26.0,M,US,standard,18.29,organic,ios,1,47.8,PROMO_38,0
3682,2024-04-27,51.0,F,PK,premium,42.79,organic,ios,0,36.6,PROMO_1,0
3683,2023-08-18,49.0,M,DE,standard,19.03,social,web,1,48.0,PROMO_3,0
3684,2022-04-16,27.0,M,AE,standard,20.18,paid_search,ios,3,71.6,PROMO_1,0
3685,2020-10-03,36.0,M,PK,basic,9.21,organic,android,0,19.2,PROMO_4,0
3686,2023-11-11,40.0,Other,DE,basic,8.87,paid_search,android,0,61.6,PROMO_1,0
3687,2024-01-17,47.0,M,PK,premium,36.02,referral,android,0,55.7,PROMO_1,0
3688,2020-11-20,19.0,M,UK,premium,38.55,paid_search,ios,0,48.3,PROMO_12,0
3689,2020-10-15,18.0,M,AE,standard,20.28,partner,web,0,45.3,PROMO_2,0
3690,2023-10-24,37.0,F,US,basic,8.63,referral,ios,2,71.6,PROMO_1,0
3691,2022-12-04,18.0,F,DE,basic,9.32,referral,ios,2,60.8,PROMO_14,0
3692,2022-01-28,39.0,Other,US,basic,8.22,social,android,0,34.4,PROMO_2,0
3693,2023-09-15,44.0,M,PK,premium,41.43,referral,ios,1,50.3,PROMO_1,0
3694,2023-03-18,51.0,F,US,standard,19.48,paid_search,ios,0,68.7,PROMO_1,0
3695,2022-12-13,30.0,F,US,basic,8.13,social,ios,2,58.1,PROMO_1,0
3696,2022-01-07,39.0,F,PK,basic,8.84,organic,web,0,53.9,PROMO_2,1
3697,2023-04-12,44.0,F,US,basic,9.67,organic,web,1,30.5,PROMO_1,0
3698,2022-11-20,24.0,F,PK,basic,8.09,partner,ios,1,84.7,PROMO_29,0
3699,2023-05-08,47.0,M,US,standard,17.37,paid_search,web,0,60.8,PROMO_1,0
3700,2021-07-28,40.0,F,UK,standard,18.89,organic,ios,1,76.8,PROMO_2,0
3701,2023-11-12,30.0,M,CA,basic,10.54,organic,ios,0,54.5,PROMO_1,0
3702,2023-07-28,,M,IN,standard,17.98,paid_search,android,1,49.7,PROMO_1,0
3703,2023-07-02,35.0,Other,AE,premium,40.55,referral,web,2,40.3,PROMO_65,0
3704,2021-01-08,46.0,M,IN,basic,9.19,referral,web,0,64.6,PROMO_17,0
3705,2020-11-15,33.0,F,UK,basic,8.58,organic,ios,3,72.5,PROMO_150,0
3706,2022-07-21,39.0,M,DE,basic,9.12,organic,,1,65.6,PROMO_1,0
3707,2023-11-08,30.0,M,DE,basic,8.68,organic,android,2,83.8,PROMO_1,0
3708,2021-08-02,27.0,F,CA,standard,18.46,social,android,4,52.0,PROMO_1,0
3709,2022-08-01,39.0,M,DE,standard,16.47,paid_search,web,1,40.7,PROMO_40,0
3710,2021-03-26,27.0,M,IN,basic,8.98,social,android,3,53.9,PROMO_2,0
3711,2023-01-31,46.0,M,US,basic,9.65,social,ios,0,62.1,PROMO_6,0
3712,2020-09-01,44.0,F,SE,premium,39.18,organic,android,0,46.1,PROMO_3,0
3713,2021-05-24,29.0,F,US,basic,9.79,organic,ios,0,49.3,PROMO_1,0
3714,2023-08-06,39.0,M,PK,standard,19.88,paid_search,ios,0,53.2,PROMO_1,0
3715,2021-09-13,29.0,F,PK,standard,18.91,social,web,1,57.4,PROMO_1,0
3716,2023-05-12,19.0,F,UK,standard,18.05,social,ios,0,52.0,PROMO_1,0
3717,2023-02-14,30.0,M,PK,standard,18.26,partner,android,2,53.2,PROMO_1,0
3718,2023-07-01,36.0,M,PK,standard,16.76,organic,android,2,59.5,PROMO_4,0
3719,2021-11-12,43.0,F,US,standard,18.59,partner,web,3,61.5,PROMO_18,0
3720,2023-06-14,39.0,F,AE,basic,9.11,organic,web,1,42.6,PROMO_9,0
3721,2022-01-11,47.0,M,PK,basic,10.24,paid_search,android,1,22.5,PROMO_1,0
3722,2022-03-30,26.0,M,UK,basic,9.38,organic,android,0,34.4,PROMO_1,1
3723,2021-08-09,33.0,F,AE,basic,8.38,organic,ios,1,56.9,PROMO_4,0
3724,2020-09-08,55.0,M,DE,basic,7.96,organic,ios,1,39.0,PROMO_1,0
3725,2024-05-29,18.0,F,AE,basic,8.85,organic,ios,2,54.0,PROMO_1,0
3726,2020-09-13,32.0,M,PK,basic,9.58,social,android,0,49.1,PROMO_2,0
3727,2024-01-12,25.0,M,NZ,basic,8.84,referral,web,2,51.0,PROMO_15,0
3728,2022-06-15,35.0,M,IN,basic,9.39,social,ios,0,57.4,PROMO_2,0
3729,2023-02-26,32.0,M,US,standard,18.72,referral,ios,1,67.8,PROMO_1,0
3730,2022-01-11,44.0,F,PK,standard,20.09,social,android,1,49.8,PROMO_6,0
3731,2021-09-19,40.0,F,UK,standard,16.57,partner,,0,34.4,PROMO_1,1
3732,2021-03-12,23.0,M,IN,standard,21.44,organic,android,0,54.7,PROMO_82,0
3733,2022-12-04,31.0,F,CA,premium,35.53,partner,android,1,60.7,PROMO_1,0
3734,2020-12-01,37.0,M,IN,standard,20.21,paid_search,web,0,16.2,PROMO_1,1
3735,2023-03-24,45.0,F,SE,basic,8.8,paid_search,ios,0,39.2,PROMO_8,0
3736,2023-09-03,64.0,F,DE,premium,38.64,social,web,0,50.4,PROMO_1,0
3737,2023-01-04,45.0,M,PK,basic,8.83,organic,,0,42.8,PROMO_2,0
3738,2022-06-12,26.0,M,PK,standard,19.39,organic,android,1,52.0,PROMO_1,0
3739,2021-12-01,36.0,M,PK,standard,19.7,paid_search,ios,0,40.6,PROMO_1,0
3740,2021-04-18,39.0,F,PK,basic,9.76,referral,ios,2,64.1,PROMO_150,0
3741,2023-08-05,31.0,F,PK,standard,21.14,referral,web,1,50.8,PROMO_147,0
3742,2023-04-19,42.0,F,US,basic,9.24,organic,ios,1,23.0,PROMO_1,0
3743,2020-11-23,18.0,F,CA,basic,10.23,organic,android,3,61.0,PROMO_2,0
3744,2022-10-13,43.0,M,PK,basic,9.07,social,ios,2,61.9,PROMO_6,0
3745,2023-07-13,32.0,F,CA,basic,9.78,paid_search,ios,2,49.4,PROMO_12,1
3746,2020-09-19,36.0,F,IN,basic,9.31,organic,ios,1,22.4,PROMO_4,0
3747,2022-09-30,,Other,PK,standard,18.17,paid_search,android,1,63.5,PROMO_1,0
3748,2020-09-20,23.0,F,PK,standard,19.28,social,android,1,34.7,PROMO_5,0
3749,2020-12-20,40.0,F,US,basic,9.36,organic,web,0,44.6,PROMO_1,0
3750,2021-01-07,46.0,M,IN,standard,18.95,organic,android,3,41.4,PROMO_3,0
3751,2022-03-31,39.0,M,DE,basic,9.3,organic,ios,0,28.4,PROMO_10,0
3752,2021-06-05,19.0,F,PK,basic,9.62,paid_search,android,0,50.1,PROMO_4,0
3753,2020-10-24,52.0,Other,AE,standard,18.96,organic,android,1,53.0,PROMO_1,0
3754,2023-06-05,35.0,M,CA,premium,29.82,social,android,1,51.7,PROMO_6,0
3755,2024-04-19,31.0,F,PK,basic,10.21,referral,android,1,46.9,PROMO_13,0
3756,2023-03-26,34.0,F,AE,basic,8.79,organic,android,2,38.8,PROMO_2,0
3757,2022-01-14,33.0,M,US,standard,17.75,organic,ios,3,72.0,PROMO_1,0
3758,2022-05-17,24.0,F,PK,premium,35.49,organic,android,0,52.8,PROMO_1,0
3759,2024-02-20,39.0,M,IN,basic,8.76,partner,android,2,36.0,PROMO_1,0
3760,2022-04-29,30.0,F,PK,basic,8.59,paid_search,ios,1,56.6,PROMO_1,0
3761,2023-10-14,44.0,F,CA,basic,8.47,referral,ios,1,55.5,PROMO_1,0
3762,2022-07-14,43.0,M,DE,standard,17.96,referral,android,2,59.2,PROMO_6,0
3763,2022-04-08,55.0,Other,PK,premium,40.65,partner,ios,1,49.5,PROMO_5,0
3764,2022-01-14,35.0,F,DE,standard,22.09,referral,android,0,40.7,PROMO_10,0
3765,2022-11-19,28.0,F,PK,basic,9.59,organic,ios,1,29.5,PROMO_1,1
3766,2022-11-25,21.0,M,PK,standard,20.71,social,android,1,42.0,PROMO_1,0
3767,2021-11-17,61.0,M,PK,standard,18.43,partner,android,0,25.2,PROMO_1,0
3768,2021-08-12,44.0,F,IN,basic,9.08,social,android,0,54.5,PROMO_61,0
3769,2021-05-23,29.0,F,IN,standard,19.65,referral,,2,25.9,PROMO_1,0
3770,2023-03-08,56.0,M,PK,basic,8.53,partner,android,0,44.7,PROMO_4,0
3771,2022-11-03,52.0,F,US,basic,8.69,social,ios,3,60.9,PROMO_1,0
3772,2023-03-12,22.0,F,NZ,standard,20.3,social,ios,2,46.4,PROMO_11,0
3773,2022-06-13,29.0,F,AE,basic,9.79,social,android,1,49.1,PROMO_13,0
3774,2023-12-18,36.0,F,PK,premium,39.21,paid_search,android,1,56.7,PROMO_2,0
3775,2022-10-26,25.0,M,US,standard,17.18,organic,android,0,57.7,PROMO_150,0
3776,2023-09-24,36.0,F,US,basic,8.79,social,android,3,65.6,PROMO_1,0
3777,2022-06-07,,M,US,basic,7.96,partner,web,2,58.5,PROMO_2,0
3778,2021-03-25,22.0,F,UK,standard,19.11,partner,android,1,55.4,PROMO_27,0
3779,2020-09-20,40.0,F,DE,basic,9.18,organic,ios,3,20.6,PROMO_3,0
3780,2022-10-04,50.0,M,AE,standard,18.59,referral,android,1,53.6,PROMO_23,0
3781,2024-03-25,41.0,M,US,basic,9.17,organic,,4,74.9,PROMO_49,0
3782,2023-08-01,36.0,F,DE,basic,9.3,social,android,2,59.7,PROMO_1,0
3783,2024-01-18,30.0,F,UK,standard,19.39,partner,android,3,64.5,PROMO_1,0
3784,2021-07-29,46.0,M,DE,basic,8.13,partner,android,1,39.9,PROMO_2,0
3785,2020-09-21,24.0,M,PK,standard,18.62,social,web,2,49.0,PROMO_2,0
3786,2022-05-08,40.0,M,US,standard,19.62,social,ios,0,58.5,PROMO_1,0
3787,2023-10-10,37.0,M,US,basic,10.14,paid_search,android,1,56.6,PROMO_1,0
3788,2024-05-12,,F,US,standard,18.59,social,ios,2,61.9,PROMO_2,0
3789,2020-10-02,31.0,Other,AE,standard,19.84,organic,ios,0,33.0,PROMO_4,0
3790,2023-04-01,,F,UK,standard,20.33,organic,ios,2,38.1,PROMO_2,1
3791,2024-01-08,23.0,F,US,basic,8.86,referral,web,1,30.6,PROMO_5,0
3792,2023-10-10,42.0,M,UK,basic,9.83,organic,android,4,53.9,PROMO_1,0
3793,2023-06-24,32.0,F,DE,standard,20.83,social,web,2,47.2,PROMO_3,0
3794,2021-12-18,28.0,F,AE,standard,21.1,paid_search,web,1,47.1,PROMO_1,0
3795,2021-01-27,29.0,F,DE,standard,19.7,organic,ios,1,39.8,PROMO_9,0
3796,2023-05-28,43.0,M,IN,standard,22.59,organic,,0,37.3,PROMO_1,0
3797,2021-11-05,25.0,M,DE,standard,18.06,organic,android,1,50.0,PROMO_1,0
3798,2024-03-13,26.0,M,PK,basic,10.53,organic,android,0,66.6,PROMO_22,0
3799,2024-05-28,47.0,F,CA,standard,20.17,social,android,0,73.5,PROMO_9,0
3800,2024-03-27,35.0,F,US,basic,9.97,social,web,2,73.6,PROMO_1,0
3801,2020-12-15,48.0,M,AE,basic,8.77,paid_search,android,2,43.0,PROMO_49,0
3802,2022-03-31,,M,NZ,standard,20.28,referral,ios,3,32.3,PROMO_1,0
3803,2021-05-26,37.0,M,PK,basic,10.03,referral,android,1,63.3,PROMO_8,0
3804,2024-05-12,39.0,F,PK,basic,8.22,social,android,1,69.1,PROMO_1,0
3805,2024-05-11,52.0,F,PK,premium,38.49,social,android,3,56.3,PROMO_1,0
3806,2021-03-27,51.0,F,NZ,standard,15.75,social,web,2,49.7,PROMO_10,0
3807,2024-01-21,50.0,M,US,standard,18.73,organic,android,1,40.6,PROMO_3,0
3808,2023-11-09,30.0,M,CA,premium,36.45,organic,android,1,59.1,PROMO_1,0
3809,2022-06-25,26.0,Other,PK,basic,8.84,organic,android,3,58.6,PROMO_8,0
3810,2022-02-24,45.0,F,PK,standard,23.44,social,ios,2,54.2,PROMO_2,1
3811,2023-07-31,52.0,F,PK,basic,10.24,paid_search,ios,1,33.4,PROMO_1,0
3812,2022-10-06,50.0,M,CA,basic,7.96,partner,android,2,35.1,PROMO_8,0
3813,2021-11-22,37.0,F,PK,basic,9.4,organic,android,0,48.6,PROMO_9,0
3814,2022-10-08,45.0,M,IN,basic,9.58,paid_search,android,0,65.6,PROMO_6,0
3815,2022-12-30,45.0,M,AE,standard,18.49,organic,android,4,63.6,PROMO_1,1
3816,2024-03-03,39.0,F,IN,basic,9.13,referral,web,1,44.0,PROMO_13,0
3817,2022-09-26,39.0,F,US,standard,19.42,paid_search,ios,0,22.6,PROMO_15,0
3818,2021-05-30,38.0,F,UK,basic,8.03,social,android,0,70.0,PROMO_1,0
3819,2022-01-28,28.0,M,PK,basic,8.26,social,ios,1,68.6,PROMO_1,0
3820,2021-01-25,29.0,F,US,premium,39.54,organic,android,0,51.9,PROMO_3,0
3821,2023-12-19,29.0,F,UK,standard,19.15,referral,android,1,43.6,PROMO_150,0
3822,2024-05-26,19.0,F,PK,premium,36.79,referral,ios,1,45.4,PROMO_7,0
3823,2022-05-16,39.0,M,NZ,basic,8.43,social,ios,0,64.0,PROMO_4,0
3824,2023-10-08,37.0,M,PK,basic,8.94,organic,android,2,58.1,PROMO_13,0
3825,2022-03-14,45.0,M,PK,standard,20.35,social,,1,43.6,PROMO_150,0
3826,2021-01-10,51.0,M,AE,standard,18.88,social,android,2,83.0,PROMO_1,0
3827,2023-03-03,52.0,F,US,basic,10.17,partner,android,1,27.1,PROMO_150,0
3828,2022-05-14,53.0,F,PK,premium,36.83,organic,ios,1,41.0,PROMO_1,0
3829,2021-11-13,29.0,M,NZ,standard,19.29,partner,ios,3,41.3,PROMO_9,0
3830,2023-11-16,21.0,M,PK,standard,18.46,referral,android,1,51.6,PROMO_1,0
3831,2021-01-19,47.0,M,UK,basic,9.42,organic,ios,0,67.0,PROMO_1,0
3832,2023-09-05,52.0,F,PK,standard,17.81,social,web,1,62.4,PROMO_3,0
3833,2021-05-22,54.0,M,PK,basic,10.39,organic,,2,51.9,PROMO_1,0
3834,2021-12-13,42.0,F,US,premium,33.73,organic,ios,1,30.1,PROMO_2,0
3835,2023-11-29,18.0,M,CA,basic,10.24,social,,2,64.3,PROMO_1,0
3836,2021-09-14,41.0,M,UK,basic,9.06,organic,ios,0,33.0,PROMO_16,0
3837,2023-09-13,43.0,M,PK,basic,9.4,organic,web,0,44.0,PROMO_3,0
3838,2022-03-06,51.0,M,PK,standard,21.03,social,web,0,48.9,PROMO_2,0
3839,2020-10-25,53.0,M,IN,premium,41.68,partner,android,2,37.9,PROMO_1,1
3840,2020-11-03,47.0,M,PK,premium,36.72,organic,ios,1,37.6,PROMO_2,0
3841,2021-02-24,31.0,M,UK,standard,19.91,organic,ios,1,63.3,PROMO_6,0
3842,2022-07-30,26.0,F,PK,premium,44.83,organic,ios,1,71.8,PROMO_150,0
3843,2022-04-30,43.0,F,PK,standard,17.65,organic,web,0,48.9,PROMO_1,0
3844,2023-04-23,28.0,M,PK,basic,10.53,partner,ios,2,23.3,PROMO_1,0
3845,2020-12-18,53.0,M,PK,standard,19.59,paid_search,android,0,54.2,PROMO_1,0
3846,2022-08-22,18.0,M,UK,basic,8.69,social,android,0,39.6,PROMO_3,0
3847,2021-07-12,43.0,F,US,basic,8.36,paid_search,ios,1,55.4,PROMO_1,0
3848,2023-01-31,41.0,F,CA,basic,8.84,partner,android,1,54.4,PROMO_2,0
3849,2021-08-24,35.0,F,PK,basic,7.59,paid_search,ios,1,21.8,PROMO_6,0
3850,2023-08-06,27.0,Other,US,premium,37.7,partner,ios,1,44.1,PROMO_2,0
3851,2021-09-02,18.0,F,US,premium,38.18,social,web,2,59.2,PROMO_150,0
3852,2024-04-08,31.0,F,PK,basic,8.23,partner,web,3,48.6,PROMO_1,1
3853,2024-01-18,31.0,F,PK,standard,20.14,paid_search,android,1,33.6,PROMO_2,1
3854,2023-02-10,49.0,M,PK,basic,8.84,referral,ios,2,59.8,PROMO_8,0
3855,2022-08-15,28.0,F,PK,basic,8.54,paid_search,ios,0,25.0,PROMO_2,0
3856,2021-10-03,42.0,M,US,basic,8.77,social,android,1,53.5,PROMO_1,0
3857,2023-02-01,23.0,F,PK,basic,9.26,social,ios,0,41.9,PROMO_9,0
3858,2024-05-16,42.0,F,US,basic,9.05,paid_search,ios,0,56.5,PROMO_12,0
3859,2023-03-19,18.0,F,US,basic,8.5,paid_search,android,1,46.6,PROMO_2,0
3860,2022-10-13,60.0,F,US,basic,9.09,organic,android,3,57.3,PROMO_11,0
3861,2022-05-22,35.0,M,PK,basic,8.96,partner,android,1,70.4,PROMO_7,0
3862,2022-01-04,18.0,M,US,premium,35.44,paid_search,ios,0,60.4,PROMO_1,0
3863,2023-07-05,29.0,M,US,basic,8.79,organic,,1,60.1,PROMO_1,0
3864,2022-02-19,27.0,M,NZ,basic,9.42,social,android,3,58.7,PROMO_3,0
3865,2022-01-21,30.0,F,PK,standard,19.87,social,ios,3,24.2,PROMO_1,0
3866,2021-07-05,33.0,M,PK,basic,8.83,organic,android,0,51.2,PROMO_2,0
3867,2022-06-21,30.0,F,CA,standard,20.03,paid_search,android,1,54.0,PROMO_1,0
3868,2021-05-19,28.0,M,PK,basic,8.29,social,android,0,58.3,PROMO_2,0
3869,2023-08-10,24.0,M,PK,standard,17.56,referral,android,1,48.7,PROMO_7,0
3870,2021-10-02,46.0,F,IN,standard,18.62,paid_search,android,1,60.7,PROMO_1,0
3871,2024-04-08,50.0,F,UK,standard,21.28,organic,ios,2,35.6,PROMO_2,0
3872,2024-01-21,34.0,F,AE,standard,19.25,social,android,0,79.9,PROMO_3,0
3873,2021-03-05,37.0,F,PK,basic,8.8,organic,android,0,58.4,PROMO_21,0
3874,2022-08-25,25.0,M,PK,basic,10.11,referral,android,0,36.2,PROMO_54,0
3875,2022-02-05,38.0,Other,PK,basic,8.79,referral,android,0,70.3,PROMO_1,0
3876,2022-03-01,40.0,F,DE,standard,22.4,referral,android,1,33.3,PROMO_9,0
3877,2021-10-26,35.0,M,US,basic,8.63,paid_search,android,1,50.1,PROMO_150,1
3878,2023-07-08,41.0,M,UK,basic,8.27,organic,android,1,51.7,PROMO_1,0
3879,2023-10-08,40.0,F,IN,standard,18.75,social,ios,1,43.9,PROMO_6,0
3880,2024-04-13,25.0,F,NZ,basic,8.82,organic,web,1,48.2,PROMO_23,0
3881,2021-03-05,50.0,F,PK,basic,8.42,organic,android,2,50.9,PROMO_1,0
3882,2023-08-07,35.0,M,UK,standard,22.96,paid_search,ios,1,33.9,PROMO_1,0
3883,2022-04-09,55.0,F,AE,basic,9.23,paid_search,android,1,54.1,PROMO_29,0
3884,2022-09-22,42.0,F,CA,standard,19.71,paid_search,android,0,50.0,PROMO_13,0
3885,2023-10-30,59.0,F,IN,premium,37.56,organic,,1,79.2,PROMO_1,0
3886,2022-11-17,50.0,M,DE,premium,37.2,organic,android,0,72.3,PROMO_1,0
3887,2024-02-17,39.0,M,AE,basic,9.74,social,ios,0,39.0,PROMO_1,0
3888,2023-10-11,29.0,F,PK,basic,7.79,paid_search,android,5,47.9,PROMO_1,0
3889,2023-12-01,29.0,M,UK,standard,17.26,social,web,1,39.6,PROMO_1,0
3890,2021-04-30,43.0,M,UK,standard,18.62,social,ios,0,46.2,PROMO_5,0
3891,2022-04-19,39.0,F,AE,standard,21.05,social,,0,62.9,PROMO_1,0
3892,2020-12-11,31.0,F,UK,basic,8.73,partner,android,2,48.5,PROMO_5,0
3893,2022-10-18,46.0,F,US,basic,9.3,partner,android,4,42.5,PROMO_1,0
3894,2023-09-07,37.0,F,US,basic,9.02,organic,ios,1,59.1,PROMO_2,0
3895,2022-02-22,46.0,M,SE,basic,9.93,paid_search,ios,1,21.0,PROMO_3,0
3896,2020-12-06,26.0,M,US,basic,7.86,referral,ios,2,44.2,PROMO_8,0
3897,2022-06-07,48.0,M,CA,premium,41.3,referral,android,0,70.5,PROMO_11,0
3898,2024-05-17,43.0,F,AE,basic,8.86,organic,ios,0,71.3,PROMO_150,0
3899,2023-04-18,,M,US,standard,20.41,partner,ios,1,69.6,PROMO_150,0
3900,2020-12-12,48.0,F,US,premium,36.44,referral,,1,31.5,PROMO_1,0
3901,2022-06-26,36.0,F,UK,basic,9.02,referral,web,1,31.4,PROMO_1,0
3902,2020-11-05,35.0,F,CA,standard,18.84,organic,ios,3,42.6,PROMO_1,0
3903,2022-07-09,57.0,M,PK,standard,17.48,paid_search,android,4,50.2,PROMO_1,1
3904,2024-05-25,34.0,M,IN,basic,8.08,paid_search,android,3,39.0,PROMO_1,0
3905,2021-02-22,45.0,M,DE,basic,8.58,paid_search,ios,0,24.8,PROMO_1,0
3906,2021-07-24,33.0,M,US,standard,19.2,organic,ios,2,63.9,PROMO_6,0
3907,2021-09-27,18.0,F,PK,standard,17.85,organic,web,1,61.4,PROMO_1,0
3908,2020-10-11,23.0,F,PK,standard,18.5,referral,ios,2,41.1,PROMO_1,0
3909,2023-09-14,41.0,M,PK,premium,33.12,paid_search,android,0,60.7,PROMO_14,0
3910,2021-01-07,45.0,M,PK,basic,8.73,social,android,2,64.2,PROMO_4,0
3911,2023-07-25,42.0,M,PK,standard,20.56,organic,ios,2,14.3,PROMO_1,1
3912,2020-10-10,50.0,F,SE,standard,20.07,partner,,2,59.7,PROMO_5,0
3913,2023-09-20,41.0,Other,AE,standard,18.87,partner,web,2,49.1,PROMO_1,0
3914,2022-05-13,28.0,F,CA,standard,19.37,social,ios,1,12.3,PROMO_4,0
3915,2021-06-17,44.0,F,UK,standard,17.74,paid_search,web,0,65.3,PROMO_2,0
3916,2024-02-24,39.0,F,AE,premium,44.07,organic,ios,0,51.2,PROMO_1,0
3917,2024-03-10,31.0,F,IN,basic,10.49,social,ios,1,26.1,PROMO_1,0
3918,2021-03-26,42.0,M,PK,standard,19.25,referral,ios,4,56.0,PROMO_1,0
3919,2024-03-19,38.0,M,AE,basic,10.87,partner,ios,3,52.7,PROMO_150,0
3920,2022-02-14,30.0,F,IN,standard,17.97,organic,ios,5,58.1,PROMO_19,0
3921,2020-11-24,35.0,F,IN,standard,17.1,paid_search,web,0,21.0,PROMO_6,1
3922,2022-02-13,53.0,M,US,standard,17.92,paid_search,android,2,45.5,PROMO_3,0
3923,2022-08-17,52.0,F,IN,basic,8.84,paid_search,web,1,35.3,PROMO_1,0
3924,2022-11-13,39.0,F,UK,standard,22.51,social,ios,2,47.6,PROMO_1,0
3925,2022-01-12,38.0,F,PK,basic,8.8,paid_search,android,1,24.5,PROMO_1,0
3926,2022-04-13,21.0,M,PK,basic,8.38,referral,android,2,33.2,PROMO_1,0
3927,2022-07-19,56.0,Other,US,basic,8.35,organic,,1,73.1,PROMO_2,0
3928,2023-11-12,48.0,F,PK,premium,42.56,paid_search,ios,2,67.4,PROMO_150,0
3929,2021-12-09,45.0,M,PK,basic,9.72,paid_search,android,0,64.6,PROMO_1,0
3930,2021-08-25,18.0,M,PK,premium,37.49,referral,android,1,72.1,PROMO_4,0
3931,2021-10-06,37.0,F,CA,basic,7.65,referral,android,1,22.0,PROMO_4,0
3932,2024-02-28,36.0,M,IN,standard,17.28,referral,android,1,49.2,PROMO_1,0
3933,2021-10-15,45.0,M,IN,standard,21.62,paid_search,web,0,53.7,PROMO_1,0
3934,2021-09-07,32.0,M,UK,standard,20.05,organic,ios,0,44.2,PROMO_16,0
3935,2023-10-01,34.0,M,IN,standard,19.1,social,android,1,22.1,PROMO_1,0
3936,2021-03-27,44.0,F,US,standard,21.84,partner,web,1,63.3,PROMO_6,0
3937,2022-06-19,28.0,M,US,premium,45.11,organic,android,1,59.3,PROMO_1,1
3938,2022-08-28,31.0,M,US,standard,18.95,organic,web,0,40.7,PROMO_4,0
3939,2021-09-17,39.0,F,PK,basic,8.99,organic,web,1,62.7,PROMO_1,1
3940,2022-07-08,52.0,M,AE,basic,8.58,social,ios,1,51.9,PROMO_6,0
3941,2022-05-21,46.0,M,US,standard,18.57,paid_search,ios,0,59.5,PROMO_1,0
3942,2023-04-07,49.0,M,SE,basic,7.93,organic,web,1,36.3,PROMO_7,0
3943,2020-12-08,38.0,M,PK,standard,16.73,organic,android,3,53.6,PROMO_2,0
3944,2020-10-12,53.0,F,PK,standard,16.38,social,android,1,53.7,PROMO_3,1
3945,2023-12-14,18.0,F,US,basic,9.78,paid_search,android,0,46.5,PROMO_9,0
3946,2021-09-03,59.0,F,PK,standard,16.63,organic,android,0,9.9,PROMO_2,0
3947,2024-05-09,61.0,M,NZ,standard,21.96,social,android,1,52.6,PROMO_1,0
3948,2023-01-18,42.0,M,UK,standard,17.89,organic,web,2,53.6,PROMO_9,0
3949,2020-10-11,46.0,M,US,standard,21.64,organic,android,0,35.8,PROMO_2,0
3950,2023-10-13,37.0,F,AE,premium,37.86,organic,android,2,58.6,PROMO_140,0
3951,2023-01-07,35.0,Other,US,standard,16.62,organic,android,2,53.7,PROMO_1,0
3952,2023-08-12,30.0,Other,PK,premium,43.01,organic,android,3,56.1,PROMO_3,1
3953,2021-09-10,36.0,M,US,basic,10.01,organic,web,0,44.3,PROMO_1,0
3954,2022-09-09,43.0,M,PK,standard,17.62,organic,web,1,24.4,PROMO_1,0
3955,2022-03-15,42.0,F,AE,standard,18.5,social,ios,0,24.7,PROMO_2,0
3956,2020-11-18,59.0,F,CA,basic,8.35,referral,ios,1,60.3,PROMO_2,0
3957,2022-06-22,38.0,F,PK,basic,8.91,organic,web,0,33.6,PROMO_150,1
3958,2021-09-01,21.0,F,AE,standard,19.16,social,android,0,38.0,PROMO_1,0
3959,2024-01-27,55.0,F,DE,basic,8.75,organic,ios,2,62.6,PROMO_2,0
3960,2023-08-18,24.0,M,US,premium,33.33,referral,android,2,18.0,PROMO_1,0
3961,2020-11-12,31.0,F,US,basic,8.58,organic,android,0,25.9,PROMO_1,0
3962,2021-03-12,40.0,F,US,basic,9.51,organic,web,3,61.8,PROMO_1,0
3963,2021-12-17,42.0,F,US,standard,18.68,paid_search,ios,1,51.3,PROMO_150,0
3964,2023-01-06,21.0,M,US,basic,8.76,organic,ios,1,20.1,PROMO_150,0
3965,2023-09-09,29.0,M,PK,basic,8.33,organic,android,2,43.4,PROMO_1,0
3966,2021-03-23,21.0,F,US,standard,18.07,paid_search,ios,1,52.6,PROMO_6,0
3967,2021-06-23,44.0,M,DE,standard,21.14,social,,2,33.5,PROMO_1,0
3968,2023-07-13,50.0,Other,US,basic,8.18,organic,web,2,28.3,PROMO_1,0
3969,2022-03-20,24.0,M,IN,standard,20.1,organic,ios,1,24.7,PROMO_1,0
3970,2022-02-08,48.0,M,PK,standard,19.07,referral,ios,1,62.7,PROMO_3,0
3971,2022-08-22,47.0,M,US,standard,19.37,organic,android,0,65.6,PROMO_1,0
3972,2020-12-10,30.0,Other,AE,basic,8.47,organic,android,2,61.3,PROMO_68,0
3973,2023-12-22,18.0,F,UK,basic,8.75,paid_search,android,1,68.5,PROMO_1,0
3974,2023-06-21,25.0,M,IN,premium,38.98,organic,ios,0,69.2,PROMO_70,0
3975,2024-01-31,30.0,F,US,standard,18.21,referral,web,0,27.3,PROMO_1,0
3976,2021-10-28,54.0,F,US,basic,9.24,organic,web,3,65.0,PROMO_3,0
3977,2022-01-04,36.0,M,UK,standard,19.7,organic,android,1,51.7,PROMO_16,0
3978,2020-09-17,26.0,M,UK,basic,10.56,referral,android,2,78.5,PROMO_1,0
3979,2022-05-24,39.0,M,CA,standard,19.42,referral,android,2,100.8,PROMO_20,0
3980,2023-11-16,23.0,M,CA,standard,16.09,social,ios,1,47.1,PROMO_1,0
3981,2022-09-27,43.0,M,PK,premium,42.63,organic,,0,45.4,PROMO_5,0
3982,2024-02-10,26.0,M,DE,premium,38.36,paid_search,ios,1,44.2,PROMO_26,0
3983,2021-11-28,28.0,M,DE,basic,10.45,partner,web,2,51.1,PROMO_10,0
3984,2021-11-23,41.0,F,UK,standard,21.24,paid_search,ios,1,53.5,PROMO_4,0
3985,2021-03-15,56.0,F,US,basic,8.64,partner,ios,2,89.6,PROMO_11,0
3986,2023-02-28,61.0,F,IN,standard,20.1,social,web,1,52.1,PROMO_1,0
3987,2023-04-10,26.0,M,DE,standard,18.1,referral,ios,2,43.6,PROMO_3,0
3988,2024-03-04,30.0,M,PK,basic,9.0,organic,android,1,50.2,PROMO_3,0
3989,2022-11-16,43.0,M,US,basic,9.49,partner,android,2,37.6,PROMO_3,0
3990,2022-08-25,50.0,F,DE,basic,9.8,referral,android,2,24.8,PROMO_4,0
3991,2021-08-04,18.0,M,IN,basic,9.64,referral,android,2,47.8,PROMO_8,0
3992,2021-08-05,38.0,M,US,basic,9.05,partner,ios,5,85.0,PROMO_2,1
3993,2023-11-30,32.0,M,IN,premium,46.75,referral,ios,1,63.3,PROMO_1,0
3994,2023-05-14,18.0,F,US,standard,18.45,social,android,1,42.8,PROMO_2,0
3995,2022-07-06,22.0,M,US,standard,16.56,social,android,1,55.3,PROMO_3,0
3996,2023-03-06,31.0,M,AE,standard,16.85,referral,android,0,87.7,PROMO_1,0
3997,2024-05-06,38.0,M,PK,standard,21.24,social,web,0,53.0,PROMO_1,0
3998,2021-03-31,48.0,F,PK,basic,8.94,social,android,1,36.6,PROMO_1,0
3999,2021-09-05,41.0,F,DE,premium,39.5,social,android,0,51.0,PROMO_1,1
4000,2022-06-24,47.0,F,PK,standard,18.18,referral,ios,1,59.6,PROMO_1,0
4001,2023-03-30,37.0,M,PK,standard,18.31,organic,ios,0,56.2,PROMO_2,0
4002,2021-04-05,29.0,M,PK,premium,36.54,social,android,1,71.8,PROMO_1,0
4003,2024-04-23,35.0,M,PK,standard,19.72,social,ios,2,51.5,PROMO_1,0
4004,2022-10-03,45.0,M,PK,standard,18.85,referral,android,0,14.9,PROMO_1,1
4005,2021-06-01,48.0,F,US,premium,40.36,organic,ios,0,57.1,PROMO_2,0
4006,2020-11-03,35.0,F,IN,basic,9.24,paid_search,ios,1,56.1,PROMO_1,0
4007,2023-06-30,27.0,M,AE,standard,18.35,organic,android,1,55.1,PROMO_1,0
4008,2021-12-25,41.0,M,AE,basic,7.95,social,android,1,37.3,PROMO_1,0
4009,2023-09-23,42.0,M,PK,basic,7.89,referral,ios,0,79.9,PROMO_1,1
4010,2024-01-03,51.0,M,PK,standard,23.6,social,android,0,33.7,PROMO_1,0
4011,2023-02-09,30.0,Other,IN,basic,10.06,social,android,2,35.3,PROMO_1,0
4012,2021-02-05,30.0,M,AE,premium,43.18,paid_search,android,1,46.6,PROMO_1,0
4013,2021-11-02,45.0,M,CA,basic,8.51,social,android,0,69.9,PROMO_2,0
4014,2022-08-05,33.0,F,US,standard,19.01,referral,web,2,70.5,PROMO_2,0
4015,2023-05-17,32.0,F,UK,basic,8.41,social,ios,3,59.6,PROMO_40,0
4016,2023-11-28,51.0,M,UK,premium,34.91,organic,web,1,63.4,PROMO_1,0
4017,2023-06-03,22.0,F,PK,basic,8.58,paid_search,ios,1,30.5,PROMO_1,0
4018,2023-11-13,,F,CA,basic,9.95,social,ios,0,24.5,PROMO_1,0
4019,2023-09-26,30.0,F,US,basic,9.61,paid_search,android,2,44.4,PROMO_1,0
4020,2021-11-05,47.0,M,US,standard,17.53,social,android,2,63.3,PROMO_1,0
4021,2023-12-10,36.0,F,PK,premium,38.02,partner,android,2,63.7,PROMO_1,0
4022,2024-04-06,40.0,M,AE,premium,41.34,referral,android,1,37.0,PROMO_2,0
4023,2022-05-24,34.0,M,CA,basic,8.59,organic,ios,1,35.3,PROMO_1,1
4024,2023-05-12,46.0,M,US,basic,9.06,paid_search,android,1,67.5,PROMO_1,1
4025,2022-09-22,33.0,F,SE,basic,9.29,social,android,2,52.9,PROMO_1,0
4026,2023-12-01,31.0,M,PK,standard,19.59,referral,ios,2,18.9,PROMO_14,0
4027,2023-08-26,57.0,M,IN,standard,19.39,organic,android,1,33.1,PROMO_4,0
4028,2022-10-11,37.0,F,DE,basic,8.53,organic,web,0,57.3,PROMO_1,0
4029,2021-11-01,30.0,M,IN,standard,18.16,social,web,0,32.2,PROMO_150,0
4030,2022-11-17,21.0,F,DE,premium,35.46,paid_search,android,1,35.2,PROMO_1,0
4031,2022-05-25,58.0,M,US,basic,7.88,organic,android,0,35.8,PROMO_1,0
4032,2022-06-21,31.0,M,US,basic,8.92,partner,web,1,63.1,PROMO_12,0
4033,2023-06-05,60.0,M,CA,basic,9.59,paid_search,web,2,49.9,PROMO_2,0
4034,2023-05-22,41.0,M,CA,basic,8.01,organic,web,1,75.1,PROMO_1,0
4035,2022-11-01,39.0,F,UK,basic,9.2,organic,android,2,43.6,PROMO_22,0
4036,2024-04-27,39.0,M,DE,standard,20.19,organic,ios,0,46.8,PROMO_4,0
4037,2021-11-08,61.0,M,US,basic,7.68,organic,android,0,55.0,PROMO_5,1
4038,2022-02-14,18.0,F,PK,standard,18.59,paid_search,android,1,40.6,PROMO_1,0
4039,2023-04-15,39.0,M,PK,premium,44.14,organic,android,1,26.0,PROMO_8,0
4040,2023-01-12,34.0,M,AE,premium,40.72,social,ios,1,44.7,PROMO_4,0
4041,2023-03-15,35.0,F,AE,standard,16.16,paid_search,ios,2,38.8,PROMO_1,0
4042,2021-12-25,,M,AE,basic,9.47,social,ios,1,48.1,PROMO_1,0
4043,2021-07-28,34.0,F,UK,basic,8.46,partner,android,2,41.0,PROMO_10,0
4044,2024-01-13,39.0,F,US,basic,9.5,partner,web,0,56.8,PROMO_11,0
4045,2022-11-18,37.0,F,PK,premium,36.85,paid_search,android,0,44.7,PROMO_1,0
4046,2024-05-22,23.0,M,PK,premium,38.83,paid_search,web,0,25.8,PROMO_8,0
4047,2022-09-25,41.0,F,PK,basic,8.61,social,ios,2,40.7,PROMO_1,0
4048,2023-07-04,45.0,F,AE,basic,9.0,paid_search,android,4,32.0,PROMO_2,1
4049,2023-03-05,31.0,M,DE,standard,18.14,referral,ios,0,78.8,PROMO_8,0
4050,2022-09-19,58.0,M,IN,basic,8.84,social,ios,0,50.7,PROMO_5,0
4051,2023-03-22,52.0,M,PK,premium,35.33,organic,android,1,60.0,PROMO_1,0
4052,2022-12-15,46.0,F,CA,basic,9.35,paid_search,android,0,48.6,PROMO_1,0
4053,2021-07-21,46.0,F,UK,basic,9.13,referral,web,2,77.5,PROMO_1,1
4054,2021-05-19,37.0,M,US,basic,7.84,social,web,1,31.1,PROMO_1,0
4055,2024-06-02,50.0,F,DE,basic,9.71,social,ios,0,38.1,PROMO_1,0
4056,2023-01-06,54.0,F,NZ,basic,8.87,social,android,1,66.7,PROMO_6,0
4057,2021-03-30,46.0,Other,US,premium,39.5,paid_search,android,1,42.2,PROMO_1,0
4058,2022-06-09,31.0,F,AE,basic,9.55,organic,android,0,38.8,PROMO_4,0
4059,2023-09-01,37.0,F,PK,standard,19.5,social,ios,0,41.6,PROMO_3,0
4060,2022-03-14,43.0,M,PK,basic,9.84,organic,,0,79.0,PROMO_2,0
4061,2023-11-23,46.0,F,PK,basic,8.79,social,android,1,80.7,PROMO_13,0
4062,2024-05-11,36.0,M,PK,basic,9.74,organic,web,2,56.1,PROMO_1,0
4063,2022-01-20,31.0,F,DE,basic,9.09,partner,web,0,53.0,PROMO_150,0
4064,2022-07-01,54.0,F,PK,basic,9.37,social,android,0,61.8,PROMO_2,0
4065,2021-08-02,25.0,F,AE,basic,9.29,organic,android,0,55.9,PROMO_3,0
4066,2023-02-21,27.0,F,IN,standard,20.89,referral,ios,0,52.6,PROMO_1,0
4067,2021-03-20,,M,CA,standard,20.1,social,,1,43.2,PROMO_1,0
4068,2022-11-07,27.0,M,PK,premium,37.62,social,android,0,40.8,PROMO_37,1
4069,2021-08-27,51.0,M,PK,basic,8.54,paid_search,android,0,57.4,PROMO_1,1
4070,2024-01-24,51.0,F,US,standard,18.92,paid_search,android,1,52.1,PROMO_1,0
4071,2024-01-28,36.0,Other,PK,standard,17.84,social,ios,3,72.0,PROMO_1,0
4072,2021-06-26,42.0,M,US,basic,8.24,paid_search,,3,46.1,PROMO_150,0
4073,2021-04-17,37.0,F,UK,basic,7.47,social,ios,2,36.1,PROMO_31,1
4074,2020-11-18,24.0,F,AE,standard,16.65,organic,android,1,28.1,PROMO_150,0
4075,2023-03-21,61.0,F,PK,standard,22.02,referral,ios,1,38.5,PROMO_6,0
4076,2024-05-11,52.0,F,PK,basic,8.53,partner,ios,1,28.4,PROMO_1,0
4077,2020-09-27,41.0,M,IN,basic,10.37,paid_search,web,2,67.2,PROMO_3,0
4078,2022-03-04,28.0,F,IN,premium,40.26,paid_search,android,1,43.6,PROMO_103,0
4079,2023-07-05,35.0,Other,AE,basic,8.96,organic,,1,38.5,PROMO_2,1
4080,2021-07-22,29.0,F,UK,premium,34.32,referral,web,2,57.2,PROMO_3,0
4081,2021-01-10,38.0,F,AE,standard,19.01,organic,android,1,79.2,PROMO_5,1
4082,2023-05-14,40.0,Other,PK,standard,21.88,referral,android,2,43.6,PROMO_12,0
4083,2021-07-14,33.0,M,IN,standard,21.37,referral,android,0,33.0,PROMO_1,0
4084,2021-06-20,21.0,F,PK,basic,9.2,paid_search,web,1,44.1,PROMO_3,0
4085,2022-07-19,60.0,F,AE,standard,17.25,referral,android,1,22.1,PROMO_1,0
4086,2022-01-20,40.0,M,PK,standard,17.55,paid_search,android,0,57.7,PROMO_1,0
4087,2023-06-05,42.0,M,DE,standard,17.7,paid_search,web,1,58.7,PROMO_1,0
4088,2020-12-06,32.0,M,DE,basic,9.92,referral,,0,43.4,PROMO_5,0
4089,2020-09-23,20.0,M,DE,basic,10.17,paid_search,android,2,33.2,PROMO_1,0
4090,2020-09-26,36.0,M,US,basic,9.14,organic,ios,0,86.0,PROMO_9,0
4091,2021-08-28,33.0,M,AE,basic,8.78,social,android,1,31.6,PROMO_1,0
4092,2024-04-13,45.0,M,UK,standard,21.35,social,android,0,38.7,PROMO_1,0
4093,2023-01-22,47.0,M,DE,standard,17.51,social,android,1,50.5,PROMO_2,0
4094,2022-10-05,45.0,F,US,standard,19.08,paid_search,ios,0,62.9,PROMO_150,0
4095,2020-10-25,48.0,M,UK,standard,19.7,social,ios,2,47.7,PROMO_1,0
4096,2022-05-18,57.0,F,AE,basic,8.38,organic,android,0,50.5,PROMO_10,0
4097,2022-06-02,41.0,M,PK,basic,8.54,paid_search,ios,1,59.2,PROMO_20,1
4098,2023-11-21,49.0,F,AE,basic,8.49,organic,web,0,98.1,PROMO_1,0
4099,2021-06-11,,M,PK,basic,10.02,social,android,1,41.3,PROMO_1,0
4100,2023-03-04,18.0,F,DE,basic,10.38,referral,web,4,42.4,PROMO_1,0
4101,2024-02-05,35.0,M,US,basic,9.08,organic,web,1,48.4,PROMO_1,0
4102,2020-09-17,27.0,F,CA,basic,8.81,organic,android,1,60.2,PROMO_1,0
4103,2023-09-22,40.0,M,PK,standard,18.09,referral,ios,2,87.9,PROMO_7,0
4104,2024-05-19,28.0,F,US,basic,9.0,paid_search,,3,48.3,PROMO_1,0
4105,2024-02-24,44.0,M,PK,basic,8.6,paid_search,ios,1,58.3,PROMO_10,0
4106,2022-09-25,48.0,M,IN,basic,8.93,social,ios,0,17.6,PROMO_5,0
4107,2024-01-20,50.0,F,PK,standard,19.63,paid_search,android,0,51.0,PROMO_150,0
4108,2021-04-05,55.0,M,US,standard,18.38,organic,web,1,49.8,PROMO_3,0
4109,2022-07-04,19.0,M,PK,basic,8.86,referral,android,1,65.3,PROMO_2,0
4110,2023-03-22,24.0,M,CA,basic,8.87,organic,ios,3,42.2,PROMO_7,0
4111,2024-06-06,,M,PK,premium,38.01,referral,web,2,31.7,PROMO_150,0
4112,2022-08-18,48.0,F,UK,standard,18.33,referral,android,1,53.4,PROMO_17,0
4113,2023-11-15,39.0,M,PK,standard,20.16,organic,ios,2,26.6,PROMO_1,0
4114,2020-09-30,37.0,M,US,standard,16.31,referral,ios,0,37.9,PROMO_1,0
4115,2023-05-06,36.0,M,PK,standard,21.39,social,web,3,50.8,PROMO_32,0
4116,2022-08-25,18.0,M,UK,premium,39.42,partner,android,1,14.0,PROMO_7,0
4117,2024-05-16,29.0,M,PK,basic,9.44,social,ios,3,46.2,PROMO_2,0
4118,2023-12-13,36.0,M,NZ,standard,20.1,paid_search,android,1,73.7,PROMO_3,0
4119,2023-08-29,29.0,M,US,basic,8.49,social,,2,25.8,PROMO_4,0
4120,2024-03-31,31.0,F,AE,standard,17.61,social,android,0,39.7,PROMO_150,0
4121,2021-09-13,65.0,M,PK,basic,8.26,social,ios,1,58.8,PROMO_94,0
4122,2020-11-14,34.0,F,PK,basic,8.82,paid_search,ios,1,62.2,PROMO_1,0
4123,2020-09-20,40.0,M,CA,premium,41.18,referral,android,4,50.9,PROMO_1,0
4124,2023-06-10,40.0,M,DE,premium,37.18,organic,android,0,47.2,PROMO_6,0
4125,2021-06-18,43.0,F,AE,basic,9.44,partner,android,4,74.8,PROMO_1,0
4126,2022-07-16,32.0,F,DE,premium,31.61,paid_search,web,1,53.2,PROMO_4,0
4127,2024-04-08,51.0,F,PK,basic,8.72,organic,android,0,34.1,PROMO_4,1
4128,2024-02-06,42.0,M,IN,basic,9.84,organic,ios,1,51.8,PROMO_1,0
4129,2022-05-17,23.0,F,US,premium,38.47,partner,ios,0,48.0,PROMO_1,0
4130,2022-11-04,36.0,F,IN,basic,8.4,referral,web,0,43.4,PROMO_3,0
4131,2024-05-30,35.0,F,DE,basic,8.53,paid_search,ios,1,24.8,PROMO_150,0
4132,2020-12-05,35.0,F,PK,standard,14.4,partner,android,2,49.9,PROMO_1,0
4133,2021-09-07,43.0,F,UK,basic,8.27,organic,android,1,58.7,PROMO_1,0
4134,2022-07-18,44.0,F,SE,basic,9.76,organic,android,1,61.3,PROMO_2,0
4135,2020-09-17,43.0,M,PK,basic,8.58,organic,ios,1,50.2,PROMO_3,1
4136,2020-10-09,41.0,M,US,standard,18.29,paid_search,android,2,50.5,PROMO_70,0
4137,2020-10-05,38.0,M,AE,basic,7.32,paid_search,android,1,41.6,PROMO_3,0
4138,2023-06-19,18.0,F,US,basic,7.83,organic,android,1,64.5,PROMO_2,0
4139,2021-02-11,46.0,F,US,standard,20.81,organic,android,0,32.2,PROMO_1,0
4140,2022-07-15,42.0,F,DE,basic,9.44,paid_search,android,0,42.2,PROMO_3,0
4141,2021-09-13,26.0,M,IN,basic,8.07,organic,android,0,37.9,PROMO_2,0
4142,2021-03-12,40.0,F,UK,standard,18.04,social,android,0,48.3,PROMO_3,0
4143,2023-10-29,44.0,F,IN,standard,18.96,paid_search,ios,1,69.7,PROMO_1,0
4144,2022-10-01,50.0,M,PK,basic,8.14,organic,android,0,32.2,PROMO_1,0
4145,2023-12-16,,F,PK,premium,32.75,organic,ios,2,54.2,PROMO_49,0
4146,2023-05-22,41.0,M,PK,standard,18.76,social,ios,2,54.5,PROMO_1,0
4147,2022-11-18,47.0,M,US,basic,9.41,referral,ios,2,35.5,PROMO_1,0
4148,2021-03-18,34.0,M,AE,standard,19.9,paid_search,android,0,47.1,PROMO_1,1
4149,2021-03-08,42.0,F,PK,standard,20.33,social,ios,2,36.5,PROMO_1,0
4150,2022-12-20,30.0,F,US,standard,16.64,partner,android,1,51.5,PROMO_2,0
4151,2023-03-14,49.0,M,AE,standard,19.09,referral,android,0,48.2,PROMO_1,0
4152,2022-06-09,19.0,F,AE,standard,18.59,paid_search,android,1,72.6,PROMO_1,0
4153,2020-12-30,46.0,F,AE,premium,38.73,referral,web,1,38.5,PROMO_2,0
4154,2020-10-02,37.0,F,AE,standard,18.68,paid_search,android,1,47.4,PROMO_1,0
4155,2023-08-03,48.0,F,NZ,standard,18.0,paid_search,ios,0,44.4,PROMO_1,0
4156,2023-09-27,28.0,F,DE,standard,14.41,social,android,1,70.4,PROMO_55,0
4157,2021-10-09,38.0,M,IN,premium,42.62,paid_search,ios,3,42.6,PROMO_3,0
4158,2023-04-22,38.0,M,SE,premium,40.03,referral,android,0,36.6,PROMO_1,0
4159,2023-09-09,42.0,F,IN,basic,7.93,organic,ios,0,38.4,PROMO_1,0
4160,2024-04-29,25.0,M,PK,basic,9.34,paid_search,android,2,38.1,PROMO_1,1
4161,2022-12-02,44.0,Other,UK,standard,18.32,organic,android,3,41.3,PROMO_4,0
4162,2022-12-18,18.0,F,US,basic,8.7,social,ios,0,37.2,PROMO_3,0
4163,2022-04-25,30.0,M,PK,standard,17.83,organic,android,2,50.2,PROMO_1,1
4164,2023-09-08,20.0,F,UK,standard,19.82,paid_search,android,3,30.5,PROMO_3,1
4165,2021-09-29,46.0,M,PK,premium,36.5,referral,ios,2,58.6,PROMO_1,0
4166,2021-11-15,41.0,F,UK,basic,8.21,organic,web,0,50.6,PROMO_39,1
4167,2022-09-11,42.0,F,CA,standard,20.72,organic,android,0,74.3,PROMO_2,0
4168,2023-10-04,53.0,Other,US,basic,8.87,social,ios,0,57.0,PROMO_85,0
4169,2022-07-12,34.0,M,IN,standard,18.78,paid_search,android,3,55.5,PROMO_4,1
4170,2021-11-22,44.0,F,DE,basic,9.5,organic,,1,80.1,PROMO_2,0
4171,2023-01-13,38.0,M,CA,standard,17.99,organic,ios,0,56.5,PROMO_150,0
4172,2023-06-13,36.0,M,PK,standard,18.29,organic,ios,4,46.8,PROMO_2,0
4173,2022-07-13,51.0,M,IN,standard,19.46,organic,android,1,37.0,PROMO_5,0
4174,2023-02-06,60.0,F,PK,standard,16.66,referral,android,0,71.8,PROMO_6,1
4175,2022-12-06,,F,CA,basic,9.16,paid_search,ios,0,34.9,PROMO_5,0
4176,2023-02-15,46.0,M,PK,basic,8.46,paid_search,ios,2,32.9,PROMO_6,0
4177,2023-04-19,41.0,F,PK,basic,9.62,organic,ios,0,33.0,PROMO_1,0
4178,2021-09-25,,F,US,premium,40.71,partner,android,2,38.7,PROMO_150,0
4179,2022-09-14,40.0,F,DE,premium,40.29,referral,android,2,50.7,PROMO_1,0
4180,2022-09-06,33.0,F,IN,basic,7.84,paid_search,ios,1,46.1,PROMO_1,0
4181,2021-12-22,18.0,M,AE,basic,8.93,social,android,0,57.9,PROMO_57,0
4182,2023-01-29,54.0,F,DE,basic,8.15,paid_search,,0,33.6,PROMO_150,0
4183,2024-01-23,29.0,F,PK,standard,18.94,organic,,0,36.9,PROMO_64,0
4184,2021-03-22,34.0,F,SE,basic,7.33,paid_search,ios,0,52.3,PROMO_2,0
4185,2024-03-26,35.0,F,US,basic,7.89,social,android,1,35.5,PROMO_1,0
4186,2022-04-13,28.0,F,IN,basic,9.86,paid_search,android,0,29.6,PROMO_5,0
4187,2023-06-10,40.0,F,DE,basic,9.27,paid_search,,2,27.1,PROMO_2,0
4188,2023-08-20,37.0,M,US,basic,8.75,social,ios,1,49.3,PROMO_1,1
4189,2024-04-14,29.0,F,US,basic,8.35,referral,android,2,49.0,PROMO_1,0
4190,2021-01-15,39.0,F,AE,standard,17.35,referral,web,2,48.3,PROMO_1,0
4191,2022-10-27,37.0,M,IN,standard,19.3,social,,0,68.3,PROMO_13,0
4192,2023-02-24,47.0,M,AE,basic,8.75,social,ios,3,54.5,PROMO_1,0
4193,2021-08-23,22.0,M,IN,standard,21.35,paid_search,android,2,50.0,PROMO_1,0
4194,2024-04-18,28.0,Other,SE,basic,8.87,paid_search,web,3,70.2,PROMO_2,0
4195,2022-04-23,45.0,F,US,standard,19.09,social,web,1,64.6,PROMO_1,0
4196,2022-07-29,30.0,F,UK,premium,34.67,organic,android,0,39.1,PROMO_1,0
4197,2022-05-09,27.0,F,AE,basic,8.74,referral,android,2,62.5,PROMO_1,1
4198,2023-12-22,31.0,F,PK,premium,39.55,organic,ios,1,76.6,PROMO_1,0
4199,2020-11-04,36.0,Other,CA,standard,18.43,organic,android,2,76.6,PROMO_4,0
4200,2023-07-17,36.0,M,PK,standard,18.26,organic,android,1,64.7,PROMO_3,0
4201,2021-11-17,35.0,M,DE,basic,9.24,referral,ios,0,55.8,PROMO_25,0
4202,2021-08-14,26.0,Other,UK,basic,10.09,organic,android,1,54.4,PROMO_1,0
4203,2023-02-22,46.0,M,CA,basic,9.1,social,web,3,71.9,PROMO_2,0
4204,2023-12-13,52.0,F,UK,premium,42.57,paid_search,ios,0,29.9,PROMO_3,0
4205,2023-04-28,18.0,M,UK,standard,19.94,social,android,1,69.0,PROMO_2,0
4206,2021-05-24,20.0,F,PK,basic,9.78,social,android,1,52.0,PROMO_24,0
4207,2021-01-07,48.0,F,CA,standard,18.07,partner,web,0,36.2,PROMO_1,0
4208,2020-11-26,54.0,M,US,basic,8.85,paid_search,ios,4,32.3,PROMO_19,0
4209,2023-08-03,18.0,M,UK,basic,8.85,paid_search,web,5,24.4,PROMO_4,0
4210,2022-02-24,46.0,M,CA,standard,19.83,organic,android,1,58.5,PROMO_150,0
4211,2023-11-15,55.0,F,US,standard,20.2,paid_search,android,2,78.8,PROMO_1,0
4212,2021-10-04,28.0,M,PK,standard,19.19,referral,ios,2,42.5,PROMO_1,0
4213,2022-11-15,54.0,F,PK,standard,20.33,organic,android,1,37.2,PROMO_3,0
4214,2021-09-30,35.0,M,UK,standard,18.14,partner,android,3,68.1,PROMO_1,1
4215,2021-11-08,,F,PK,standard,20.35,organic,ios,0,51.7,PROMO_5,0
4216,2020-09-09,29.0,F,US,basic,9.73,referral,android,2,68.8,PROMO_69,0
4217,2022-08-06,48.0,F,PK,standard,20.03,social,android,2,35.4,PROMO_1,1
4218,2023-02-25,46.0,M,US,standard,19.2,partner,android,2,59.8,PROMO_1,0
4219,2022-06-15,56.0,Other,US,basic,9.51,paid_search,android,1,77.2,PROMO_1,0
4220,2023-10-30,53.0,F,UK,basic,8.36,social,android,2,34.3,PROMO_1,0
4221,2024-01-08,37.0,F,UK,basic,9.14,organic,android,3,45.2,PROMO_3,1
4222,2022-06-25,71.0,F,UK,basic,9.22,paid_search,web,3,44.6,PROMO_27,0
4223,2021-04-28,52.0,M,US,standard,16.98,referral,android,1,61.2,PROMO_30,0
4224,2022-06-06,43.0,M,IN,basic,9.34,organic,android,2,68.9,PROMO_2,0
4225,2021-06-27,26.0,M,UK,standard,17.1,referral,web,0,39.8,PROMO_11,0
4226,2023-10-09,20.0,F,CA,basic,8.69,paid_search,ios,1,87.5,PROMO_6,0
4227,2022-09-29,21.0,F,UK,basic,9.03,paid_search,android,1,50.8,PROMO_1,1
4228,2022-02-15,27.0,M,US,basic,8.47,social,web,2,41.5,PROMO_2,0
4229,2023-02-17,52.0,M,DE,basic,9.06,organic,web,0,71.4,PROMO_1,1
4230,2024-05-22,42.0,F,PK,premium,39.21,social,ios,1,52.1,PROMO_1,1
4231,2024-03-01,30.0,F,SE,basic,8.41,partner,ios,0,44.4,PROMO_1,0
4232,2020-12-08,36.0,F,UK,basic,9.41,organic,ios,2,41.9,PROMO_1,0
4233,2022-02-26,34.0,F,PK,basic,8.45,organic,web,0,81.5,PROMO_7,0
4234,2023-06-11,46.0,F,US,basic,10.65,organic,ios,3,35.1,PROMO_1,0
4235,2023-06-19,27.0,M,DE,standard,18.83,paid_search,web,0,66.9,PROMO_5,0
4236,2024-04-17,41.0,F,PK,standard,17.22,social,android,0,37.8,PROMO_1,0
4237,2020-11-15,40.0,F,PK,basic,8.29,partner,ios,0,40.7,PROMO_6,0
4238,2024-01-13,28.0,M,IN,standard,20.74,paid_search,web,2,48.8,PROMO_8,0
4239,2021-07-28,54.0,F,US,basic,8.71,organic,android,0,57.0,PROMO_8,0
4240,2023-07-15,34.0,F,PK,standard,16.93,organic,android,0,25.3,PROMO_7,0
4241,2023-03-05,26.0,M,PK,standard,20.3,paid_search,ios,1,41.8,PROMO_1,0
4242,2023-05-30,46.0,F,AE,basic,8.7,paid_search,ios,1,65.4,PROMO_2,1
4243,2021-04-30,38.0,M,UK,standard,19.99,partner,ios,2,65.4,PROMO_29,0
4244,2024-04-26,41.0,F,AE,standard,20.42,organic,web,1,45.6,PROMO_3,0
4245,2023-02-10,24.0,F,SE,basic,9.2,referral,android,1,32.4,PROMO_1,0
4246,2023-05-22,46.0,F,PK,premium,46.48,paid_search,ios,2,53.2,PROMO_5,1
4247,2023-05-31,61.0,M,PK,premium,33.62,referral,ios,0,62.5,PROMO_2,0
4248,2023-09-18,23.0,F,PK,basic,8.41,referral,android,3,52.7,PROMO_9,0
4249,2020-12-29,41.0,M,US,standard,18.61,referral,android,1,71.1,PROMO_1,0
4250,2023-01-05,28.0,F,PK,standard,22.44,paid_search,ios,3,46.0,PROMO_2,0
4251,2022-11-11,67.0,M,US,standard,21.73,paid_search,ios,1,30.2,PROMO_11,0
4252,2022-12-27,51.0,F,CA,standard,20.96,organic,ios,1,41.1,PROMO_84,0
4253,2020-09-27,40.0,F,PK,premium,36.52,organic,ios,1,50.0,PROMO_1,0
4254,2023-03-01,23.0,M,IN,standard,17.97,social,ios,2,39.4,PROMO_1,0
4255,2023-02-25,26.0,F,IN,standard,17.74,partner,android,1,42.2,PROMO_7,0
4256,2023-03-16,45.0,F,UK,basic,8.44,social,android,2,64.4,PROMO_16,0
4257,2023-03-17,22.0,M,IN,basic,10.07,paid_search,ios,1,37.8,PROMO_7,0
4258,2024-02-08,22.0,M,DE,premium,38.24,organic,ios,3,30.0,PROMO_1,1
4259,2022-02-28,37.0,M,US,standard,18.83,social,web,0,62.1,PROMO_4,0
4260,2024-05-07,38.0,F,UK,basic,9.56,organic,android,3,59.7,PROMO_2,0
4261,2023-08-04,41.0,F,PK,premium,33.81,organic,ios,0,34.4,PROMO_4,0
4262,2023-09-06,32.0,F,US,standard,19.08,organic,web,1,60.6,PROMO_7,0
4263,2023-05-05,47.0,F,CA,standard,17.33,referral,android,3,33.0,PROMO_5,0
4264,2021-08-01,28.0,F,UK,basic,8.79,paid_search,ios,2,39.1,PROMO_2,0
4265,2022-03-06,44.0,F,US,standard,18.11,partner,web,2,33.4,PROMO_10,0
4266,2020-09-12,,F,AE,basic,8.54,paid_search,android,0,43.1,PROMO_3,0
4267,2023-02-12,44.0,M,SE,basic,9.16,social,ios,0,58.5,PROMO_1,0
4268,2020-12-07,50.0,F,PK,standard,19.34,referral,ios,1,54.0,PROMO_1,0
4269,2024-04-10,32.0,F,US,premium,38.31,referral,android,1,37.8,PROMO_6,0
4270,2022-07-16,30.0,F,PK,basic,9.27,organic,web,2,52.8,PROMO_1,0
4271,2021-06-04,18.0,F,SE,premium,36.29,organic,android,1,55.7,PROMO_25,0
4272,2022-06-08,18.0,M,UK,premium,41.13,organic,android,3,64.3,PROMO_3,0
4273,2020-12-01,35.0,F,PK,basic,8.85,paid_search,android,1,55.4,PROMO_60,0
4274,2023-04-03,36.0,F,AE,basic,8.65,organic,web,2,61.1,PROMO_5,0
4275,2024-04-26,25.0,M,UK,standard,17.79,social,android,0,51.0,PROMO_17,0
4276,2021-07-08,27.0,F,PK,standard,18.63,paid_search,ios,0,37.8,PROMO_129,0
4277,2024-03-09,54.0,F,IN,basic,10.35,partner,android,4,52.4,PROMO_8,1
4278,2021-07-21,,M,DE,standard,18.9,referral,ios,0,68.2,PROMO_1,0
4279,2021-09-02,23.0,M,PK,standard,17.26,social,ios,1,69.0,PROMO_1,0
4280,2021-04-02,32.0,M,SE,standard,20.4,social,android,0,11.3,PROMO_1,0
4281,2022-08-20,41.0,M,PK,standard,18.28,organic,android,2,59.4,PROMO_5,1
4282,2021-01-22,30.0,M,PK,basic,9.2,organic,android,0,42.6,PROMO_80,1
4283,2023-10-20,28.0,F,US,basic,8.56,paid_search,android,3,56.0,PROMO_150,1
4284,2022-10-20,33.0,M,PK,basic,9.92,partner,android,2,29.5,PROMO_1,0
4285,2023-12-25,49.0,F,UK,premium,37.16,organic,ios,2,43.5,PROMO_1,0
4286,2021-07-18,50.0,M,US,premium,43.36,paid_search,android,0,25.9,PROMO_37,0
4287,2021-09-29,29.0,M,PK,standard,17.41,referral,android,0,43.5,PROMO_2,0
4288,2021-05-25,,F,NZ,basic,8.79,paid_search,ios,2,59.1,PROMO_1,0
4289,2021-07-22,,M,US,standard,21.13,partner,web,0,56.7,PROMO_2,0
4290,2023-04-12,26.0,M,US,basic,9.12,partner,ios,3,82.2,PROMO_1,0
4291,2024-03-09,34.0,F,PK,basic,10.64,organic,web,2,42.3,PROMO_1,0
4292,2020-12-06,23.0,M,CA,basic,8.81,social,ios,2,36.8,PROMO_1,0
4293,2022-07-31,50.0,M,PK,standard,19.39,organic,web,3,70.8,PROMO_6,0
4294,2024-02-01,54.0,F,PK,basic,10.37,paid_search,android,1,24.3,PROMO_1,0
4295,2020-12-09,32.0,M,IN,standard,16.7,referral,ios,1,52.9,PROMO_4,0
4296,2020-09-07,30.0,F,PK,premium,33.89,organic,android,3,57.5,PROMO_6,0
4297,2022-10-05,49.0,F,IN,standard,17.79,partner,ios,1,15.3,PROMO_6,0
4298,2021-07-14,50.0,M,UK,basic,9.59,partner,web,1,33.6,PROMO_1,0
4299,2024-04-21,25.0,M,CA,premium,33.98,social,ios,1,29.5,PROMO_1,0
4300,2024-02-03,35.0,M,PK,standard,19.91,paid_search,android,1,62.5,PROMO_6,0
4301,2023-05-26,36.0,M,SE,basic,9.38,organic,ios,5,40.4,PROMO_9,0
4302,2021-12-18,29.0,M,PK,standard,22.06,paid_search,ios,1,46.1,PROMO_1,0
4303,2023-12-09,41.0,F,PK,premium,42.26,organic,android,1,25.8,PROMO_150,0
4304,2024-04-24,29.0,M,DE,basic,9.26,organic,android,2,37.9,PROMO_61,0
4305,2021-12-01,31.0,M,PK,standard,21.07,organic,ios,0,38.1,PROMO_3,0
4306,2021-07-14,36.0,F,US,basic,9.39,social,android,2,46.7,PROMO_1,0
4307,2021-08-25,21.0,F,UK,basic,8.67,organic,android,1,45.4,PROMO_1,0
4308,2021-06-04,18.0,M,PK,standard,17.26,paid_search,web,0,72.1,PROMO_1,0
4309,2021-05-30,,Other,PK,basic,8.59,social,web,0,60.4,PROMO_3,0
4310,2022-03-02,29.0,Other,US,basic,8.97,organic,android,0,23.4,PROMO_1,0
4311,2022-06-25,60.0,F,US,basic,9.13,paid_search,web,1,65.3,PROMO_2,1
4312,2021-03-16,59.0,M,UK,basic,7.46,organic,web,1,63.2,PROMO_13,0
4313,2023-02-16,31.0,F,DE,basic,8.84,organic,ios,0,51.0,PROMO_1,0
4314,2024-01-27,63.0,M,US,standard,19.04,organic,ios,3,64.8,PROMO_1,0
4315,2021-08-08,47.0,M,US,basic,9.39,organic,web,0,68.0,PROMO_5,1
4316,2023-05-27,30.0,M,PK,basic,10.17,paid_search,ios,1,42.7,PROMO_1,0
4317,2020-09-29,18.0,Other,US,premium,39.58,organic,,2,31.7,PROMO_1,1
4318,2022-11-17,45.0,F,PK,premium,36.16,paid_search,android,1,58.5,PROMO_1,0
4319,2021-03-23,,Other,UK,basic,7.69,social,android,1,37.8,PROMO_150,0
4320,2024-04-13,42.0,M,PK,basic,9.49,social,android,0,54.0,PROMO_33,0
4321,2021-12-14,34.0,F,DE,basic,8.37,paid_search,android,1,34.4,PROMO_4,0
4322,2022-10-01,24.0,F,PK,basic,9.62,partner,ios,0,64.6,PROMO_1,0
4323,2022-09-11,32.0,M,PK,basic,10.01,referral,android,1,38.6,PROMO_150,0
4324,2023-06-11,45.0,F,PK,premium,34.18,social,android,0,46.8,PROMO_20,1
4325,2020-10-09,33.0,F,US,standard,19.84,paid_search,web,1,45.9,PROMO_1,1
4326,2022-12-17,33.0,M,AE,basic,9.93,organic,android,2,28.8,PROMO_10,0
4327,2021-03-25,20.0,F,AE,premium,42.18,paid_search,ios,0,66.2,PROMO_1,0
4328,2022-11-02,38.0,F,SE,basic,7.49,paid_search,ios,0,69.3,PROMO_14,0
4329,2024-04-05,25.0,M,US,basic,8.39,partner,web,5,47.8,PROMO_2,1
4330,2021-02-13,47.0,F,PK,basic,8.08,partner,android,2,38.6,PROMO_1,0
4331,2023-09-29,29.0,M,IN,basic,9.38,organic,android,2,46.5,PROMO_1,0
4332,2023-06-03,34.0,F,DE,premium,40.29,partner,ios,1,42.4,PROMO_150,0
4333,2021-03-10,61.0,M,PK,basic,7.06,referral,ios,0,49.7,PROMO_1,0
4334,2021-01-24,34.0,F,PK,standard,18.54,social,web,1,45.3,PROMO_1,0
4335,2020-12-23,32.0,M,US,basic,9.58,partner,android,0,36.4,PROMO_150,0
4336,2022-11-01,43.0,M,US,premium,39.46,paid_search,android,0,67.0,PROMO_3,0
4337,2021-08-01,18.0,M,UK,standard,19.22,paid_search,android,0,46.8,PROMO_12,0
4338,2023-03-16,51.0,M,PK,basic,8.74,referral,ios,2,79.0,PROMO_1,0
4339,2021-08-24,48.0,M,SE,basic,8.24,organic,android,2,51.6,PROMO_1,0
4340,2022-07-18,43.0,F,UK,premium,38.95,social,,2,43.9,PROMO_2,0
4341,2024-03-31,18.0,M,DE,standard,19.08,referral,ios,1,45.8,PROMO_4,0
4342,2022-11-12,34.0,M,PK,basic,9.44,referral,android,2,44.5,PROMO_23,1
4343,2022-09-04,23.0,M,AE,premium,41.17,organic,android,3,48.4,PROMO_91,1
4344,2023-06-21,49.0,F,IN,basic,9.06,social,android,0,53.4,PROMO_1,0
4345,2023-01-11,49.0,M,PK,basic,9.79,organic,web,1,33.2,PROMO_1,0
4346,2022-07-18,41.0,F,UK,standard,18.43,referral,ios,1,34.7,PROMO_7,0
4347,2024-04-03,24.0,M,PK,basic,7.96,paid_search,ios,1,61.7,PROMO_1,0
4348,2023-11-14,53.0,M,US,basic,9.34,social,ios,1,57.7,PROMO_1,0
4349,2021-07-18,34.0,F,CA,basic,9.09,referral,web,1,26.4,PROMO_2,0
4350,2023-02-11,57.0,M,AE,basic,9.36,paid_search,android,1,57.8,PROMO_1,0
4351,2022-02-22,40.0,F,DE,basic,8.09,paid_search,android,1,62.6,PROMO_3,0
4352,2022-04-22,43.0,M,PK,basic,10.29,paid_search,web,0,53.8,PROMO_1,1
4353,2022-05-12,32.0,M,CA,premium,41.22,social,ios,2,25.2,PROMO_4,0
4354,2022-11-18,,F,AE,standard,18.56,social,web,4,29.9,PROMO_10,0
4355,2022-08-14,44.0,F,PK,basic,8.33,referral,ios,2,49.3,PROMO_1,0
4356,2021-05-01,53.0,M,IN,basic,9.78,organic,ios,1,78.2,PROMO_7,0
4357,2020-10-18,39.0,M,PK,standard,17.33,paid_search,ios,2,41.9,PROMO_4,0
4358,2023-06-22,36.0,F,PK,basic,10.63,paid_search,android,1,59.1,PROMO_1,1
4359,2021-11-30,44.0,F,CA,basic,8.56,organic,web,2,40.3,PROMO_6,0
4360,2020-10-11,53.0,F,PK,standard,21.62,referral,ios,0,75.5,PROMO_14,0
4361,2024-05-31,48.0,M,PK,basic,8.87,paid_search,android,0,50.6,PROMO_1,0
4362,2021-06-24,39.0,F,PK,standard,21.4,organic,android,1,31.8,PROMO_4,0
4363,2022-07-26,18.0,M,IN,premium,36.71,social,android,0,37.8,PROMO_19,0
4364,2020-10-14,46.0,M,PK,standard,19.03,paid_search,android,0,36.6,PROMO_2,0
4365,2022-04-04,21.0,M,US,basic,9.58,social,android,1,51.7,PROMO_150,0
4366,2021-04-11,37.0,Other,PK,basic,9.48,organic,android,1,39.6,PROMO_5,0
4367,2023-10-25,36.0,F,US,basic,9.79,organic,web,1,42.6,PROMO_2,0
4368,2023-11-27,,M,PK,standard,18.26,organic,ios,1,79.2,PROMO_1,1
4369,2020-12-10,41.0,M,IN,premium,39.26,paid_search,android,1,41.2,PROMO_10,0
4370,2022-06-15,61.0,M,DE,premium,42.89,social,android,1,52.6,PROMO_3,0
4371,2022-05-02,34.0,M,IN,basic,8.49,social,,2,45.9,PROMO_1,0
4372,2023-10-20,45.0,F,DE,standard,19.87,organic,ios,1,49.3,PROMO_1,0
4373,2023-08-03,63.0,Other,US,standard,18.67,social,android,0,60.0,PROMO_1,0
4374,2021-05-08,46.0,F,PK,standard,19.31,paid_search,web,1,17.0,PROMO_2,0
4375,2023-04-19,30.0,Other,UK,standard,19.13,referral,android,2,52.3,PROMO_4,0
4376,2022-03-27,40.0,F,US,basic,8.43,organic,android,1,44.4,PROMO_1,0
4377,2023-04-01,42.0,M,AE,basic,8.81,social,android,1,52.6,PROMO_12,0
4378,2023-06-13,53.0,M,PK,premium,39.45,social,web,0,46.9,PROMO_3,0
4379,2023-10-25,50.0,M,DE,basic,8.93,social,web,1,47.1,PROMO_1,0
4380,2020-12-06,18.0,M,PK,basic,10.13,paid_search,ios,1,54.4,PROMO_1,1
4381,2020-11-21,28.0,F,US,basic,9.73,organic,ios,2,41.7,PROMO_1,0
4382,2024-01-04,36.0,F,SE,basic,9.21,organic,android,1,79.5,PROMO_3,0
4383,2023-02-09,26.0,F,PK,premium,36.62,referral,android,2,35.6,PROMO_4,0
4384,2022-04-24,18.0,M,PK,basic,8.41,social,android,1,71.6,PROMO_2,0
4385,2022-12-30,29.0,F,PK,basic,10.42,social,web,2,31.4,PROMO_63,1
4386,2021-09-19,37.0,F,US,standard,17.46,paid_search,ios,0,46.0,PROMO_1,0
4387,2023-06-17,31.0,F,UK,standard,19.17,organic,android,2,54.7,PROMO_11,0
4388,2024-03-21,26.0,M,NZ,basic,9.26,paid_search,web,1,36.0,PROMO_4,0
4389,2023-03-04,37.0,M,IN,basic,8.78,social,android,1,35.0,PROMO_2,0
4390,2022-03-08,41.0,F,DE,basic,8.28,organic,android,0,45.8,PROMO_19,0
4391,2023-10-05,32.0,Other,DE,basic,8.43,partner,android,0,63.4,PROMO_1,1
4392,2021-05-12,52.0,F,PK,basic,8.61,organic,web,2,51.2,PROMO_150,0
4393,2024-05-25,38.0,F,IN,basic,8.49,social,android,2,78.4,PROMO_2,0
4394,2024-03-09,27.0,F,UK,standard,21.02,paid_search,android,3,58.5,PROMO_3,0
4395,2022-07-09,25.0,M,PK,premium,38.97,referral,android,3,43.1,PROMO_1,0
4396,2022-07-05,35.0,F,SE,premium,37.37,referral,web,1,9.6,PROMO_1,0
4397,2023-05-01,49.0,F,UK,basic,9.08,paid_search,android,0,26.7,PROMO_1,0
4398,2023-06-20,28.0,Other,PK,basic,9.48,paid_search,ios,1,46.0,PROMO_3,0
4399,2024-03-06,44.0,M,DE,premium,37.92,partner,web,2,26.5,PROMO_1,0
4400,2021-12-09,38.0,M,PK,standard,20.37,social,ios,0,47.1,PROMO_1,0
4401,2023-01-04,59.0,M,PK,standard,17.07,organic,android,0,53.3,PROMO_2,0
4402,2023-12-30,41.0,M,PK,basic,9.84,referral,android,3,45.6,PROMO_150,1
4403,2022-12-07,29.0,F,UK,basic,8.99,paid_search,android,1,45.9,PROMO_16,0
4404,2020-11-25,45.0,M,PK,standard,18.93,organic,,2,79.4,PROMO_1,0
4405,2023-06-16,45.0,F,PK,standard,17.95,referral,web,2,51.0,PROMO_143,0
4406,2021-01-23,33.0,F,US,basic,8.12,partner,android,1,47.9,PROMO_2,0
4407,2023-06-19,24.0,Other,PK,premium,33.8,organic,android,2,35.1,PROMO_1,0
4408,2023-09-28,43.0,F,UK,standard,17.84,paid_search,android,3,50.0,PROMO_1,0
4409,2023-06-17,38.0,F,US,standard,19.89,organic,ios,0,42.8,PROMO_1,0
4410,2023-03-22,20.0,F,PK,basic,8.31,referral,android,2,77.0,PROMO_1,0
4411,2023-12-27,,M,PK,standard,16.65,referral,web,2,58.5,PROMO_3,0
4412,2022-03-23,30.0,Other,PK,standard,17.62,partner,,1,71.3,PROMO_1,0
4413,2023-03-08,20.0,F,US,basic,8.72,organic,android,2,53.1,PROMO_2,0
4414,2021-09-24,33.0,F,CA,standard,18.47,organic,ios,3,68.7,PROMO_2,0
4415,2022-08-03,51.0,M,PK,standard,18.8,social,web,0,35.0,PROMO_1,0
4416,2022-10-09,50.0,M,PK,standard,20.57,organic,android,1,53.7,PROMO_1,0
4417,2022-08-31,47.0,F,PK,basic,9.9,organic,web,1,37.0,PROMO_1,0
4418,2023-11-08,40.0,F,AE,premium,45.26,organic,android,0,43.4,PROMO_18,0
4419,2021-10-01,44.0,M,US,basic,7.83,social,ios,0,50.6,PROMO_2,0
4420,2024-01-19,38.0,F,AE,basic,8.38,social,ios,1,35.6,PROMO_1,0
4421,2021-09-19,25.0,M,AE,basic,9.5,referral,web,2,28.1,PROMO_1,0
4422,2020-08-31,27.0,F,PK,basic,8.67,organic,,2,64.8,PROMO_1,0
4423,2021-07-22,30.0,M,US,basic,9.62,referral,android,0,24.8,PROMO_3,0
4424,2022-09-21,52.0,M,SE,basic,9.15,paid_search,ios,1,75.4,PROMO_1,1
4425,2023-04-04,49.0,M,PK,standard,21.4,paid_search,android,1,37.8,PROMO_4,0
4426,2021-02-22,25.0,M,UK,basic,9.75,social,android,3,58.5,PROMO_1,0
4427,2023-06-22,38.0,F,UK,premium,42.31,referral,android,0,59.4,PROMO_6,0
4428,2022-08-15,33.0,F,PK,basic,8.7,organic,ios,0,33.4,PROMO_29,0
4429,2021-07-13,35.0,M,DE,standard,18.85,referral,web,3,56.9,PROMO_1,0
4430,2020-12-16,31.0,M,PK,premium,38.05,social,ios,2,52.6,PROMO_2,0
4431,2020-12-18,52.0,M,PK,standard,16.71,social,ios,0,59.5,PROMO_1,0
4432,2024-02-10,37.0,F,UK,standard,21.24,referral,android,2,68.1,PROMO_2,1
4433,2021-01-18,39.0,M,IN,standard,20.13,social,web,1,62.2,PROMO_6,0
4434,2024-01-05,39.0,F,PK,basic,8.75,social,android,0,37.0,PROMO_2,0
4435,2022-03-27,26.0,F,AE,basic,9.94,paid_search,android,0,48.0,PROMO_1,0
4436,2020-12-06,38.0,F,PK,basic,8.55,paid_search,web,0,37.6,PROMO_16,0
4437,2021-12-20,49.0,M,AE,basic,7.68,referral,web,1,41.4,PROMO_3,0
4438,2020-11-11,53.0,M,US,basic,9.73,partner,android,0,57.3,PROMO_2,0
4439,2023-02-21,24.0,M,US,basic,8.08,referral,ios,0,59.1,PROMO_145,0
4440,2023-04-03,20.0,M,SE,premium,38.39,referral,ios,3,58.7,PROMO_23,0
4441,2023-03-18,38.0,F,AE,premium,39.64,social,android,2,54.3,PROMO_1,0
4442,2023-02-06,49.0,F,PK,standard,19.59,referral,web,2,56.6,PROMO_1,0
4443,2021-11-11,41.0,F,NZ,standard,20.29,organic,android,2,43.2,PROMO_3,0
4444,2022-09-25,44.0,F,PK,basic,9.42,paid_search,ios,1,70.3,PROMO_9,0
4445,2021-08-28,22.0,F,AE,basic,9.4,social,android,1,60.0,PROMO_11,0
4446,2022-11-14,31.0,F,AE,standard,17.8,paid_search,android,2,49.7,PROMO_1,1
4447,2023-04-13,18.0,M,CA,standard,19.45,social,android,2,66.9,PROMO_1,0
4448,2023-09-22,35.0,M,US,basic,7.92,partner,android,1,42.3,PROMO_1,0
4449,2022-05-12,18.0,M,AE,basic,10.12,referral,web,4,51.8,PROMO_2,0
4450,2021-01-18,52.0,F,AE,basic,7.99,referral,ios,2,63.4,PROMO_50,1
4451,2021-03-13,54.0,M,US,basic,8.75,referral,android,1,31.7,PROMO_1,0
4452,2023-06-27,39.0,F,IN,basic,8.05,referral,ios,1,83.3,PROMO_1,0
4453,2022-08-21,20.0,F,PK,basic,8.47,social,android,1,41.2,PROMO_1,0
4454,2021-10-11,41.0,M,PK,standard,19.02,organic,ios,1,43.2,PROMO_1,0
4455,2022-02-16,57.0,F,AE,premium,37.35,referral,ios,0,50.3,PROMO_150,0
4456,2024-03-10,42.0,M,PK,standard,20.74,organic,android,0,61.1,PROMO_9,0
4457,2022-03-18,50.0,M,CA,standard,19.34,social,ios,1,62.5,PROMO_1,0
4458,2024-04-18,32.0,F,US,standard,18.3,organic,android,1,72.5,PROMO_2,0
4459,2024-01-02,27.0,M,US,basic,8.9,paid_search,web,2,49.0,PROMO_1,0
4460,2021-12-21,36.0,F,AE,standard,20.85,paid_search,ios,2,55.0,PROMO_44,0
4461,2024-01-21,18.0,Other,IN,basic,9.65,social,android,0,26.9,PROMO_4,0
4462,2023-03-01,,M,AE,standard,17.27,referral,android,2,33.9,PROMO_2,0
4463,2022-03-21,39.0,F,PK,basic,8.51,organic,android,1,48.6,PROMO_1,1
4464,2021-12-19,47.0,F,US,premium,40.48,organic,web,1,55.4,PROMO_3,1
4465,2022-10-04,32.0,F,DE,premium,40.1,partner,web,2,49.3,PROMO_1,0
4466,2024-02-02,,M,IN,basic,8.24,organic,web,0,57.9,PROMO_2,0
4467,2021-06-04,53.0,F,AE,basic,9.54,social,ios,1,49.1,PROMO_36,0
4468,2020-11-08,,M,UK,basic,8.36,referral,web,0,46.5,PROMO_15,0
4469,2021-01-31,41.0,F,US,standard,20.98,social,android,1,86.0,PROMO_1,0
4470,2021-08-13,42.0,Other,US,standard,19.8,organic,ios,1,46.1,PROMO_3,0
4471,2022-12-03,38.0,F,US,basic,8.19,social,android,2,65.2,PROMO_4,0
4472,2021-02-17,28.0,M,PK,standard,18.2,partner,web,1,30.4,PROMO_1,1
4473,2022-08-07,35.0,M,PK,basic,8.61,paid_search,web,0,51.8,PROMO_20,0
4474,2023-12-05,27.0,F,AE,basic,9.12,social,ios,3,39.9,PROMO_2,0
4475,2021-03-25,46.0,F,UK,basic,8.85,organic,ios,2,79.7,PROMO_1,0
4476,2023-03-27,43.0,M,PK,standard,17.26,partner,web,0,41.6,PROMO_1,0
4477,2020-11-23,37.0,M,IN,basic,8.0,organic,android,1,49.5,PROMO_1,0
4478,2023-01-19,31.0,M,PK,basic,9.4,paid_search,ios,1,37.6,PROMO_1,0
4479,2021-02-27,60.0,F,DE,basic,9.21,organic,ios,1,36.7,PROMO_1,0
4480,2022-05-31,23.0,M,CA,premium,39.33,partner,ios,0,48.9,PROMO_9,0
4481,2022-09-04,20.0,M,CA,standard,19.41,social,ios,0,55.4,PROMO_1,0
4482,2023-04-28,,M,CA,premium,37.07,organic,android,1,65.9,PROMO_16,0
4483,2021-04-14,34.0,F,CA,standard,19.28,organic,android,2,41.3,PROMO_11,0
4484,2024-03-19,49.0,F,US,standard,22.86,referral,web,2,41.1,PROMO_139,0
4485,2022-09-02,44.0,Other,AE,basic,9.85,organic,ios,2,69.3,PROMO_2,0
4486,2023-01-18,37.0,M,IN,standard,18.56,social,ios,0,73.9,PROMO_1,0
4487,2022-05-23,43.0,M,US,basic,8.62,social,android,0,48.7,PROMO_1,1
4488,2023-06-25,42.0,M,AE,basic,6.94,referral,android,0,57.0,PROMO_1,0
4489,2021-12-06,60.0,F,PK,basic,9.77,social,android,1,75.0,PROMO_1,1
4490,2022-12-26,40.0,M,UK,basic,9.57,referral,android,4,89.7,PROMO_1,0
4491,2023-09-25,30.0,M,PK,premium,37.3,organic,android,0,56.3,PROMO_4,0
4492,2023-09-13,39.0,M,AE,premium,34.53,paid_search,,1,61.3,PROMO_1,0
4493,2021-10-23,18.0,M,US,standard,17.24,organic,android,1,52.0,PROMO_2,0
4494,2023-06-15,37.0,M,PK,basic,9.32,paid_search,android,1,27.8,PROMO_134,0
4495,2023-04-13,49.0,F,US,premium,38.72,social,ios,2,55.2,PROMO_1,0
4496,2022-01-27,44.0,M,DE,standard,20.05,social,ios,2,70.6,PROMO_1,0
4497,2023-03-13,40.0,M,IN,basic,9.06,partner,ios,2,38.7,PROMO_26,0
4498,2022-12-23,,F,PK,standard,20.47,partner,web,0,22.2,PROMO_3,0
4499,2023-07-09,49.0,Other,PK,standard,19.56,paid_search,ios,2,58.9,PROMO_4,0
4500,2023-02-20,53.0,F,DE,basic,9.6,social,web,0,23.7,PROMO_1,0
4501,2021-10-28,42.0,F,UK,standard,15.82,social,android,1,26.4,PROMO_1,0
4502,2022-06-05,34.0,Other,US,standard,17.12,partner,android,0,25.5,PROMO_3,0
4503,2020-09-03,18.0,M,AE,basic,8.74,organic,android,1,20.0,PROMO_1,0
4504,2021-07-11,48.0,M,IN,basic,9.78,social,web,2,65.9,PROMO_1,0
4505,2024-05-18,43.0,M,PK,standard,21.86,paid_search,web,0,52.1,PROMO_2,0
4506,2023-01-05,39.0,M,US,standard,18.75,paid_search,android,0,80.9,PROMO_5,0
4507,2023-05-08,29.0,F,PK,premium,37.09,social,web,2,61.0,PROMO_12,0
4508,2022-03-23,48.0,M,IN,standard,16.03,organic,android,2,80.9,PROMO_2,0
4509,2023-06-10,34.0,M,CA,standard,20.31,organic,ios,1,40.3,PROMO_1,0
4510,2020-10-16,37.0,M,UK,standard,18.16,referral,android,2,55.4,PROMO_4,0
4511,2023-04-24,36.0,M,NZ,standard,23.5,organic,ios,1,30.9,PROMO_1,0
4512,2022-06-21,42.0,F,PK,standard,17.88,paid_search,android,2,45.8,PROMO_97,0
4513,2023-12-24,24.0,F,DE,basic,10.52,social,ios,2,71.5,PROMO_150,0
4514,2021-01-02,43.0,M,DE,standard,20.14,social,android,0,49.4,PROMO_24,0
4515,2020-12-30,29.0,M,CA,standard,17.44,social,ios,1,46.5,PROMO_2,0
4516,2021-06-11,29.0,F,AE,standard,19.35,partner,android,0,49.7,PROMO_7,0
4517,2023-02-11,47.0,F,PK,premium,41.41,paid_search,ios,0,52.2,PROMO_1,0
4518,2024-03-21,26.0,F,PK,standard,18.66,organic,android,1,52.2,PROMO_5,0
4519,2021-10-03,47.0,M,PK,basic,9.6,organic,android,2,70.0,PROMO_1,0
4520,2022-10-27,38.0,F,IN,basic,9.59,paid_search,ios,0,39.2,PROMO_1,0
4521,2020-09-13,19.0,M,US,basic,9.43,paid_search,android,1,46.9,PROMO_30,0
4522,2021-10-21,52.0,M,UK,basic,8.99,partner,android,0,51.5,PROMO_4,0
4523,2022-05-29,40.0,F,PK,basic,8.15,paid_search,android,0,36.4,PROMO_9,0
4524,2020-09-18,41.0,M,US,basic,8.94,paid_search,ios,0,43.3,PROMO_5,0
4525,2021-06-02,48.0,M,US,basic,9.13,referral,ios,1,61.5,PROMO_2,0
4526,2022-09-17,53.0,F,UK,basic,7.65,referral,android,4,37.6,PROMO_5,0
4527,2024-05-15,39.0,F,US,standard,19.26,social,android,0,91.6,PROMO_1,0
4528,2024-02-03,44.0,F,PK,standard,18.85,paid_search,ios,0,74.5,PROMO_2,0
4529,2022-10-07,41.0,M,PK,basic,8.07,organic,web,2,52.7,PROMO_1,0
4530,2022-04-27,33.0,M,IN,basic,8.76,social,android,1,58.6,PROMO_7,0
4531,2024-04-30,20.0,M,AE,basic,8.78,organic,android,1,61.6,PROMO_15,0
4532,2023-12-19,39.0,Other,AE,basic,10.39,paid_search,ios,0,58.4,PROMO_1,0
4533,2021-10-13,52.0,M,IN,basic,9.16,referral,android,3,51.4,PROMO_3,1
4534,2021-08-08,43.0,F,UK,basic,9.75,paid_search,android,1,91.3,PROMO_1,0
4535,2024-04-30,25.0,F,AE,basic,8.92,organic,android,0,39.2,PROMO_1,0
4536,2022-07-11,49.0,M,UK,premium,33.15,organic,web,1,44.2,PROMO_20,0
4537,2024-02-20,34.0,M,PK,standard,20.02,referral,ios,1,51.1,PROMO_150,0
4538,2021-09-16,18.0,M,US,standard,18.0,organic,android,1,59.7,PROMO_1,0
4539,2021-04-16,48.0,M,IN,basic,8.76,paid_search,android,1,80.2,PROMO_2,0
4540,2021-02-27,27.0,F,US,basic,8.24,referral,android,2,50.0,PROMO_1,0
4541,2022-03-08,57.0,F,PK,premium,39.23,organic,android,0,58.7,PROMO_150,0
4542,2022-01-25,50.0,M,CA,basic,9.77,social,web,1,55.8,PROMO_1,1
4543,2020-12-10,34.0,M,PK,standard,20.42,organic,android,0,48.8,PROMO_2,0
4544,2022-02-16,42.0,M,AE,premium,43.95,social,ios,0,68.6,PROMO_3,0
4545,2022-10-04,,F,DE,standard,21.63,organic,web,0,56.4,PROMO_1,0
4546,2021-08-04,48.0,M,US,basic,7.53,organic,android,1,64.8,PROMO_3,0
4547,2022-03-18,40.0,F,PK,standard,17.19,organic,android,1,45.6,PROMO_25,0
4548,2021-04-05,69.0,F,US,basic,7.7,referral,android,0,41.9,PROMO_16,0
4549,2022-06-17,38.0,M,DE,basic,9.45,paid_search,ios,4,44.9,PROMO_3,0
4550,2021-02-27,43.0,Other,IN,basic,8.5,referral,android,1,54.5,PROMO_92,0
4551,2024-04-10,27.0,M,CA,premium,37.47,social,ios,1,66.8,PROMO_4,0
4552,2024-04-21,19.0,F,PK,standard,18.67,referral,android,0,81.5,PROMO_1,0
4553,2024-01-26,34.0,F,PK,basic,9.28,social,android,3,52.6,PROMO_2,1
4554,2022-05-05,37.0,M,AE,basic,7.93,paid_search,android,2,77.9,PROMO_1,0
4555,2021-10-06,41.0,M,DE,standard,17.09,social,android,1,59.4,PROMO_6,0
4556,2023-08-17,21.0,M,PK,premium,39.0,organic,ios,1,40.0,PROMO_85,0
4557,2023-11-09,44.0,F,PK,basic,9.86,partner,web,0,51.8,PROMO_2,0
4558,2021-03-11,,M,PK,basic,8.98,partner,web,2,61.5,PROMO_1,0
4559,2021-08-10,44.0,F,US,premium,36.53,organic,ios,3,62.7,PROMO_9,0
4560,2021-12-29,47.0,F,AE,premium,32.3,partner,android,0,42.8,PROMO_14,0
4561,2022-08-07,33.0,M,IN,premium,41.97,organic,,2,44.7,PROMO_150,0
4562,2022-11-09,26.0,F,PK,basic,8.47,social,android,1,45.0,PROMO_1,0
4563,2024-05-13,54.0,M,UK,basic,8.17,referral,web,1,47.0,PROMO_2,0
4564,2023-09-25,47.0,M,US,basic,7.76,organic,ios,1,54.6,PROMO_4,0
4565,2021-01-20,39.0,F,US,basic,7.96,organic,android,0,78.3,PROMO_1,0
4566,2023-03-01,53.0,F,PK,premium,36.0,referral,ios,1,43.7,PROMO_1,0
4567,2021-10-12,38.0,M,PK,basic,8.83,paid_search,android,0,25.4,PROMO_4,0
4568,2021-10-13,30.0,M,PK,standard,17.16,paid_search,ios,1,24.4,PROMO_10,0
4569,2023-04-10,26.0,M,DE,premium,39.58,referral,android,2,62.3,PROMO_1,0
4570,2023-09-02,36.0,F,AE,premium,38.23,organic,web,0,41.8,PROMO_20,0
4571,2021-10-30,45.0,M,AE,standard,22.38,organic,web,1,54.0,PROMO_3,0
4572,2024-02-02,52.0,M,UK,premium,33.68,partner,android,0,39.4,PROMO_1,1
4573,2022-07-29,37.0,F,US,basic,9.12,social,,2,47.8,PROMO_3,0
4574,2021-02-01,50.0,F,PK,basic,9.13,social,android,0,45.1,PROMO_1,0
4575,2021-10-03,35.0,M,PK,basic,8.26,paid_search,web,2,39.7,PROMO_2,0
4576,2021-07-22,28.0,F,PK,premium,39.3,partner,ios,2,68.5,PROMO_5,0
4577,2024-02-17,23.0,F,PK,premium,41.4,organic,web,4,69.6,PROMO_1,0
4578,2023-09-09,31.0,Other,SE,basic,9.07,organic,web,2,59.6,PROMO_6,1
4579,2023-05-28,23.0,F,SE,basic,10.0,paid_search,android,2,80.7,PROMO_1,1
4580,2023-05-04,59.0,M,DE,basic,7.43,social,android,1,30.3,PROMO_40,0
4581,2023-09-17,42.0,M,AE,basic,8.39,organic,,2,46.8,PROMO_3,1
4582,2020-10-08,36.0,M,AE,standard,21.24,paid_search,,2,44.8,PROMO_2,0
4583,2023-10-27,56.0,F,AE,basic,9.66,paid_search,android,2,60.6,PROMO_1,0
4584,2021-10-07,23.0,F,AE,standard,19.82,social,ios,0,31.1,PROMO_24,0
4585,2022-03-24,35.0,M,PK,standard,20.87,organic,ios,1,60.0,PROMO_1,0
4586,2022-02-19,59.0,M,SE,basic,7.62,social,ios,3,28.4,PROMO_1,0
4587,2023-08-19,35.0,F,DE,basic,9.57,paid_search,android,2,61.2,PROMO_3,0
4588,2023-04-13,64.0,F,PK,premium,42.32,paid_search,android,0,67.3,PROMO_1,0
4589,2022-02-25,46.0,M,UK,standard,18.0,organic,android,1,33.0,PROMO_41,0
4590,2023-04-25,51.0,F,CA,basic,10.89,partner,ios,1,44.5,PROMO_3,0
4591,2021-10-27,52.0,M,IN,basic,9.14,social,ios,2,67.9,PROMO_1,0
4592,2024-04-17,37.0,M,US,premium,32.16,organic,ios,1,70.9,PROMO_2,0
4593,2024-03-02,32.0,F,US,standard,19.58,paid_search,web,0,28.6,PROMO_1,0
4594,2021-09-09,36.0,M,US,standard,17.91,organic,web,1,55.6,PROMO_1,0
4595,2022-02-10,26.0,M,US,standard,20.77,paid_search,android,0,59.8,PROMO_2,0
4596,2024-04-12,,M,PK,premium,40.71,social,ios,1,49.9,PROMO_4,0
4597,2021-01-17,37.0,Other,PK,basic,8.57,organic,android,1,71.5,PROMO_1,0
4598,2024-06-04,56.0,F,US,standard,21.28,partner,ios,2,41.8,PROMO_1,0
4599,2020-10-31,44.0,M,US,basic,9.68,paid_search,android,1,43.8,PROMO_1,0
4600,2021-09-08,63.0,F,DE,standard,17.74,organic,android,0,40.1,PROMO_2,0
4601,2020-09-16,18.0,F,UK,premium,38.53,organic,,3,53.7,PROMO_1,0
4602,2020-11-09,24.0,M,US,premium,40.61,organic,ios,0,46.0,PROMO_5,0
4603,2023-04-05,33.0,F,US,standard,18.45,referral,android,1,63.1,PROMO_2,0
4604,2021-08-02,53.0,M,CA,standard,18.49,paid_search,web,2,44.8,PROMO_1,0
4605,2023-08-24,36.0,F,US,premium,39.11,referral,android,1,47.5,PROMO_11,0
4606,2022-08-30,21.0,F,UK,premium,35.67,organic,android,2,53.8,PROMO_1,0
4607,2023-07-15,34.0,M,PK,standard,15.61,paid_search,android,1,38.3,PROMO_25,1
4608,2022-08-10,24.0,F,PK,basic,9.17,paid_search,ios,3,66.0,PROMO_1,0
4609,2021-02-23,22.0,F,IN,basic,7.57,paid_search,ios,1,61.1,PROMO_1,0
4610,2022-10-18,59.0,F,PK,premium,35.9,organic,ios,1,60.6,PROMO_2,1
4611,2024-02-04,33.0,M,US,standard,16.31,organic,ios,1,35.5,PROMO_1,0
4612,2023-03-20,39.0,M,PK,standard,16.49,partner,ios,2,74.0,PROMO_1,0
4613,2021-06-21,36.0,M,UK,standard,19.65,social,android,0,23.0,PROMO_3,0
4614,2022-06-22,34.0,M,DE,basic,8.84,organic,android,0,61.9,PROMO_4,0
4615,2022-04-29,28.0,M,AE,basic,8.81,referral,,2,52.9,PROMO_9,0
4616,2022-10-25,34.0,F,IN,standard,17.0,paid_search,ios,1,60.8,PROMO_150,0
4617,2023-05-03,41.0,F,PK,basic,8.53,referral,web,3,47.6,PROMO_23,0
4618,2022-03-08,53.0,M,US,standard,19.57,partner,android,1,52.1,PROMO_3,0
4619,2022-01-19,47.0,F,SE,standard,18.92,organic,android,2,61.3,PROMO_2,0
4620,2021-01-18,24.0,M,US,standard,20.25,partner,ios,0,50.8,PROMO_1,0
4621,2022-02-09,48.0,F,CA,basic,9.69,organic,android,2,54.1,PROMO_150,1
4622,2020-09-06,42.0,M,AE,standard,18.62,organic,ios,4,54.6,PROMO_2,0
4623,2021-04-27,30.0,F,PK,basic,7.67,social,ios,0,83.8,PROMO_3,0
4624,2024-02-23,39.0,M,SE,basic,8.46,social,android,2,26.9,PROMO_1,0
4625,2022-12-17,43.0,M,US,basic,8.93,organic,android,1,70.3,PROMO_1,0
4626,2022-12-28,38.0,F,AE,basic,8.44,organic,,0,57.6,PROMO_1,0
4627,2024-06-06,42.0,F,PK,premium,35.71,organic,android,2,55.8,PROMO_1,0
4628,2023-10-05,28.0,M,UK,premium,39.22,paid_search,android,2,31.8,PROMO_1,0
4629,2021-07-25,59.0,F,UK,basic,10.75,paid_search,android,1,68.1,PROMO_1,1
4630,2023-02-11,,F,PK,standard,18.26,organic,ios,1,33.8,PROMO_7,0
4631,2023-11-19,43.0,M,NZ,standard,19.0,partner,ios,2,72.9,PROMO_1,0
4632,2023-05-11,41.0,F,PK,standard,17.01,referral,ios,0,42.7,PROMO_1,1
4633,2023-05-28,44.0,F,US,premium,42.88,partner,,1,72.9,PROMO_3,0
4634,2023-10-14,29.0,F,PK,standard,20.33,organic,ios,1,40.2,PROMO_3,0
4635,2024-01-23,50.0,F,AE,basic,9.58,organic,android,1,36.8,PROMO_1,0
4636,2021-07-22,36.0,M,US,basic,9.98,paid_search,android,2,49.4,PROMO_1,0
4637,2021-04-30,24.0,F,UK,basic,8.69,social,android,3,39.7,PROMO_150,1
4638,2022-07-27,25.0,F,AE,premium,38.06,social,ios,1,47.3,PROMO_2,1
4639,2022-02-12,38.0,M,DE,standard,21.6,organic,ios,1,76.1,PROMO_2,0
4640,2020-12-20,19.0,M,SE,basic,9.46,referral,web,1,42.5,PROMO_12,0
4641,2021-04-05,57.0,F,IN,basic,7.4,paid_search,ios,1,53.4,PROMO_3,0
4642,2024-04-27,49.0,M,US,premium,40.42,paid_search,ios,0,74.7,PROMO_1,0
4643,2020-11-03,57.0,M,DE,basic,8.58,paid_search,web,4,54.4,PROMO_18,0
4644,2024-03-10,56.0,F,PK,standard,20.37,organic,android,5,67.7,PROMO_8,0
4645,2024-05-05,33.0,F,PK,standard,19.62,organic,ios,0,59.1,PROMO_1,0
4646,2022-12-02,27.0,M,US,basic,7.75,partner,ios,0,65.8,PROMO_2,0
4647,2021-08-16,18.0,F,US,basic,9.19,social,ios,3,49.8,PROMO_1,0
4648,2024-02-21,33.0,F,UK,basic,9.15,organic,,1,59.5,PROMO_4,0
4649,2023-05-03,56.0,M,US,basic,9.26,organic,ios,3,77.9,PROMO_22,0
4650,2023-06-14,28.0,F,AE,standard,19.87,organic,web,1,45.8,PROMO_1,0
4651,2022-12-10,35.0,F,SE,standard,21.27,partner,,0,57.1,PROMO_23,0
4652,2020-09-19,31.0,F,PK,basic,9.3,referral,web,1,40.6,PROMO_3,0
4653,2023-03-11,41.0,M,US,standard,19.03,paid_search,android,1,66.3,PROMO_8,0
4654,2023-08-27,51.0,M,PK,basic,9.83,partner,android,1,25.7,PROMO_3,0
4655,2023-12-25,20.0,F,PK,basic,10.61,paid_search,android,4,46.3,PROMO_68,0
4656,2023-09-11,22.0,F,NZ,standard,20.39,referral,ios,3,65.9,PROMO_1,1
4657,2023-12-10,53.0,Other,PK,standard,19.31,paid_search,android,2,48.5,PROMO_2,0
4658,2022-04-11,45.0,M,PK,standard,19.66,referral,android,1,23.9,PROMO_1,0
4659,2022-11-08,34.0,M,US,basic,9.18,partner,ios,2,39.2,PROMO_2,0
4660,2022-07-24,56.0,F,PK,standard,19.03,paid_search,ios,0,40.5,PROMO_3,0
4661,2021-04-19,22.0,F,UK,basic,10.56,organic,android,1,74.4,PROMO_18,0
4662,2022-04-01,47.0,F,NZ,premium,36.66,organic,ios,1,62.6,PROMO_1,0
4663,2023-11-09,36.0,M,DE,standard,20.76,organic,web,3,64.2,PROMO_19,0
4664,2023-01-08,44.0,M,US,premium,38.61,organic,ios,1,32.3,PROMO_5,0
4665,2023-04-06,18.0,F,AE,basic,7.93,paid_search,ios,2,50.8,PROMO_2,0
4666,2021-04-27,,M,IN,basic,8.86,paid_search,web,0,74.1,PROMO_1,0
4667,2023-04-14,45.0,M,PK,standard,18.17,organic,web,1,64.2,PROMO_2,0
4668,2023-12-02,36.0,M,DE,basic,9.42,partner,,2,43.1,PROMO_1,0
4669,2021-08-30,51.0,F,AE,standard,19.14,organic,android,2,62.5,PROMO_2,0
4670,2022-10-28,50.0,F,DE,standard,17.45,organic,android,2,31.5,PROMO_1,0
4671,2024-01-30,26.0,M,PK,premium,43.59,organic,ios,0,37.9,PROMO_1,0
4672,2021-11-02,46.0,F,DE,basic,9.78,partner,web,2,22.5,PROMO_14,1
4673,2023-08-25,26.0,F,CA,premium,43.95,paid_search,android,1,49.1,PROMO_1,0
4674,2021-02-28,38.0,F,AE,basic,9.17,organic,ios,1,60.2,PROMO_2,0
4675,2021-04-19,44.0,M,PK,basic,8.97,organic,android,2,36.3,PROMO_2,0
4676,2023-01-17,28.0,F,PK,standard,20.07,paid_search,ios,3,49.4,PROMO_12,0
4677,2022-05-06,46.0,M,DE,basic,8.58,partner,,4,38.1,PROMO_1,0
4678,2022-04-19,31.0,M,AE,premium,39.41,paid_search,ios,2,41.9,PROMO_2,0
4679,2021-12-22,31.0,M,NZ,premium,38.45,paid_search,web,1,35.0,PROMO_1,0
4680,2024-03-07,45.0,Other,US,premium,34.44,paid_search,ios,5,69.4,PROMO_1,1
4681,2023-03-20,28.0,M,PK,premium,39.4,organic,ios,1,40.4,PROMO_1,0
4682,2023-10-19,27.0,M,DE,standard,18.33,paid_search,web,1,47.0,PROMO_1,0
4683,2021-10-22,48.0,M,DE,basic,8.83,paid_search,ios,3,42.9,PROMO_2,0
4684,2024-03-07,38.0,M,UK,premium,40.14,social,web,1,55.5,PROMO_4,0
4685,2022-06-28,21.0,M,DE,basic,9.92,organic,android,2,88.1,PROMO_5,0
4686,2021-09-10,46.0,F,US,standard,17.71,organic,android,2,92.5,PROMO_27,0
4687,2020-11-10,33.0,M,PK,basic,8.76,social,android,2,47.5,PROMO_9,0
4688,2023-05-10,22.0,M,PK,standard,17.84,social,web,2,57.0,PROMO_1,0
4689,2024-05-30,18.0,M,PK,basic,8.4,paid_search,android,1,65.2,PROMO_1,1
4690,2021-09-16,47.0,F,AE,basic,8.57,referral,web,1,69.6,PROMO_3,0
4691,2024-06-08,28.0,F,PK,basic,8.86,referral,ios,1,60.3,PROMO_7,0
4692,2024-03-11,23.0,M,IN,basic,9.42,partner,ios,0,67.4,PROMO_11,0
4693,2020-09-13,44.0,M,PK,basic,9.23,paid_search,ios,0,57.0,PROMO_1,0
4694,2021-03-08,46.0,F,AE,basic,8.24,partner,android,1,41.3,PROMO_2,0
4695,2021-10-08,28.0,M,UK,basic,9.93,social,android,1,67.3,PROMO_6,0
4696,2021-04-14,47.0,M,PK,standard,20.44,social,ios,2,52.9,PROMO_1,0
4697,2024-02-28,60.0,F,UK,basic,8.35,social,web,3,55.8,PROMO_5,0
4698,2024-02-09,52.0,M,SE,standard,20.86,organic,android,3,30.5,PROMO_8,0
4699,2023-04-22,50.0,F,IN,basic,9.24,social,android,1,39.2,PROMO_1,0
4700,2024-05-09,40.0,M,PK,standard,18.76,referral,web,1,45.0,PROMO_1,1
4701,2021-02-01,32.0,F,UK,basic,9.26,partner,android,1,58.7,PROMO_6,0
4702,2024-03-25,36.0,F,PK,standard,18.96,paid_search,android,1,77.7,PROMO_3,0
4703,2022-05-22,42.0,Other,US,standard,19.83,partner,,1,62.5,PROMO_2,0
4704,2021-03-20,23.0,F,US,standard,19.28,organic,ios,0,48.1,PROMO_1,0
4705,2021-08-31,29.0,M,IN,basic,8.76,partner,android,4,36.0,PROMO_1,1
4706,2023-07-23,21.0,M,AE,standard,15.92,social,web,1,69.5,PROMO_1,0
4707,2022-08-31,40.0,F,PK,basic,9.38,social,ios,0,55.6,PROMO_1,0
4708,2022-05-16,38.0,M,NZ,basic,8.73,social,android,1,2.8,PROMO_1,0
4709,2021-07-17,30.0,F,AE,basic,9.56,partner,ios,1,66.4,PROMO_1,0
4710,2022-10-31,46.0,M,PK,standard,19.73,organic,web,2,56.4,PROMO_1,0
4711,2023-05-14,,M,CA,basic,8.75,paid_search,ios,1,18.5,PROMO_1,0
4712,2021-06-09,29.0,M,UK,standard,20.55,referral,ios,0,60.1,PROMO_3,0
4713,2021-02-03,46.0,F,US,basic,9.15,organic,android,1,52.0,PROMO_1,0
4714,2022-08-06,47.0,M,PK,basic,9.12,social,android,2,31.0,PROMO_3,1
4715,2024-05-03,28.0,Other,PK,basic,8.9,paid_search,ios,3,81.4,PROMO_1,0
4716,2022-07-21,40.0,F,PK,basic,10.21,referral,android,3,57.4,PROMO_1,0
4717,2021-01-30,28.0,M,CA,standard,17.92,partner,web,3,43.5,PROMO_60,1
4718,2020-09-15,35.0,F,PK,standard,18.51,organic,android,0,39.0,PROMO_1,0
4719,2022-12-05,39.0,F,US,standard,17.12,social,android,0,47.9,PROMO_150,0
4720,2023-11-16,43.0,F,SE,basic,9.52,paid_search,android,1,48.4,PROMO_2,0
4721,2022-04-13,40.0,F,NZ,basic,8.58,social,web,2,59.4,PROMO_8,0
4722,2021-04-21,40.0,M,CA,premium,37.53,organic,ios,0,47.2,PROMO_7,0
4723,2020-11-14,25.0,F,CA,basic,8.63,organic,android,0,44.5,PROMO_118,0
4724,2024-03-31,41.0,F,IN,basic,9.05,paid_search,ios,1,53.1,PROMO_10,1
4725,2023-05-07,43.0,F,CA,premium,35.1,organic,ios,0,44.2,PROMO_1,0
4726,2022-08-21,45.0,F,US,basic,7.38,social,web,0,49.0,PROMO_1,0
4727,2024-01-27,29.0,M,PK,basic,9.33,organic,android,0,71.5,PROMO_4,0
4728,2021-02-03,47.0,M,PK,basic,7.48,partner,android,3,43.5,PROMO_1,0
4729,2024-01-08,23.0,F,US,standard,20.3,referral,web,2,48.1,PROMO_1,0
4730,2021-12-06,32.0,F,PK,basic,10.12,social,ios,1,38.5,PROMO_150,0
4731,2020-12-21,34.0,F,US,standard,18.75,referral,ios,2,66.6,PROMO_13,0
4732,2021-11-08,,M,PK,basic,9.94,partner,android,2,24.7,PROMO_2,1
4733,2021-07-23,34.0,F,UK,basic,8.98,referral,,1,37.5,PROMO_150,1
4734,2023-06-13,39.0,M,US,basic,10.15,social,web,1,60.7,PROMO_1,0
4735,2021-04-26,18.0,M,PK,standard,18.31,paid_search,android,1,47.7,PROMO_7,0
4736,2022-11-11,33.0,F,AE,basic,7.3,referral,android,2,63.2,PROMO_1,0
4737,2024-03-18,,F,PK,standard,18.88,social,android,4,47.1,PROMO_5,0
4738,2023-01-22,59.0,F,US,basic,10.23,paid_search,android,1,39.9,PROMO_5,0
4739,2023-02-14,39.0,F,PK,basic,9.39,paid_search,ios,1,48.2,PROMO_2,0
4740,2022-06-22,38.0,F,AE,basic,8.63,organic,android,1,30.6,PROMO_27,0
4741,2023-06-11,40.0,M,IN,standard,19.5,referral,ios,0,37.6,PROMO_1,0
4742,2022-09-12,44.0,F,PK,basic,9.7,referral,android,0,63.7,PROMO_1,0
4743,2022-10-29,48.0,F,CA,standard,18.87,organic,android,1,46.1,PROMO_1,0
4744,2023-03-17,20.0,M,IN,premium,47.19,organic,web,2,49.5,PROMO_1,0
4745,2021-10-24,51.0,M,SE,standard,18.21,partner,android,0,51.9,PROMO_3,0
4746,2023-04-16,51.0,F,CA,standard,20.52,organic,web,3,26.5,PROMO_1,0
4747,2021-07-20,36.0,M,UK,standard,20.16,social,ios,1,26.6,PROMO_1,0
4748,2023-06-30,36.0,F,PK,standard,17.94,paid_search,android,1,55.7,PROMO_9,0
4749,2021-03-05,18.0,M,PK,basic,8.69,paid_search,ios,0,43.8,PROMO_1,0
4750,2023-01-24,23.0,M,PK,standard,20.55,organic,web,2,46.7,PROMO_3,0
4751,2024-04-15,43.0,F,US,premium,39.45,organic,web,0,59.2,PROMO_19,1
4752,2023-11-17,50.0,F,SE,basic,9.24,social,android,2,36.0,PROMO_1,1
4753,2021-05-25,45.0,F,PK,premium,33.9,paid_search,android,1,41.5,PROMO_1,0
4754,2021-02-23,36.0,M,UK,standard,20.0,referral,ios,1,44.7,PROMO_43,0
4755,2023-08-23,58.0,F,NZ,basic,9.21,partner,android,2,55.0,PROMO_3,0
4756,2022-03-03,48.0,M,PK,premium,38.8,referral,android,2,44.6,PROMO_5,0
4757,2022-04-10,33.0,F,PK,basic,9.26,paid_search,web,1,40.5,PROMO_150,1
4758,2023-12-09,61.0,M,PK,basic,8.71,paid_search,ios,0,75.4,PROMO_1,0
4759,2022-09-26,25.0,F,PK,basic,8.57,organic,ios,1,50.6,PROMO_5,0
4760,2021-10-27,21.0,M,US,standard,18.63,social,ios,0,59.8,PROMO_15,0
4761,2020-10-15,32.0,F,US,basic,8.67,paid_search,android,1,22.9,PROMO_2,0
4762,2021-03-29,29.0,F,UK,premium,45.8,referral,android,0,30.7,PROMO_4,0
4763,2024-01-27,33.0,F,PK,basic,9.66,social,ios,1,58.8,PROMO_1,0
4764,2023-07-19,46.0,M,AE,basic,8.3,organic,android,0,46.4,PROMO_16,0
4765,2022-10-17,,F,PK,standard,22.1,paid_search,ios,3,44.2,PROMO_2,0
4766,2023-11-16,,F,US,basic,8.69,social,android,2,35.7,PROMO_1,1
4767,2022-04-15,38.0,F,PK,standard,19.04,referral,android,1,64.6,PROMO_1,0
4768,2024-05-30,18.0,F,CA,basic,9.65,paid_search,android,2,59.8,PROMO_10,0
4769,2024-01-06,20.0,M,AE,premium,32.85,social,android,1,49.0,PROMO_2,0
4770,2024-04-06,33.0,F,PK,standard,18.64,organic,web,1,53.7,PROMO_1,0
4771,2023-04-30,28.0,M,AE,basic,8.59,partner,ios,0,45.4,PROMO_18,0
4772,2021-07-25,34.0,M,US,basic,9.15,social,web,1,39.7,PROMO_2,0
4773,2023-10-10,52.0,M,CA,basic,9.27,referral,web,0,42.2,PROMO_1,0
4774,2020-09-17,36.0,F,NZ,premium,38.76,paid_search,ios,0,61.5,PROMO_150,0
4775,2023-06-05,22.0,M,PK,standard,18.81,partner,android,4,44.1,PROMO_16,0
4776,2024-04-10,28.0,M,US,basic,9.77,social,ios,1,50.9,PROMO_11,0
4777,2023-03-06,56.0,F,PK,basic,9.22,organic,android,0,43.6,PROMO_2,0
4778,2021-08-13,54.0,F,DE,premium,39.13,social,web,3,64.1,PROMO_1,1
4779,2024-01-15,44.0,F,PK,basic,9.11,organic,web,1,40.2,PROMO_1,0
4780,2024-03-03,20.0,F,UK,standard,21.79,referral,ios,2,72.9,PROMO_1,0
4781,2021-03-26,40.0,F,IN,standard,19.26,referral,android,1,41.4,PROMO_1,0
4782,2022-03-16,41.0,F,US,basic,8.63,paid_search,android,1,41.4,PROMO_2,0
4783,2023-02-23,37.0,M,CA,standard,16.1,paid_search,android,1,80.1,PROMO_5,0
4784,2021-08-02,31.0,F,PK,basic,7.97,referral,android,0,34.0,PROMO_1,0
4785,2021-04-02,33.0,F,IN,basic,8.66,referral,web,0,49.4,PROMO_1,0
4786,2023-02-01,30.0,M,CA,premium,38.66,paid_search,android,0,65.2,PROMO_11,0
4787,2022-04-28,24.0,F,US,standard,18.16,social,web,0,26.8,PROMO_4,0
4788,2024-05-26,52.0,F,PK,standard,19.53,organic,ios,0,53.9,PROMO_1,0
4789,2023-04-15,47.0,F,UK,standard,18.14,paid_search,android,1,26.9,PROMO_1,0
4790,2022-03-12,34.0,F,AE,basic,8.34,partner,android,3,50.5,PROMO_4,0
4791,2023-09-13,41.0,M,PK,standard,19.93,social,android,0,80.5,PROMO_1,0
4792,2020-09-12,41.0,F,IN,standard,21.08,organic,ios,0,14.7,PROMO_1,0
4793,2020-10-09,63.0,M,DE,basic,8.2,paid_search,ios,0,48.9,PROMO_1,0
4794,2023-06-21,47.0,M,SE,basic,9.18,paid_search,android,2,43.2,PROMO_1,0
4795,2022-12-12,46.0,F,PK,standard,16.1,organic,android,2,34.9,PROMO_3,0
4796,2023-09-23,37.0,M,US,standard,16.76,partner,android,1,27.1,PROMO_150,0
4797,2022-07-16,32.0,M,PK,basic,8.58,organic,android,2,66.5,PROMO_1,0
4798,2023-12-22,52.0,M,PK,premium,42.54,paid_search,ios,2,53.0,PROMO_1,0
4799,2022-12-19,44.0,F,PK,basic,8.44,referral,ios,2,22.1,PROMO_1,0
4800,2022-05-06,28.0,M,PK,basic,8.41,organic,android,1,35.9,PROMO_7,0
4801,2022-02-17,42.0,F,AE,basic,9.03,paid_search,,1,41.8,PROMO_2,0
4802,2022-03-10,46.0,F,PK,standard,19.06,social,android,1,26.4,PROMO_5,0
4803,2023-08-10,18.0,M,PK,basic,8.43,paid_search,ios,2,51.3,PROMO_1,0
4804,2021-06-13,27.0,F,UK,basic,10.43,paid_search,ios,2,53.8,PROMO_1,0
4805,2021-10-30,41.0,F,DE,basic,8.81,social,ios,2,53.6,PROMO_1,0
4806,2021-08-06,18.0,F,DE,standard,19.17,partner,,3,80.3,PROMO_1,0
4807,2022-09-04,18.0,M,UK,standard,18.39,referral,ios,1,35.9,PROMO_2,0
4808,2021-01-26,34.0,F,PK,basic,9.32,organic,ios,1,42.9,PROMO_1,0
4809,2022-12-20,42.0,F,UK,premium,42.85,social,android,3,42.1,PROMO_23,1
4810,2021-05-26,43.0,M,AE,basic,10.2,social,android,2,62.8,PROMO_7,0
4811,2023-09-04,54.0,F,PK,basic,8.45,paid_search,ios,1,61.2,PROMO_2,0
4812,2023-07-05,38.0,F,PK,standard,20.67,organic,android,0,33.0,PROMO_1,0
4813,2022-06-15,33.0,M,IN,standard,19.84,social,,0,71.7,PROMO_8,1
4814,2022-05-05,23.0,M,PK,basic,9.7,paid_search,android,4,36.4,PROMO_5,0
4815,2021-08-16,33.0,M,PK,standard,18.86,partner,android,3,62.8,PROMO_1,0
4816,2023-04-27,45.0,F,PK,basic,8.87,organic,ios,0,61.9,PROMO_1,0
4817,2021-02-22,45.0,F,IN,standard,20.42,organic,android,3,56.0,PROMO_2,0
4818,2023-03-13,40.0,M,UK,standard,20.45,referral,android,1,45.1,PROMO_3,0
4819,2022-06-04,43.0,F,SE,premium,43.89,referral,,1,45.3,PROMO_1,0
4820,2020-12-02,51.0,M,CA,basic,9.14,paid_search,web,2,57.2,PROMO_1,0
4821,2022-05-28,38.0,F,DE,standard,18.84,referral,android,1,57.9,PROMO_9,0
4822,2021-11-12,52.0,M,PK,standard,15.26,referral,ios,0,60.6,PROMO_11,0
4823,2021-01-04,29.0,F,US,basic,7.84,organic,ios,2,60.6,PROMO_2,0
4824,2020-10-05,36.0,M,CA,basic,8.72,social,android,1,55.1,PROMO_1,0
4825,2022-07-22,,F,NZ,premium,35.56,social,android,1,71.2,PROMO_3,1
4826,2022-11-13,46.0,M,IN,basic,9.59,paid_search,android,4,41.0,PROMO_1,0
4827,2023-09-13,26.0,F,IN,standard,17.01,partner,android,1,50.6,PROMO_1,0
4828,2022-05-31,,M,AE,basic,8.64,partner,web,0,41.6,PROMO_18,0
4829,2020-12-21,18.0,F,US,standard,18.3,paid_search,ios,3,86.7,PROMO_2,0
4830,2022-08-08,44.0,F,UK,basic,9.87,organic,web,1,61.5,PROMO_1,0
4831,2023-02-16,51.0,F,US,premium,37.1,partner,web,0,65.2,PROMO_37,0
4832,2024-01-14,47.0,F,PK,standard,19.69,paid_search,android,1,56.7,PROMO_4,0
4833,2022-12-21,46.0,M,US,basic,9.14,organic,,1,49.2,PROMO_16,0
4834,2023-07-20,46.0,M,PK,standard,20.37,social,ios,1,90.1,PROMO_82,0
4835,2020-10-02,45.0,M,PK,standard,20.29,social,ios,1,68.2,PROMO_2,0
4836,2022-06-13,44.0,F,US,basic,8.98,organic,web,2,45.2,PROMO_1,0
4837,2023-12-04,44.0,F,AE,basic,7.78,organic,android,1,45.9,PROMO_2,0
4838,2024-03-10,30.0,F,AE,standard,18.65,referral,,1,53.3,PROMO_2,0
4839,2021-03-24,35.0,F,UK,standard,18.97,partner,android,1,41.9,PROMO_35,0
4840,2020-12-03,38.0,M,DE,basic,9.21,paid_search,web,1,44.8,PROMO_2,0
4841,2021-07-24,33.0,M,US,premium,36.7,organic,,0,27.2,PROMO_1,0
4842,2023-12-23,20.0,F,US,basic,9.82,paid_search,,0,14.1,PROMO_43,0
4843,2024-01-27,23.0,F,UK,basic,9.01,paid_search,web,1,79.7,PROMO_1,0
4844,2023-09-11,40.0,F,PK,standard,17.6,paid_search,android,1,42.4,PROMO_7,0
4845,2021-08-09,47.0,F,UK,basic,8.67,social,ios,0,45.4,PROMO_1,1
4846,2021-07-20,37.0,F,DE,basic,10.39,organic,ios,4,51.0,PROMO_3,1
4847,2021-04-11,67.0,F,PK,standard,20.01,referral,ios,1,60.4,PROMO_2,0
4848,2024-01-29,27.0,F,IN,basic,9.75,referral,android,0,61.6,PROMO_4,0
4849,2023-11-12,42.0,F,PK,basic,8.25,referral,android,3,65.4,PROMO_13,1
4850,2021-01-15,51.0,M,UK,standard,17.95,paid_search,android,2,58.6,PROMO_5,0
4851,2020-12-07,49.0,Other,IN,standard,17.96,social,ios,0,46.0,PROMO_1,0
4852,2021-09-13,44.0,F,DE,standard,19.28,paid_search,web,1,69.0,PROMO_3,0
4853,2024-01-16,49.0,F,UK,standard,18.74,paid_search,ios,2,47.3,PROMO_42,1
4854,2024-03-08,38.0,F,AE,basic,8.65,social,ios,3,65.5,PROMO_1,0
4855,2024-03-26,55.0,M,PK,basic,8.74,referral,android,1,26.9,PROMO_1,0
4856,2021-10-30,51.0,M,AE,standard,17.79,referral,web,0,69.5,PROMO_1,0
4857,2021-03-31,28.0,M,AE,basic,8.87,organic,android,2,36.6,PROMO_1,0
4858,2022-01-21,41.0,M,PK,basic,9.8,social,web,2,28.2,PROMO_3,0
4859,2023-06-15,20.0,M,PK,standard,16.7,organic,web,1,30.5,PROMO_8,0
4860,2021-07-31,54.0,F,SE,standard,19.53,social,web,0,53.0,PROMO_2,0
4861,2024-03-21,39.0,F,PK,standard,21.1,paid_search,android,0,84.3,PROMO_1,0
4862,2021-04-25,52.0,F,IN,basic,8.87,referral,android,0,47.1,PROMO_3,0
4863,2021-01-27,36.0,M,PK,basic,8.62,partner,ios,0,48.3,PROMO_1,0
4864,2021-09-23,18.0,F,US,basic,9.67,organic,android,1,61.5,PROMO_74,0
4865,2021-02-13,66.0,M,UK,standard,17.5,referral,android,2,41.4,PROMO_2,0
4866,2022-03-25,38.0,M,AE,basic,8.98,social,ios,1,47.8,PROMO_1,0
4867,2022-09-03,26.0,M,US,basic,8.25,social,ios,1,44.8,PROMO_1,0
4868,2023-03-24,50.0,M,US,basic,7.65,paid_search,android,2,79.5,PROMO_1,0
4869,2020-12-17,59.0,M,US,standard,18.77,paid_search,android,1,51.1,PROMO_1,0
4870,2021-10-22,35.0,M,DE,standard,17.08,organic,ios,2,61.2,PROMO_1,0
4871,2023-09-22,36.0,M,US,basic,8.99,organic,android,1,39.3,PROMO_2,0
4872,2020-10-29,40.0,F,UK,basic,9.8,social,ios,2,32.9,PROMO_1,0
4873,2024-03-21,25.0,M,US,basic,10.34,organic,ios,0,60.0,PROMO_1,0
4874,2022-03-23,29.0,M,US,basic,9.07,paid_search,web,2,53.8,PROMO_2,0
4875,2023-09-22,57.0,M,PK,standard,20.55,referral,ios,0,65.5,PROMO_1,1
4876,2021-12-07,36.0,M,PK,basic,9.29,social,ios,0,36.7,PROMO_2,0
4877,2022-11-19,,F,DE,standard,18.42,organic,web,1,48.6,PROMO_1,0
4878,2022-10-16,32.0,M,NZ,standard,16.07,social,ios,1,30.7,PROMO_14,0
4879,2021-11-27,49.0,F,PK,premium,44.07,organic,ios,1,42.6,PROMO_1,0
4880,2021-08-02,18.0,M,PK,premium,35.73,referral,,0,28.3,PROMO_10,0
4881,2023-01-03,40.0,M,SE,basic,10.0,organic,ios,1,45.7,PROMO_1,0
4882,2020-09-03,64.0,M,US,basic,9.39,organic,android,2,69.6,PROMO_1,0
4883,2022-07-24,,F,US,basic,8.3,partner,android,1,37.1,PROMO_7,0
4884,2023-11-02,43.0,M,AE,standard,19.47,organic,ios,1,36.9,PROMO_1,0
4885,2024-06-02,51.0,F,US,basic,10.54,organic,android,0,47.5,PROMO_3,0
4886,2023-09-05,51.0,F,US,basic,10.11,organic,android,0,47.2,PROMO_48,0
4887,2021-10-31,36.0,F,IN,basic,8.63,paid_search,ios,1,61.6,PROMO_14,0
4888,2022-05-28,47.0,M,UK,basic,8.49,referral,ios,2,30.5,PROMO_18,0
4889,2023-03-02,57.0,F,AE,standard,19.15,organic,ios,0,12.4,PROMO_1,0
4890,2022-08-16,23.0,F,PK,standard,18.75,organic,ios,0,51.0,PROMO_150,0
4891,2021-04-11,43.0,M,PK,standard,20.82,referral,ios,3,75.4,PROMO_1,0
4892,2022-04-14,41.0,F,IN,premium,41.31,organic,web,1,47.1,PROMO_1,0
4893,2024-03-22,38.0,M,IN,basic,7.78,organic,android,1,55.9,PROMO_1,0
4894,2024-04-04,37.0,M,CA,basic,9.33,organic,android,2,48.8,PROMO_5,0
4895,2022-08-15,40.0,F,PK,basic,8.87,referral,android,1,61.2,PROMO_1,0
4896,2022-12-01,40.0,M,CA,standard,19.06,paid_search,ios,2,45.6,PROMO_1,0
4897,2021-03-25,49.0,F,PK,standard,19.38,social,android,2,48.9,PROMO_1,0
4898,2022-03-29,42.0,Other,UK,basic,9.86,social,ios,2,74.6,PROMO_1,0
4899,2021-08-01,35.0,F,AE,premium,42.05,paid_search,ios,0,67.2,PROMO_1,0
4900,2022-03-26,28.0,M,US,basic,8.46,referral,,1,39.6,PROMO_4,0
4901,2023-02-20,32.0,M,US,basic,8.96,partner,web,2,40.0,PROMO_1,0
4902,2021-12-16,40.0,M,DE,standard,18.32,social,android,0,41.1,PROMO_1,0
4903,2022-02-04,29.0,F,IN,premium,33.75,referral,android,2,33.1,PROMO_2,0
4904,2021-09-21,47.0,M,PK,standard,18.83,organic,ios,1,41.7,PROMO_150,0
4905,2023-09-23,42.0,F,PK,premium,44.76,paid_search,web,0,48.2,PROMO_23,0
4906,2022-01-07,50.0,M,AE,basic,7.77,social,android,0,38.4,PROMO_4,0
4907,2023-05-14,30.0,F,PK,standard,18.96,organic,ios,1,57.7,PROMO_48,0
4908,2021-06-16,28.0,F,PK,standard,18.91,organic,android,3,24.9,PROMO_1,0
4909,2021-06-05,49.0,M,PK,standard,19.44,organic,android,0,32.3,PROMO_2,0
4910,2022-01-30,38.0,F,PK,basic,8.31,organic,android,0,59.9,PROMO_1,0
4911,2020-11-12,35.0,M,US,premium,34.55,referral,ios,1,78.5,PROMO_1,1
4912,2022-05-31,45.0,M,SE,basic,8.01,organic,ios,1,53.8,PROMO_1,1
4913,2024-05-07,,F,CA,basic,9.96,social,ios,1,37.5,PROMO_7,0
4914,2022-02-25,23.0,M,UK,premium,35.93,organic,ios,2,33.3,PROMO_1,0
4915,2021-07-03,52.0,F,PK,premium,37.44,social,android,1,44.4,PROMO_1,0
4916,2024-01-23,32.0,M,AE,premium,45.57,organic,android,0,69.0,PROMO_2,1
4917,2024-01-18,56.0,F,US,premium,36.71,organic,web,2,57.7,PROMO_1,0
4918,2023-05-31,22.0,F,DE,basic,9.25,paid_search,android,0,31.4,PROMO_1,0
4919,2021-04-02,40.0,M,US,premium,42.32,organic,web,0,55.4,PROMO_1,0
4920,2022-06-14,35.0,M,AE,basic,9.73,paid_search,ios,2,71.5,PROMO_3,0
4921,2020-10-02,,M,PK,standard,16.98,social,ios,3,67.7,PROMO_150,0
4922,2021-02-22,44.0,M,CA,basic,8.49,partner,ios,1,70.0,PROMO_1,0
4923,2022-05-07,18.0,F,DE,standard,19.46,social,web,0,62.0,PROMO_1,0
4924,2021-11-16,34.0,F,US,standard,21.93,paid_search,android,3,30.8,PROMO_4,0
4925,2023-03-12,49.0,F,SE,standard,17.84,social,ios,0,37.9,PROMO_150,0
4926,2024-02-07,31.0,M,PK,basic,8.64,paid_search,android,0,76.1,PROMO_1,0
4927,2022-12-08,27.0,F,PK,basic,9.3,social,ios,0,44.9,PROMO_3,0
4928,2022-03-16,46.0,Other,DE,basic,9.45,social,ios,1,21.6,PROMO_7,1
4929,2023-10-03,34.0,F,AE,basic,9.49,paid_search,android,2,59.1,PROMO_121,0
4930,2023-08-10,33.0,F,PK,standard,17.71,referral,android,2,65.9,PROMO_5,0
4931,2024-05-21,51.0,M,PK,basic,8.62,paid_search,ios,1,48.8,PROMO_1,0
4932,2021-09-02,24.0,F,PK,standard,19.33,organic,web,4,58.2,PROMO_3,1
4933,2021-01-16,32.0,F,PK,basic,9.91,social,ios,2,37.6,PROMO_2,0
4934,2021-04-26,47.0,M,US,basic,8.83,referral,ios,0,43.0,PROMO_3,0
4935,2023-01-03,23.0,Other,PK,standard,18.97,referral,web,2,22.9,PROMO_1,1
4936,2022-03-15,57.0,F,UK,basic,8.26,organic,web,1,33.9,PROMO_2,1
4937,2020-10-24,35.0,F,AE,basic,10.34,social,ios,1,71.6,PROMO_1,0
4938,2022-03-17,47.0,F,DE,basic,9.11,partner,android,0,0.3,PROMO_1,0
4939,2023-04-29,47.0,M,IN,basic,9.78,organic,ios,0,44.2,PROMO_2,1
4940,2023-03-01,35.0,F,PK,standard,19.05,paid_search,android,3,42.0,PROMO_6,0
4941,2021-09-11,32.0,M,PK,basic,9.06,paid_search,web,1,58.9,PROMO_9,0
4942,2022-10-04,37.0,F,PK,basic,7.92,referral,android,0,18.0,PROMO_1,0
4943,2021-04-12,45.0,M,US,standard,15.73,paid_search,,1,38.5,PROMO_1,0
4944,2021-03-06,26.0,M,UK,standard,20.9,social,web,0,41.2,PROMO_14,0
4945,2024-04-22,24.0,M,PK,standard,19.12,organic,ios,0,56.1,PROMO_121,0
4946,2021-09-16,53.0,M,AE,basic,9.15,organic,android,2,49.9,PROMO_1,0
4947,2023-01-17,29.0,F,SE,premium,35.1,organic,android,0,25.2,PROMO_2,0
4948,2022-06-24,41.0,F,PK,basic,8.35,organic,ios,2,44.9,PROMO_4,0
4949,2023-06-11,35.0,M,PK,basic,9.76,referral,android,0,38.3,PROMO_13,0
4950,2023-01-19,35.0,F,DE,premium,44.43,organic,android,1,57.0,PROMO_7,0
4951,2023-03-13,53.0,F,DE,standard,18.06,organic,android,2,46.3,PROMO_150,0
4952,2024-04-02,36.0,F,PK,standard,20.02,referral,ios,2,76.2,PROMO_1,0
4953,2021-06-26,33.0,F,AE,premium,39.59,paid_search,ios,1,40.0,PROMO_11,0
4954,2023-11-26,34.0,F,PK,basic,8.91,social,android,0,41.5,PROMO_1,0
4955,2023-01-09,31.0,M,AE,standard,21.81,organic,,3,42.0,PROMO_7,0
4956,2023-09-18,30.0,M,DE,standard,18.31,partner,android,0,47.1,PROMO_2,0
4957,2023-11-02,32.0,F,PK,basic,9.89,paid_search,ios,0,62.6,PROMO_5,0
4958,2023-01-12,55.0,M,PK,basic,9.27,organic,web,1,43.4,PROMO_1,0
4959,2020-12-21,45.0,F,AE,basic,8.99,social,android,0,44.1,PROMO_1,0
4960,2020-11-16,33.0,Other,UK,premium,43.28,paid_search,ios,2,55.4,PROMO_9,0
4961,2023-01-01,48.0,M,IN,basic,9.21,paid_search,android,2,35.8,PROMO_1,1
4962,2022-07-14,20.0,F,UK,basic,8.93,paid_search,android,0,59.5,PROMO_3,0
4963,2020-09-19,52.0,M,CA,standard,21.1,paid_search,ios,0,44.3,PROMO_19,0
4964,2023-07-22,51.0,F,DE,standard,20.9,social,ios,1,36.5,PROMO_150,0
4965,2020-11-15,62.0,F,AE,basic,9.87,organic,,1,22.4,PROMO_1,0
4966,2024-01-17,48.0,F,PK,standard,13.09,referral,web,1,33.5,PROMO_12,0
4967,2023-08-04,42.0,Other,PK,standard,19.67,organic,ios,1,46.9,PROMO_1,0
4968,2023-03-02,51.0,M,UK,standard,19.32,social,android,2,48.6,PROMO_1,1
4969,2024-04-20,30.0,M,PK,basic,8.97,organic,ios,0,45.7,PROMO_2,0
4970,2021-05-12,33.0,M,PK,basic,9.44,paid_search,ios,2,27.8,PROMO_46,0
4971,2021-03-18,36.0,F,PK,standard,19.4,social,ios,1,46.8,PROMO_1,0
4972,2022-12-29,52.0,M,IN,basic,9.49,social,android,2,26.7,PROMO_18,0
4973,2021-04-13,28.0,F,AE,standard,18.59,referral,web,1,31.0,PROMO_23,0
4974,2021-07-10,26.0,F,CA,basic,10.08,paid_search,ios,2,66.3,PROMO_1,0
4975,2021-06-01,40.0,M,SE,standard,20.18,referral,ios,2,48.0,PROMO_11,0
4976,2021-05-30,45.0,M,DE,premium,40.69,partner,ios,0,56.3,PROMO_1,0
4977,2022-04-11,29.0,M,UK,standard,19.75,partner,ios,2,71.0,PROMO_3,0
4978,2024-01-10,44.0,M,US,premium,42.61,paid_search,android,2,48.7,PROMO_1,0
4979,2020-12-14,52.0,F,DE,premium,42.19,organic,android,0,63.9,PROMO_17,0
4980,2022-02-22,50.0,M,IN,basic,8.92,social,ios,2,55.3,PROMO_7,0
4981,2021-01-14,41.0,F,CA,basic,9.71,organic,ios,1,38.7,PROMO_1,0
4982,2020-10-26,36.0,M,US,premium,39.54,referral,android,0,47.3,PROMO_1,1
4983,2023-09-26,56.0,F,DE,premium,44.98,organic,ios,2,38.2,PROMO_1,1
4984,2022-12-04,37.0,M,US,premium,42.42,referral,web,3,58.7,PROMO_2,0
4985,2023-09-19,47.0,M,US,standard,18.05,organic,web,4,64.5,PROMO_3,0
4986,2024-04-01,59.0,F,PK,basic,10.68,referral,android,1,29.0,PROMO_62,0
4987,2020-10-16,46.0,F,PK,premium,32.44,social,android,0,36.3,PROMO_5,0
4988,2020-12-14,26.0,F,PK,premium,40.99,organic,web,1,44.1,PROMO_21,0
4989,2020-12-03,23.0,F,DE,standard,17.94,paid_search,web,1,37.3,PROMO_10,0
4990,2021-02-07,34.0,M,PK,premium,44.87,paid_search,android,1,46.0,PROMO_2,0
4991,2021-12-28,45.0,F,IN,standard,19.38,referral,android,1,54.9,PROMO_5,0
4992,2022-06-21,42.0,F,PK,premium,36.52,paid_search,android,1,68.8,PROMO_4,0
4993,2020-09-11,61.0,F,PK,basic,8.81,social,ios,0,41.9,PROMO_7,0
4994,2022-05-10,42.0,F,US,premium,36.77,paid_search,ios,0,41.2,PROMO_2,0
4995,2022-01-06,33.0,F,PK,basic,8.78,social,android,1,55.1,PROMO_8,0
4996,2023-08-23,25.0,M,PK,basic,8.76,organic,ios,0,48.7,PROMO_4,0
4997,2021-08-15,50.0,M,PK,basic,8.46,partner,android,0,26.1,PROMO_1,0
4998,2021-05-07,37.0,M,UK,basic,9.19,social,android,1,36.5,PROMO_2,0
4999,2021-11-17,20.0,F,PK,basic,9.28,referral,ios,0,44.2,PROMO_2,0
5000,2022-07-23,37.0,F,UK,premium,35.89,referral,ios,1,61.1,PROMO_1,0
5001,2023-09-11,26.0,F,PK,standard,16.48,organic,android,1,66.1,PROMO_140,0
5002,2024-04-25,32.0,M,PK,premium,39.97,organic,android,3,33.5,PROMO_150,0
5003,2022-01-27,37.0,F,PK,basic,9.38,organic,android,1,37.9,PROMO_2,0
5004,2021-11-11,27.0,F,PK,basic,9.53,organic,web,1,62.4,PROMO_24,0
5005,2021-07-10,32.0,M,CA,standard,19.84,organic,web,1,42.5,PROMO_2,0
5006,2020-11-07,29.0,F,US,standard,21.39,referral,ios,1,54.8,PROMO_1,0
5007,2022-07-25,29.0,M,AE,standard,20.52,paid_search,web,0,46.5,PROMO_34,0
5008,2021-04-23,26.0,M,IN,standard,23.07,social,ios,1,49.9,PROMO_3,0
5009,2021-09-26,32.0,M,PK,standard,23.71,paid_search,android,1,43.2,PROMO_11,1
5010,2023-05-25,27.0,F,IN,standard,16.33,organic,ios,1,66.1,PROMO_3,0
5011,2021-04-01,43.0,M,DE,premium,32.14,paid_search,web,0,26.1,PROMO_2,0
5012,2024-03-29,39.0,F,DE,standard,18.99,organic,ios,2,43.4,PROMO_1,0
5013,2022-03-07,50.0,F,IN,standard,19.77,referral,web,0,64.8,PROMO_10,0
5014,2020-11-21,58.0,F,PK,basic,8.95,social,ios,2,46.2,PROMO_2,0
5015,2021-12-14,44.0,F,UK,basic,9.51,organic,web,1,47.6,PROMO_1,0
5016,2020-11-25,42.0,F,US,basic,8.81,social,ios,0,63.7,PROMO_8,0
5017,2024-03-25,45.0,M,AE,standard,17.95,paid_search,web,3,56.2,PROMO_3,0
5018,2022-06-07,42.0,M,PK,standard,18.17,organic,web,1,61.9,PROMO_28,0
5019,2021-06-29,38.0,F,PK,basic,8.86,organic,android,2,67.2,PROMO_1,0
5020,2022-01-06,37.0,F,SE,standard,20.28,organic,ios,0,27.6,PROMO_1,0
5021,2021-02-11,26.0,F,US,basic,8.65,referral,android,3,42.4,PROMO_3,0
5022,2022-09-11,46.0,Other,PK,basic,8.79,referral,web,1,36.9,PROMO_1,0
5023,2021-11-12,37.0,F,PK,premium,40.78,social,ios,0,54.0,PROMO_1,0
5024,2022-11-09,53.0,F,UK,basic,8.86,organic,android,2,64.8,PROMO_1,1
5025,2021-02-23,47.0,F,PK,basic,9.8,paid_search,android,1,11.6,PROMO_1,0
5026,2023-12-29,30.0,M,PK,basic,8.34,paid_search,android,3,25.4,PROMO_3,0
5027,2023-06-26,51.0,F,SE,basic,8.18,organic,ios,0,18.0,PROMO_10,0
5028,2024-01-29,,F,PK,standard,19.46,social,android,1,36.1,PROMO_1,0
5029,2021-10-16,58.0,F,PK,premium,40.26,organic,web,0,49.5,PROMO_13,0
5030,2023-07-25,22.0,M,AE,standard,17.69,organic,ios,2,73.1,PROMO_1,0
5031,2023-03-31,42.0,F,PK,standard,21.04,social,web,2,29.1,PROMO_1,0
5032,2021-04-13,42.0,Other,PK,basic,10.39,organic,android,0,84.6,PROMO_3,0
5033,2023-01-30,49.0,M,UK,standard,18.05,social,android,0,56.6,PROMO_76,0
5034,2023-11-22,,M,AE,basic,10.07,referral,web,2,57.1,PROMO_3,0
5035,2024-05-13,18.0,M,US,basic,7.28,social,ios,2,59.4,PROMO_5,1
5036,2023-08-03,33.0,M,CA,premium,42.36,partner,android,0,27.4,PROMO_38,0
5037,2020-12-26,35.0,F,CA,basic,8.38,social,web,0,39.8,PROMO_1,0
5038,2022-05-15,18.0,M,AE,basic,9.7,referral,android,0,33.3,PROMO_2,0
5039,2020-09-07,37.0,M,UK,basic,8.31,social,android,0,58.3,PROMO_1,0
5040,2023-08-19,25.0,M,CA,standard,18.9,referral,ios,0,35.0,PROMO_1,0
5041,2023-02-11,44.0,M,PK,basic,8.42,paid_search,ios,0,45.3,PROMO_1,0
5042,2023-10-29,34.0,M,UK,basic,8.85,paid_search,ios,1,38.5,PROMO_5,0
5043,2022-12-09,59.0,M,PK,standard,21.78,paid_search,android,0,69.9,PROMO_1,1
5044,2022-04-25,34.0,F,PK,basic,8.92,social,android,0,39.4,PROMO_1,0
5045,2021-05-22,42.0,M,IN,premium,45.58,paid_search,android,0,32.0,PROMO_8,0
5046,2023-01-20,35.0,M,PK,basic,8.72,partner,android,2,55.7,PROMO_9,0
5047,2021-07-12,19.0,M,US,standard,21.27,social,android,1,47.5,PROMO_6,0
5048,2022-01-28,35.0,F,PK,premium,33.93,paid_search,ios,1,69.5,PROMO_2,0
5049,2023-05-05,45.0,F,UK,standard,18.56,paid_search,web,1,53.1,PROMO_2,0
5050,2020-12-30,44.0,F,CA,standard,18.19,referral,web,2,52.6,PROMO_1,0
5051,2022-10-20,34.0,F,US,basic,10.11,referral,ios,2,61.7,PROMO_6,0
5052,2023-11-15,21.0,F,CA,standard,19.28,social,android,1,55.4,PROMO_46,0
5053,2020-10-21,44.0,F,US,premium,32.49,organic,ios,1,60.4,PROMO_2,0
5054,2020-12-28,42.0,F,IN,standard,17.01,referral,web,2,59.1,PROMO_2,0
5055,2024-04-03,46.0,M,CA,premium,35.84,partner,android,3,43.6,PROMO_2,0
5056,2021-01-12,34.0,F,PK,standard,20.42,referral,android,2,30.5,PROMO_2,0
5057,2020-11-11,18.0,F,IN,standard,20.22,social,android,1,45.8,PROMO_1,0
5058,2021-04-23,43.0,M,PK,basic,8.78,organic,ios,4,18.4,PROMO_13,0
5059,2023-06-25,37.0,F,US,standard,18.17,partner,web,3,37.4,PROMO_46,0
5060,2022-01-21,52.0,M,PK,premium,41.24,organic,ios,0,42.6,PROMO_1,1
5061,2022-05-30,37.0,M,US,standard,17.28,organic,ios,1,68.0,PROMO_1,0
5062,2022-02-06,36.0,F,NZ,basic,9.33,social,ios,2,46.2,PROMO_7,0
5063,2022-02-11,42.0,F,DE,standard,19.57,paid_search,web,0,74.8,PROMO_1,0
5064,2022-01-10,30.0,F,UK,standard,18.58,referral,android,3,55.6,PROMO_2,0
5065,2022-07-02,30.0,F,IN,premium,40.24,social,,0,24.1,PROMO_1,0
5066,2021-11-01,36.0,M,US,basic,9.07,organic,web,0,65.7,PROMO_1,0
5067,2022-06-15,27.0,F,PK,basic,9.36,social,web,2,64.2,PROMO_1,0
5068,2024-05-19,34.0,F,CA,basic,8.04,referral,android,0,23.4,PROMO_7,0
5069,2024-04-23,58.0,M,PK,basic,9.44,referral,android,0,59.4,PROMO_1,1
5070,2020-10-27,48.0,F,CA,premium,42.2,organic,web,1,70.2,PROMO_4,0
5071,2021-01-03,40.0,F,PK,basic,9.23,paid_search,web,0,16.4,PROMO_1,0
5072,2022-03-25,54.0,M,PK,standard,19.91,organic,android,1,32.4,PROMO_25,0
5073,2023-10-14,28.0,F,US,basic,8.92,referral,android,1,62.8,PROMO_3,0
5074,2021-06-28,64.0,M,US,basic,9.64,social,android,1,45.9,PROMO_1,0
5075,2023-11-26,32.0,M,PK,premium,39.2,paid_search,ios,1,70.8,PROMO_82,0
5076,2023-01-07,59.0,M,PK,basic,8.17,organic,android,2,62.9,PROMO_1,0
5077,2023-03-13,59.0,F,PK,basic,9.59,referral,android,0,61.2,PROMO_1,0
5078,2024-05-24,18.0,F,DE,basic,7.82,referral,ios,0,66.3,PROMO_1,1
5079,2021-05-24,53.0,M,US,premium,39.88,paid_search,android,2,36.5,PROMO_1,0
5080,2022-07-08,34.0,M,PK,premium,37.8,organic,web,0,44.1,PROMO_19,0
5081,2023-04-01,31.0,Other,PK,basic,8.68,paid_search,android,1,77.9,PROMO_120,0
5082,2022-07-12,43.0,M,PK,standard,19.26,referral,android,1,43.5,PROMO_1,0
5083,2024-06-10,26.0,F,US,basic,8.49,social,web,2,65.2,PROMO_15,0
5084,2022-10-16,,F,US,standard,19.78,referral,android,0,45.8,PROMO_1,0
5085,2022-06-24,27.0,M,PK,basic,9.04,organic,android,1,37.3,PROMO_7,0
5086,2023-02-28,39.0,M,SE,standard,18.06,paid_search,android,0,34.0,PROMO_21,0
5087,2021-04-22,52.0,M,PK,premium,43.18,organic,,0,57.1,PROMO_2,0
5088,2023-07-02,41.0,M,US,basic,9.15,paid_search,ios,1,68.3,PROMO_1,1
5089,2023-12-03,33.0,Other,DE,basic,9.45,organic,,2,56.1,PROMO_6,0
5090,2022-06-13,43.0,M,US,basic,10.02,paid_search,web,2,52.6,PROMO_1,0
5091,2021-02-02,22.0,M,PK,basic,10.01,paid_search,android,1,31.5,PROMO_11,0
5092,2023-01-10,28.0,M,US,basic,9.42,referral,android,1,48.8,PROMO_5,1
5093,2024-04-07,32.0,M,UK,basic,8.78,paid_search,ios,0,51.5,PROMO_1,0
5094,2020-10-11,46.0,M,CA,premium,34.54,organic,,0,35.6,PROMO_1,0
5095,2022-10-06,41.0,M,US,basic,9.15,organic,android,0,55.3,PROMO_9,1
5096,2023-10-16,43.0,M,IN,premium,42.42,organic,android,0,38.4,PROMO_1,0
5097,2022-02-12,37.0,M,UK,basic,9.26,social,android,3,42.9,PROMO_1,0
5098,2023-03-27,28.0,M,DE,standard,13.76,social,web,4,60.4,PROMO_1,0
5099,2020-11-24,53.0,M,PK,basic,9.63,social,android,2,72.8,PROMO_41,0
5100,2023-05-02,29.0,M,IN,premium,41.91,referral,ios,0,71.5,PROMO_29,0
5101,2022-05-13,42.0,F,PK,basic,8.78,organic,android,0,46.7,PROMO_2,0
5102,2022-05-23,36.0,M,US,basic,9.71,paid_search,ios,3,57.0,PROMO_26,0
5103,2023-07-12,43.0,M,UK,standard,19.95,organic,android,1,58.3,PROMO_1,0
5104,2022-07-22,30.0,M,SE,standard,17.96,organic,ios,2,58.2,PROMO_3,1
5105,2024-01-12,49.0,F,US,standard,20.93,paid_search,android,0,50.7,PROMO_31,0
5106,2022-01-04,52.0,M,PK,basic,8.09,social,android,1,68.3,PROMO_1,1
5107,2021-07-30,48.0,M,SE,basic,8.96,referral,android,2,39.6,PROMO_1,0
5108,2020-11-07,39.0,F,CA,standard,18.76,paid_search,web,2,31.7,PROMO_1,0
5109,2023-03-19,32.0,M,AE,standard,17.75,paid_search,ios,1,54.2,PROMO_1,0
5110,2023-05-14,68.0,M,US,standard,19.46,referral,android,1,44.2,PROMO_3,0
5111,2022-05-15,26.0,M,US,basic,9.94,referral,android,0,77.6,PROMO_1,0
5112,2021-10-28,47.0,F,SE,basic,9.9,social,android,0,41.9,PROMO_3,0
5113,2020-09-10,41.0,F,PK,premium,41.26,paid_search,android,1,64.4,PROMO_8,0
5114,2024-05-07,36.0,M,DE,standard,16.42,paid_search,web,2,56.0,PROMO_1,0
5115,2023-07-18,39.0,M,AE,basic,8.04,social,android,1,27.9,PROMO_150,0
5116,2023-06-14,31.0,F,SE,premium,39.52,organic,ios,0,57.8,PROMO_49,0
5117,2023-06-24,42.0,M,UK,standard,18.95,paid_search,ios,0,39.1,PROMO_1,0
5118,2022-09-10,40.0,F,PK,basic,8.64,organic,web,2,84.9,PROMO_3,0
5119,2021-02-22,66.0,F,DE,basic,10.37,social,ios,1,37.0,PROMO_24,0
5120,2024-04-29,49.0,M,NZ,standard,19.16,social,android,2,35.0,PROMO_1,0
5121,2021-05-12,,F,IN,basic,9.39,organic,android,0,16.2,PROMO_1,0
5122,2022-02-09,43.0,F,PK,standard,20.5,paid_search,android,3,37.4,PROMO_2,0
5123,2022-02-13,57.0,M,US,standard,19.08,organic,android,0,59.8,PROMO_1,0
5124,2021-11-17,26.0,M,DE,basic,10.87,referral,android,1,33.4,PROMO_33,0
5125,2024-01-03,35.0,F,UK,premium,36.07,partner,web,0,56.6,PROMO_6,0
5126,2021-08-15,18.0,M,PK,basic,8.56,paid_search,,2,52.8,PROMO_3,0
5127,2023-07-04,43.0,M,PK,basic,8.32,organic,ios,0,34.3,PROMO_1,0
5128,2022-06-29,46.0,M,PK,standard,21.38,referral,android,0,47.1,PROMO_5,0
5129,2021-11-19,26.0,F,PK,standard,20.22,referral,android,3,34.8,PROMO_6,0
5130,2022-02-28,53.0,F,US,basic,8.61,referral,android,1,61.8,PROMO_1,0
5131,2023-03-23,29.0,M,SE,standard,17.69,paid_search,android,1,21.6,PROMO_1,0
5132,2022-12-12,33.0,M,AE,premium,43.32,organic,android,0,59.9,PROMO_1,0
5133,2022-08-23,38.0,M,PK,standard,19.55,partner,web,0,38.1,PROMO_3,0
5134,2024-04-15,55.0,F,AE,standard,21.14,paid_search,ios,1,50.6,PROMO_1,0
5135,2021-09-13,28.0,M,US,basic,8.96,paid_search,android,2,55.9,PROMO_1,0
5136,2024-01-25,40.0,Other,DE,basic,9.37,referral,android,0,51.0,PROMO_17,0
5137,2022-09-17,46.0,F,IN,standard,19.46,social,web,2,79.8,PROMO_7,0
5138,2021-12-20,43.0,F,PK,basic,8.55,organic,android,0,42.6,PROMO_1,0
5139,2024-02-21,44.0,M,SE,standard,18.78,partner,android,1,28.4,PROMO_11,0
5140,2020-09-06,45.0,M,PK,basic,8.15,social,web,1,81.5,PROMO_4,1
5141,2023-01-07,31.0,F,DE,basic,9.36,organic,ios,2,54.5,PROMO_4,0
5142,2024-05-20,56.0,F,IN,basic,9.55,organic,android,0,51.2,PROMO_1,0
5143,2021-12-15,36.0,M,DE,basic,9.71,social,ios,0,82.5,PROMO_1,0
5144,2022-05-03,34.0,M,PK,basic,9.48,social,android,1,29.3,PROMO_1,0
5145,2022-01-09,52.0,F,PK,standard,18.81,organic,ios,2,47.7,PROMO_1,0
5146,2021-08-09,30.0,F,PK,standard,21.36,paid_search,android,0,32.7,PROMO_4,0
5147,2022-08-24,41.0,F,PK,basic,9.64,paid_search,,0,47.4,PROMO_1,0
5148,2021-04-27,29.0,Other,PK,basic,10.0,paid_search,ios,1,27.5,PROMO_17,0
5149,2023-01-17,65.0,M,PK,standard,21.21,partner,android,0,50.4,PROMO_150,0
5150,2022-05-20,62.0,F,UK,basic,8.91,organic,ios,1,49.3,PROMO_2,0
5151,2023-11-05,36.0,M,PK,standard,19.59,referral,android,1,48.5,PROMO_1,0
5152,2022-02-06,43.0,M,US,standard,20.18,paid_search,web,2,15.0,PROMO_1,0
5153,2023-06-15,37.0,M,DE,standard,17.25,organic,android,1,60.6,PROMO_3,0
5154,2021-10-23,33.0,F,PK,premium,35.48,organic,android,0,45.6,PROMO_3,0
5155,2021-06-01,38.0,F,AE,standard,17.03,partner,ios,1,88.5,PROMO_1,0
5156,2021-03-13,37.0,F,DE,premium,38.66,organic,android,2,42.1,PROMO_1,0
5157,2020-12-06,20.0,F,UK,premium,37.96,organic,android,2,39.6,PROMO_1,0
5158,2023-12-25,40.0,M,US,basic,7.97,paid_search,,1,51.6,PROMO_1,0
5159,2023-12-03,37.0,M,DE,basic,9.11,social,ios,0,30.6,PROMO_4,0
5160,2020-12-10,40.0,F,UK,basic,8.93,paid_search,android,1,67.5,PROMO_1,0
5161,2023-01-02,36.0,M,UK,basic,9.85,organic,ios,2,35.2,PROMO_3,1
5162,2024-05-06,33.0,M,CA,standard,22.06,paid_search,ios,1,36.8,PROMO_3,0
5163,2023-05-11,47.0,M,CA,basic,9.33,referral,web,3,61.8,PROMO_55,0
5164,2021-04-14,43.0,F,US,basic,8.5,referral,ios,6,53.2,PROMO_6,0
5165,2023-02-07,52.0,Other,US,basic,9.47,partner,ios,0,52.9,PROMO_2,0
5166,2024-02-26,42.0,M,CA,standard,19.01,paid_search,web,1,29.6,PROMO_2,0
5167,2021-09-18,35.0,M,UK,standard,18.64,organic,android,2,64.6,PROMO_7,0
5168,2023-09-16,44.0,M,AE,premium,36.31,organic,android,2,34.5,PROMO_1,0
5169,2023-02-10,18.0,M,PK,basic,8.67,referral,ios,1,24.1,PROMO_2,0
5170,2024-06-05,60.0,F,PK,basic,8.87,social,android,3,55.5,PROMO_1,0
5171,2022-03-03,40.0,M,UK,premium,41.51,social,ios,1,46.8,PROMO_12,0
5172,2022-10-05,61.0,F,CA,standard,19.78,paid_search,android,0,46.4,PROMO_11,0
5173,2021-03-02,27.0,Other,US,standard,21.77,paid_search,ios,0,60.0,PROMO_1,0
5174,2023-03-07,25.0,F,SE,standard,20.02,paid_search,ios,3,45.2,PROMO_1,0
5175,2023-09-02,41.0,F,DE,basic,9.31,paid_search,web,1,23.8,PROMO_3,0
5176,2023-10-25,41.0,M,CA,premium,38.04,paid_search,android,0,44.9,PROMO_2,0
5177,2023-09-08,41.0,M,CA,standard,17.42,organic,web,1,54.3,PROMO_1,0
5178,2022-09-27,39.0,M,PK,standard,18.13,organic,android,1,52.7,PROMO_27,0
5179,2024-02-11,30.0,M,US,standard,17.94,organic,ios,0,47.3,PROMO_1,0
5180,2022-12-03,21.0,M,PK,basic,7.16,partner,ios,1,86.2,PROMO_1,0
5181,2021-03-19,40.0,M,US,basic,8.27,partner,android,3,74.9,PROMO_3,0
5182,2021-07-17,23.0,F,PK,standard,21.44,referral,,0,32.0,PROMO_1,0
5183,2022-01-13,22.0,M,DE,standard,19.56,referral,ios,2,29.5,PROMO_1,0
5184,2021-01-25,33.0,M,CA,basic,8.73,organic,android,1,69.9,PROMO_150,0
5185,2021-06-30,42.0,F,PK,basic,9.29,organic,ios,2,66.0,PROMO_2,0
5186,2021-12-23,59.0,F,US,premium,32.91,organic,ios,0,72.2,PROMO_132,0
5187,2021-03-07,48.0,F,AE,basic,9.2,organic,ios,1,43.3,PROMO_1,0
5188,2023-12-22,53.0,M,DE,basic,9.92,social,android,1,47.6,PROMO_1,1
5189,2021-05-08,44.0,M,SE,standard,18.82,organic,android,0,23.3,PROMO_1,0
5190,2023-04-30,41.0,F,PK,standard,16.31,partner,android,2,52.2,PROMO_39,0
5191,2021-09-03,65.0,F,PK,standard,18.37,social,ios,1,40.4,PROMO_14,0
5192,2020-12-28,22.0,F,IN,premium,42.99,organic,ios,0,38.3,PROMO_1,0
5193,2022-07-27,32.0,M,PK,basic,9.19,referral,web,1,63.9,PROMO_6,0
5194,2024-02-09,33.0,F,CA,premium,34.57,referral,android,0,47.7,PROMO_1,0
5195,2023-01-17,47.0,M,PK,premium,46.39,social,ios,1,62.4,PROMO_3,0
5196,2022-11-27,26.0,M,US,standard,17.09,organic,web,2,48.4,PROMO_1,0
5197,2020-11-26,45.0,M,UK,standard,18.63,paid_search,android,2,58.2,PROMO_1,0
5198,2020-11-18,43.0,M,DE,basic,8.25,paid_search,android,1,30.3,PROMO_4,1
5199,2022-04-18,46.0,Other,PK,basic,8.25,social,web,0,35.2,PROMO_3,0
5200,2020-11-07,46.0,M,CA,basic,8.67,organic,android,1,56.8,PROMO_38,0
5201,2022-10-17,54.0,M,IN,basic,9.46,referral,ios,0,75.4,PROMO_5,1
5202,2022-11-21,36.0,M,CA,premium,43.03,organic,android,1,57.0,PROMO_3,0
5203,2021-04-13,43.0,M,IN,basic,8.72,partner,android,2,50.2,PROMO_6,0
5204,2021-12-02,29.0,F,IN,standard,17.46,organic,ios,2,72.5,PROMO_1,0
5205,2022-06-21,26.0,F,DE,basic,9.34,referral,android,0,46.7,PROMO_1,0
5206,2022-09-19,56.0,M,UK,basic,9.37,organic,web,4,38.1,PROMO_2,0
5207,2021-10-11,28.0,M,CA,basic,9.17,referral,android,1,50.1,PROMO_1,0
5208,2021-08-06,44.0,M,SE,basic,9.2,referral,android,1,55.6,PROMO_1,0
5209,2022-08-03,43.0,F,AE,standard,18.83,paid_search,android,1,31.0,PROMO_1,0
5210,2024-04-28,50.0,M,PK,premium,39.31,organic,,0,51.9,PROMO_4,0
5211,2024-01-22,19.0,M,PK,basic,8.87,partner,android,1,24.1,PROMO_3,0
5212,2023-11-25,47.0,M,CA,premium,42.34,partner,android,2,45.5,PROMO_1,0
5213,2022-09-12,36.0,M,NZ,standard,22.39,referral,android,1,47.7,PROMO_2,0
5214,2022-02-14,30.0,F,PK,standard,19.27,paid_search,ios,6,49.5,PROMO_15,0
5215,2021-05-28,34.0,F,SE,basic,9.0,organic,android,3,20.6,PROMO_1,0
5216,2023-07-26,48.0,M,PK,basic,9.18,paid_search,web,2,51.5,PROMO_1,0
5217,2021-06-21,45.0,F,US,premium,36.95,social,android,1,63.1,PROMO_150,0
5218,2021-12-04,36.0,M,IN,standard,20.16,organic,android,0,71.1,PROMO_3,0
5219,2024-03-31,24.0,F,SE,basic,9.32,organic,android,1,71.8,PROMO_1,0
5220,2023-02-12,25.0,Other,UK,standard,18.36,partner,android,0,50.4,PROMO_1,0
5221,2023-04-20,45.0,F,SE,basic,9.65,social,ios,1,87.2,PROMO_2,0
5222,2021-02-03,23.0,M,CA,standard,19.03,social,web,4,38.6,PROMO_1,0
5223,2020-12-17,36.0,M,IN,basic,8.3,partner,ios,0,39.1,PROMO_8,0
5224,2021-05-07,66.0,M,IN,premium,40.1,paid_search,web,2,50.3,PROMO_2,0
5225,2022-06-13,42.0,M,US,basic,9.17,paid_search,web,2,62.4,PROMO_1,1
5226,2022-07-31,45.0,F,PK,basic,9.69,partner,android,0,59.6,PROMO_10,0
5227,2023-04-08,25.0,F,PK,standard,20.26,partner,android,2,14.5,PROMO_17,0
5228,2021-07-10,23.0,F,PK,basic,8.92,organic,ios,1,35.5,PROMO_2,0
5229,2024-02-12,46.0,M,PK,premium,37.53,paid_search,web,0,61.5,PROMO_60,0
5230,2023-06-02,34.0,M,PK,standard,19.0,paid_search,web,1,36.7,PROMO_1,0
5231,2023-12-07,50.0,F,PK,basic,9.26,organic,ios,1,48.1,PROMO_1,0
5232,2022-07-29,39.0,M,UK,basic,9.35,organic,android,1,55.4,PROMO_1,0
5233,2023-04-24,76.0,F,PK,premium,39.94,organic,,1,57.3,PROMO_1,0
5234,2023-09-12,32.0,F,US,standard,18.86,social,ios,0,62.9,PROMO_4,0
5235,2023-01-08,41.0,F,PK,premium,42.11,organic,web,1,69.1,PROMO_1,0
5236,2021-03-10,28.0,M,PK,basic,8.51,referral,ios,3,59.5,PROMO_48,0
5237,2022-05-02,49.0,F,AE,premium,46.74,social,android,3,31.6,PROMO_1,0
5238,2021-05-02,43.0,M,IN,standard,20.16,paid_search,ios,0,58.8,PROMO_6,0
5239,2020-12-27,28.0,M,DE,standard,17.29,referral,android,2,66.2,PROMO_1,1
5240,2021-01-13,35.0,M,AE,basic,9.13,social,android,1,56.8,PROMO_2,1
5241,2023-02-12,53.0,F,NZ,basic,9.56,referral,ios,1,69.3,PROMO_3,1
5242,2021-02-16,52.0,M,DE,premium,37.91,referral,,1,53.6,PROMO_1,0
5243,2021-01-03,23.0,M,PK,premium,34.34,referral,ios,1,48.1,PROMO_1,0
5244,2020-10-25,33.0,M,PK,basic,8.25,referral,android,0,37.3,PROMO_22,0
5245,2023-02-12,58.0,F,AE,premium,40.69,social,android,2,80.5,PROMO_1,0
5246,2023-07-31,36.0,F,AE,basic,7.74,paid_search,android,3,34.3,PROMO_3,0
5247,2022-03-27,40.0,F,CA,basic,7.96,social,ios,3,49.9,PROMO_1,0
5248,2020-12-03,49.0,F,PK,basic,9.39,social,ios,0,44.7,PROMO_3,0
5249,2021-01-15,23.0,M,NZ,basic,8.84,partner,ios,1,30.0,PROMO_2,0
5250,2022-04-14,28.0,F,UK,basic,8.5,paid_search,,1,63.3,PROMO_14,0
5251,2023-11-18,35.0,M,IN,basic,8.64,organic,ios,0,57.5,PROMO_1,0
5252,2022-11-05,51.0,F,UK,basic,7.94,paid_search,android,1,53.7,PROMO_150,0
5253,2021-09-29,49.0,M,PK,standard,19.74,paid_search,ios,3,40.6,PROMO_3,0
5254,2022-04-29,46.0,M,US,standard,17.77,paid_search,,1,58.5,PROMO_4,0
5255,2023-02-20,37.0,F,PK,standard,18.19,social,android,3,46.1,PROMO_2,1
5256,2023-02-24,,F,PK,basic,9.25,partner,android,1,57.2,PROMO_1,0
5257,2024-03-20,36.0,M,IN,standard,18.61,organic,ios,1,71.5,PROMO_1,0
5258,2023-05-09,44.0,M,US,basic,8.49,partner,android,2,13.3,PROMO_150,0
5259,2021-11-30,48.0,M,PK,standard,15.98,referral,ios,3,65.0,PROMO_2,0
5260,2023-07-13,57.0,M,US,standard,19.56,organic,web,0,85.6,PROMO_54,0
5261,2020-09-09,37.0,M,AE,basic,9.06,organic,android,2,75.8,PROMO_2,0
5262,2024-02-18,34.0,Other,PK,basic,8.63,partner,web,4,61.6,PROMO_86,0
5263,2022-03-21,,F,PK,standard,17.42,referral,android,1,68.4,PROMO_3,0
5264,2022-07-26,53.0,F,IN,premium,39.04,organic,ios,1,37.3,PROMO_1,0
5265,2021-04-18,32.0,F,PK,standard,19.73,social,android,1,53.6,PROMO_13,0
5266,2021-02-01,26.0,M,IN,premium,39.31,organic,ios,2,47.8,PROMO_88,0
5267,2022-05-22,52.0,F,PK,premium,44.11,social,web,0,43.0,PROMO_1,1
5268,2022-01-23,20.0,F,AE,basic,9.51,organic,android,0,64.8,PROMO_1,0
5269,2021-10-20,19.0,Other,AE,standard,18.84,paid_search,web,3,47.0,PROMO_1,0
5270,2022-06-23,35.0,F,PK,basic,9.53,paid_search,ios,3,22.2,PROMO_1,0
5271,2023-09-29,38.0,F,AE,basic,9.04,paid_search,web,1,56.6,PROMO_3,0
5272,2022-10-28,25.0,F,US,basic,9.03,organic,ios,0,49.6,PROMO_3,0
5273,2023-07-13,39.0,F,US,premium,43.04,social,ios,1,60.4,PROMO_1,0
5274,2022-09-09,40.0,F,IN,standard,17.63,referral,web,2,43.9,PROMO_1,0
5275,2022-02-13,32.0,F,SE,basic,9.02,social,ios,0,24.2,PROMO_8,0
5276,2023-08-27,59.0,F,PK,basic,9.86,partner,web,1,35.4,PROMO_14,0
5277,2023-07-02,42.0,M,AE,basic,9.22,referral,android,0,36.3,PROMO_1,0
5278,2021-05-02,49.0,F,PK,standard,18.44,organic,android,1,34.6,PROMO_3,0
5279,2023-01-06,21.0,M,PK,premium,33.68,organic,ios,1,41.6,PROMO_2,0
5280,2023-09-11,21.0,M,PK,basic,7.37,social,android,2,60.9,PROMO_1,0
5281,2021-09-30,42.0,M,AE,basic,10.49,social,android,2,29.3,PROMO_4,0
5282,2021-09-26,57.0,M,DE,standard,19.47,partner,web,3,63.2,PROMO_3,1
5283,2021-04-27,26.0,M,UK,basic,8.58,organic,ios,2,31.0,PROMO_38,0
5284,2021-07-28,39.0,F,SE,standard,19.53,organic,web,2,44.3,PROMO_1,0
5285,2020-09-11,23.0,F,DE,basic,8.32,referral,android,3,49.5,PROMO_1,0
5286,2022-04-09,29.0,F,PK,basic,8.76,referral,android,1,45.5,PROMO_1,0
5287,2023-05-12,39.0,M,PK,basic,8.32,paid_search,android,2,59.3,PROMO_1,0
5288,2021-03-08,32.0,M,UK,premium,34.59,paid_search,web,0,48.4,PROMO_110,0
5289,2023-06-11,23.0,F,US,basic,7.48,referral,android,0,47.6,PROMO_26,1
5290,2023-05-06,22.0,F,PK,basic,7.85,paid_search,web,0,14.4,PROMO_15,0
5291,2021-04-24,18.0,M,PK,standard,20.55,referral,android,0,56.0,PROMO_150,0
5292,2021-02-10,42.0,M,US,premium,35.92,partner,android,1,78.2,PROMO_1,0
5293,2023-02-28,44.0,F,UK,basic,9.39,organic,ios,1,42.6,PROMO_1,0
5294,2021-09-08,44.0,M,AE,basic,9.69,organic,ios,2,59.9,PROMO_5,0
5295,2020-12-16,27.0,M,DE,standard,19.03,partner,ios,2,37.6,PROMO_1,0
5296,2021-06-04,48.0,F,SE,basic,8.79,paid_search,android,1,64.8,PROMO_6,0
5297,2024-06-04,45.0,F,CA,standard,19.2,organic,ios,1,57.8,PROMO_36,1
5298,2021-12-06,37.0,M,US,basic,8.7,paid_search,web,0,44.5,PROMO_3,0
5299,2023-10-20,35.0,F,UK,basic,9.87,social,android,2,43.5,PROMO_28,1
5300,2021-03-31,30.0,Other,PK,basic,10.35,organic,android,1,59.7,PROMO_1,0
5301,2024-03-10,39.0,M,SE,standard,21.2,social,android,3,50.6,PROMO_1,1
5302,2020-09-09,55.0,M,UK,basic,7.45,organic,ios,2,31.5,PROMO_1,0
5303,2023-10-10,50.0,M,PK,basic,8.69,organic,web,0,27.1,PROMO_1,0
5304,2022-11-09,34.0,Other,DE,basic,9.0,organic,ios,0,58.8,PROMO_7,1
5305,2023-07-23,43.0,F,US,standard,19.7,paid_search,web,0,38.6,PROMO_37,0
5306,2021-05-14,25.0,F,NZ,basic,7.76,referral,ios,2,50.5,PROMO_2,0
5307,2022-12-15,45.0,M,PK,standard,16.35,paid_search,ios,4,58.8,PROMO_1,0
5308,2021-08-18,28.0,F,US,standard,20.99,referral,ios,1,32.0,PROMO_1,0
5309,2024-03-10,45.0,M,IN,basic,8.6,organic,web,2,34.8,PROMO_1,0
5310,2022-09-25,70.0,M,US,premium,34.36,paid_search,android,1,74.3,PROMO_6,0
5311,2020-12-31,31.0,F,US,premium,35.56,paid_search,ios,1,43.8,PROMO_25,0
5312,2020-12-09,69.0,F,AE,basic,9.28,referral,android,3,65.3,PROMO_4,0
5313,2023-08-28,42.0,M,AE,basic,8.41,social,web,0,87.6,PROMO_4,0
5314,2022-12-14,29.0,F,PK,basic,9.17,referral,android,1,53.6,PROMO_1,0
5315,2022-11-24,28.0,F,PK,basic,8.3,paid_search,,2,37.1,PROMO_19,0
5316,2022-04-22,63.0,F,US,standard,16.35,partner,ios,1,51.9,PROMO_139,0
5317,2022-05-31,42.0,F,PK,premium,43.44,referral,ios,0,47.2,PROMO_8,0
5318,2024-01-16,31.0,M,US,premium,40.24,partner,android,3,51.0,PROMO_2,0
5319,2021-07-24,35.0,Other,US,basic,8.76,organic,ios,1,60.8,PROMO_4,0
5320,2023-08-04,42.0,M,DE,basic,8.62,organic,ios,1,62.5,PROMO_65,0
5321,2023-04-03,37.0,M,UK,basic,10.05,social,,2,19.9,PROMO_2,0
5322,2021-04-07,41.0,F,US,standard,19.9,paid_search,android,1,67.8,PROMO_6,0
5323,2021-11-02,57.0,Other,PK,basic,9.83,referral,android,3,54.1,PROMO_3,0
5324,2022-12-11,25.0,M,US,premium,37.18,organic,ios,4,41.4,PROMO_1,0
5325,2020-12-29,44.0,M,PK,premium,39.16,social,android,3,61.0,PROMO_150,0
5326,2022-12-15,36.0,F,SE,basic,9.29,organic,ios,1,34.2,PROMO_2,0
5327,2022-04-22,32.0,F,PK,standard,18.16,paid_search,android,0,34.9,PROMO_1,0
5328,2023-07-07,49.0,F,IN,standard,18.85,organic,android,0,65.9,PROMO_1,0
5329,2023-10-02,21.0,F,AE,standard,18.11,partner,ios,2,51.0,PROMO_2,0
5330,2022-08-02,18.0,F,CA,basic,9.29,organic,android,0,73.5,PROMO_10,0
5331,2022-04-26,39.0,M,IN,basic,8.05,social,android,0,39.7,PROMO_1,0
5332,2021-05-25,35.0,F,CA,standard,19.87,organic,web,2,54.4,PROMO_7,0
5333,2022-12-19,22.0,F,UK,basic,9.22,organic,web,0,55.8,PROMO_1,0
5334,2021-01-22,18.0,M,PK,standard,18.69,paid_search,ios,3,56.1,PROMO_1,0
5335,2022-02-23,58.0,M,AE,basic,9.32,organic,ios,1,59.3,PROMO_1,0
5336,2024-03-06,42.0,F,PK,standard,18.45,paid_search,ios,1,56.9,PROMO_5,0
5337,2021-08-26,37.0,F,US,standard,17.98,organic,android,4,50.3,PROMO_12,0
5338,2022-04-09,61.0,M,IN,basic,9.39,social,android,1,20.9,PROMO_43,0
5339,2022-12-21,48.0,Other,UK,basic,9.42,referral,ios,0,63.0,PROMO_10,0
5340,2022-09-05,56.0,M,PK,standard,18.23,referral,ios,1,14.4,PROMO_9,0
5341,2023-04-21,24.0,F,IN,basic,8.57,organic,ios,0,31.5,PROMO_1,0
5342,2022-02-14,,M,PK,standard,18.72,paid_search,web,0,39.4,PROMO_150,0
5343,2022-04-20,44.0,M,IN,standard,18.16,organic,android,0,63.5,PROMO_1,0
5344,2022-10-02,42.0,F,DE,basic,10.1,paid_search,android,1,46.7,PROMO_48,0
5345,2023-05-14,51.0,F,PK,standard,19.48,referral,android,0,78.1,PROMO_1,0
5346,2022-12-08,19.0,M,PK,standard,19.02,organic,ios,1,29.2,PROMO_112,1
5347,2022-07-24,45.0,M,SE,standard,17.58,organic,,0,33.5,PROMO_20,0
5348,2022-08-29,48.0,F,PK,basic,9.53,referral,android,1,16.2,PROMO_1,0
5349,2023-04-11,47.0,M,SE,basic,8.56,paid_search,ios,2,32.8,PROMO_1,1
5350,2022-03-30,33.0,M,US,basic,8.53,organic,ios,3,40.5,PROMO_1,1
5351,2023-08-03,43.0,F,US,premium,41.41,partner,android,0,72.0,PROMO_2,0
5352,2022-07-20,28.0,F,AE,premium,40.21,organic,ios,1,65.7,PROMO_109,0
5353,2023-12-26,34.0,F,US,standard,15.19,referral,web,1,53.6,PROMO_1,0
5354,2022-08-29,26.0,Other,US,basic,8.89,organic,ios,0,45.3,PROMO_1,0
5355,2021-06-25,29.0,F,AE,standard,19.19,partner,ios,2,61.5,PROMO_2,0
5356,2021-05-09,34.0,M,US,standard,18.48,referral,android,1,69.1,PROMO_10,0
5357,2021-10-26,32.0,M,PK,standard,19.24,organic,ios,0,40.3,PROMO_6,0
5358,2021-08-17,29.0,M,CA,basic,7.7,partner,android,3,41.8,PROMO_1,1
5359,2024-03-11,23.0,Other,UK,premium,30.17,organic,web,4,43.5,PROMO_8,1
5360,2023-02-25,59.0,Other,AE,basic,8.3,referral,,0,24.0,PROMO_1,0
5361,2021-12-21,31.0,M,UK,basic,9.2,social,web,1,68.2,PROMO_1,0
5362,2021-06-02,41.0,F,AE,premium,28.94,organic,android,1,41.2,PROMO_2,0
5363,2022-03-29,18.0,F,PK,basic,8.39,paid_search,ios,0,45.7,PROMO_2,0
5364,2021-03-20,52.0,F,IN,basic,7.62,organic,ios,2,71.8,PROMO_1,0
5365,2023-05-31,39.0,M,US,standard,18.63,social,android,3,41.9,PROMO_3,0
5366,2023-11-12,32.0,F,IN,premium,45.11,social,android,2,69.0,PROMO_3,0
5367,2024-02-12,,F,CA,basic,8.84,paid_search,android,3,23.8,PROMO_1,1
5368,2022-03-29,47.0,F,DE,standard,18.84,referral,ios,1,58.4,PROMO_1,0
5369,2021-12-06,18.0,M,US,basic,9.6,partner,ios,2,43.3,PROMO_3,0
5370,2023-05-14,28.0,F,PK,basic,9.02,paid_search,web,0,26.3,PROMO_4,0
5371,2021-06-25,36.0,F,US,basic,8.85,social,,1,33.0,PROMO_8,0
5372,2021-08-25,36.0,M,AE,standard,20.41,organic,ios,2,52.1,PROMO_3,0
5373,2023-01-31,65.0,M,US,basic,9.34,partner,android,2,35.6,PROMO_2,0
5374,2023-07-17,33.0,M,PK,basic,9.21,referral,ios,0,55.7,PROMO_4,0
5375,2021-08-21,48.0,M,UK,standard,18.79,partner,,0,38.8,PROMO_2,0
5376,2021-11-27,57.0,M,PK,standard,18.47,referral,web,1,25.7,PROMO_14,1
5377,2023-10-19,44.0,F,US,standard,20.39,paid_search,ios,2,64.5,PROMO_1,0
5378,2023-06-24,30.0,F,UK,standard,18.49,organic,ios,1,54.4,PROMO_3,0
5379,2022-08-10,23.0,M,PK,basic,9.89,paid_search,android,3,23.0,PROMO_1,0
5380,2022-07-06,45.0,F,PK,basic,8.25,organic,android,3,59.8,PROMO_11,0
5381,2023-10-25,55.0,M,PK,basic,10.03,social,android,1,51.8,PROMO_1,0
5382,2020-11-09,43.0,M,UK,standard,19.72,paid_search,ios,2,43.5,PROMO_2,0
5383,2022-12-22,51.0,F,IN,basic,8.3,social,ios,2,44.1,PROMO_2,1
5384,2023-01-01,66.0,M,PK,basic,9.37,social,android,1,70.1,PROMO_1,0
5385,2024-03-19,46.0,F,DE,basic,8.53,organic,android,3,54.8,PROMO_2,0
5386,2021-02-18,25.0,F,PK,basic,9.02,social,android,1,70.8,PROMO_2,0
5387,2023-07-22,38.0,F,AE,premium,37.48,paid_search,ios,0,57.1,PROMO_3,0
5388,2020-09-18,52.0,M,PK,standard,18.8,organic,android,4,53.5,PROMO_1,0
5389,2022-07-27,34.0,Other,CA,basic,9.68,paid_search,android,1,38.6,PROMO_1,0
5390,2021-02-19,54.0,F,DE,standard,19.79,organic,android,1,52.4,PROMO_1,0
5391,2023-10-07,36.0,M,AE,standard,17.29,paid_search,android,3,65.3,PROMO_150,0
5392,2023-10-26,41.0,F,PK,basic,8.23,organic,ios,1,51.2,PROMO_19,0
5393,2021-06-01,33.0,F,CA,basic,9.19,organic,ios,1,79.0,PROMO_1,0
5394,2021-05-06,39.0,M,PK,standard,19.52,paid_search,android,1,65.3,PROMO_1,0
5395,2022-05-23,39.0,M,UK,basic,8.51,paid_search,android,0,32.0,PROMO_16,0
5396,2024-04-27,19.0,M,DE,standard,21.42,referral,ios,0,42.7,PROMO_2,0
5397,2020-11-16,32.0,M,AE,standard,20.24,organic,android,0,60.1,PROMO_1,0
5398,2022-12-16,23.0,F,CA,standard,18.05,paid_search,web,2,27.1,PROMO_1,0
5399,2020-11-27,33.0,M,DE,premium,36.75,organic,ios,1,48.3,PROMO_6,0
5400,2021-02-25,28.0,F,DE,standard,18.65,organic,,1,36.0,PROMO_2,0
5401,2021-03-23,48.0,M,PK,standard,18.5,paid_search,ios,1,50.6,PROMO_4,0
5402,2021-11-03,48.0,F,US,basic,9.9,paid_search,ios,2,36.1,PROMO_6,0
5403,2021-11-24,43.0,F,UK,standard,20.5,social,,2,65.8,PROMO_1,0
5404,2022-06-06,23.0,M,UK,standard,19.05,referral,android,5,42.4,PROMO_19,0
5405,2024-05-07,36.0,F,AE,premium,41.12,partner,web,0,60.0,PROMO_1,0
5406,2022-12-23,22.0,M,UK,standard,20.25,partner,web,1,27.6,PROMO_4,0
5407,2021-09-06,35.0,Other,DE,basic,9.04,organic,web,0,45.4,PROMO_1,0
5408,2021-05-17,44.0,F,PK,standard,19.61,organic,android,0,30.8,PROMO_37,0
5409,2022-04-30,48.0,M,US,premium,40.85,paid_search,web,1,67.9,PROMO_30,0
5410,2021-10-05,42.0,Other,IN,standard,19.74,social,ios,2,38.4,PROMO_1,0
5411,2024-05-11,51.0,M,PK,standard,17.82,social,android,0,48.7,PROMO_1,0
5412,2022-09-03,40.0,F,PK,standard,17.97,paid_search,web,2,55.3,PROMO_2,0
5413,2022-07-11,34.0,M,DE,standard,18.56,partner,web,1,38.8,PROMO_6,0
5414,2021-01-26,47.0,M,PK,basic,8.49,paid_search,ios,0,32.0,PROMO_10,0
5415,2023-04-08,47.0,M,US,basic,7.94,partner,ios,4,52.8,PROMO_15,0
5416,2023-07-29,31.0,M,DE,standard,20.03,partner,,3,21.0,PROMO_3,0
5417,2023-02-10,41.0,F,US,premium,40.08,paid_search,ios,3,70.1,PROMO_2,0
5418,2023-10-19,34.0,M,IN,premium,34.82,organic,android,1,47.9,PROMO_2,0
5419,2022-05-02,18.0,F,IN,basic,8.83,paid_search,android,0,27.9,PROMO_1,0
5420,2022-01-05,42.0,M,UK,basic,8.87,paid_search,web,1,46.0,PROMO_5,1
5421,2021-06-01,23.0,M,SE,basic,9.13,referral,android,2,58.7,PROMO_2,1
5422,2020-10-08,41.0,Other,PK,standard,17.36,partner,android,2,37.7,PROMO_6,0
5423,2024-03-01,20.0,F,PK,standard,16.94,organic,android,0,20.9,PROMO_2,0
5424,2023-07-05,29.0,F,AE,premium,40.62,organic,android,2,48.1,PROMO_15,0
5425,2023-04-23,32.0,F,UK,basic,7.9,referral,android,2,61.4,PROMO_1,0
5426,2023-07-02,50.0,F,PK,standard,18.65,social,android,1,53.5,PROMO_5,0
5427,2021-04-26,31.0,F,US,standard,18.5,referral,,2,56.0,PROMO_6,0
5428,2023-12-01,25.0,M,PK,basic,8.91,paid_search,ios,3,64.4,PROMO_4,0
5429,2024-04-30,41.0,F,PK,premium,39.79,organic,web,1,73.7,PROMO_34,1
5430,2021-03-11,35.0,Other,US,standard,21.43,organic,web,1,9.6,PROMO_1,0
5431,2020-10-23,46.0,F,IN,basic,7.85,organic,ios,2,30.1,PROMO_2,1
5432,2023-08-03,,F,CA,basic,9.63,paid_search,android,0,52.5,PROMO_14,0
5433,2023-03-09,39.0,M,UK,premium,31.16,organic,android,1,54.2,PROMO_1,1
5434,2022-07-17,64.0,F,US,standard,21.12,paid_search,web,1,26.8,PROMO_1,0
5435,2022-06-16,34.0,M,PK,standard,15.89,referral,ios,0,38.3,PROMO_3,0
5436,2020-09-12,39.0,M,US,standard,22.7,organic,web,0,75.8,PROMO_1,0
5437,2022-12-01,19.0,M,AE,basic,8.72,referral,web,1,44.7,PROMO_1,0
5438,2024-05-25,28.0,M,DE,standard,20.96,organic,android,0,53.2,PROMO_1,0
5439,2022-11-05,42.0,M,US,premium,42.38,social,web,1,76.9,PROMO_3,0
5440,2022-05-05,33.0,Other,IN,basic,8.69,organic,,1,51.4,PROMO_26,0
5441,2022-06-28,44.0,F,CA,standard,18.45,referral,ios,0,61.8,PROMO_2,0
5442,2022-07-05,42.0,M,PK,basic,8.4,organic,web,0,58.6,PROMO_13,0
5443,2020-12-15,23.0,M,IN,basic,9.57,paid_search,ios,0,45.0,PROMO_111,0
5444,2021-05-23,48.0,F,PK,basic,8.7,partner,android,0,44.1,PROMO_1,0
5445,2023-06-29,23.0,M,IN,premium,36.44,organic,android,1,67.7,PROMO_7,0
5446,2023-02-06,29.0,M,AE,basic,9.39,referral,ios,1,49.9,PROMO_1,1
5447,2021-12-02,40.0,F,US,basic,8.35,social,ios,0,34.9,PROMO_1,0
5448,2022-11-22,54.0,F,US,standard,18.5,paid_search,android,1,66.2,PROMO_1,0
5449,2022-10-28,26.0,M,UK,basic,9.08,organic,android,0,7.2,PROMO_22,0
5450,2023-10-23,39.0,F,CA,standard,18.02,referral,android,2,73.7,PROMO_12,0
5451,2023-06-25,39.0,F,CA,premium,37.47,partner,ios,0,47.2,PROMO_1,0
5452,2021-08-23,44.0,M,US,basic,10.11,organic,ios,0,50.1,PROMO_1,0
5453,2021-04-04,50.0,M,CA,basic,8.85,referral,web,2,51.2,PROMO_97,0
5454,2021-06-24,33.0,M,US,premium,37.88,referral,android,0,70.0,PROMO_1,0
5455,2023-04-13,48.0,F,US,basic,8.87,social,android,0,52.6,PROMO_4,1
5456,2023-12-05,52.0,F,PK,basic,9.33,referral,android,0,49.7,PROMO_2,0
5457,2023-11-03,57.0,M,CA,premium,35.77,organic,web,0,35.7,PROMO_150,0
5458,2022-12-16,43.0,F,AE,premium,40.33,paid_search,ios,1,39.3,PROMO_3,1
5459,2022-06-27,39.0,M,US,standard,19.39,partner,android,1,59.6,PROMO_11,0
5460,2021-01-25,32.0,M,AE,standard,16.28,referral,android,2,53.3,PROMO_1,0
5461,2021-01-17,21.0,F,IN,premium,44.6,organic,android,0,75.3,PROMO_2,0
5462,2024-06-07,34.0,M,PK,standard,21.22,social,ios,1,37.8,PROMO_1,0
5463,2021-10-08,38.0,M,US,standard,17.78,organic,ios,1,32.7,PROMO_1,0
5464,2023-04-25,36.0,M,US,standard,17.29,organic,ios,1,54.5,PROMO_5,0
5465,2023-09-12,44.0,M,PK,standard,19.35,organic,android,2,48.7,PROMO_2,0
5466,2022-05-07,21.0,F,US,standard,16.83,organic,android,2,32.0,PROMO_2,0
5467,2024-04-25,35.0,M,DE,basic,9.98,paid_search,ios,1,42.2,PROMO_93,0
5468,2023-03-07,,M,PK,standard,18.29,paid_search,android,3,60.6,PROMO_13,0
5469,2022-05-10,48.0,M,CA,standard,21.47,referral,android,0,30.2,PROMO_33,0
5470,2023-06-01,44.0,F,SE,basic,8.41,referral,android,1,32.9,PROMO_18,0
5471,2022-03-15,41.0,M,PK,basic,8.92,paid_search,ios,1,39.1,PROMO_5,0
5472,2022-09-15,33.0,M,US,standard,20.93,organic,ios,1,39.4,PROMO_3,0
5473,2021-06-03,18.0,F,PK,basic,8.77,partner,android,2,61.9,PROMO_23,0
5474,2023-10-04,42.0,F,AE,basic,9.2,organic,ios,2,41.7,PROMO_1,0
5475,2024-03-24,18.0,F,US,basic,9.79,paid_search,android,0,74.5,PROMO_1,0
5476,2022-06-11,33.0,F,UK,basic,8.6,organic,web,1,34.4,PROMO_2,0
5477,2023-06-22,37.0,F,DE,standard,17.08,partner,ios,0,55.5,PROMO_47,1
5478,2021-10-09,32.0,M,DE,basic,7.95,paid_search,android,2,49.4,PROMO_2,0
5479,2024-02-03,61.0,F,UK,basic,9.42,partner,web,0,50.0,PROMO_1,0
5480,2022-04-09,57.0,F,IN,standard,19.59,partner,android,1,13.1,PROMO_8,0
5481,2020-09-14,48.0,F,IN,basic,9.76,partner,ios,2,33.5,PROMO_1,0
5482,2024-02-03,27.0,F,AE,basic,8.8,referral,ios,2,47.5,PROMO_3,0
5483,2023-04-21,58.0,F,PK,standard,16.83,social,,1,20.5,PROMO_3,0
5484,2021-04-02,44.0,F,DE,standard,15.42,partner,android,0,6.2,PROMO_4,0
5485,2022-06-05,27.0,M,IN,standard,23.36,organic,android,2,31.5,PROMO_1,0
5486,2023-10-13,37.0,M,UK,standard,19.8,referral,web,0,55.1,PROMO_1,0
5487,2023-08-21,48.0,M,DE,premium,39.43,organic,web,1,57.2,PROMO_1,0
5488,2021-07-21,30.0,F,US,basic,9.2,paid_search,web,1,31.6,PROMO_1,0
5489,2021-03-10,39.0,F,UK,standard,16.82,paid_search,android,0,47.0,PROMO_1,0
5490,2023-01-30,40.0,F,CA,standard,17.79,partner,ios,3,56.4,PROMO_6,0
5491,2022-08-27,25.0,F,IN,basic,10.26,paid_search,android,1,69.9,PROMO_150,0
5492,2021-06-26,34.0,M,PK,premium,41.05,social,android,2,69.3,PROMO_1,0
5493,2023-10-10,26.0,M,PK,basic,8.45,social,android,2,63.7,PROMO_2,0
5494,2023-08-31,47.0,M,US,premium,35.17,social,web,0,41.9,PROMO_3,0
5495,2021-07-08,27.0,F,US,standard,18.22,organic,android,0,49.3,PROMO_80,0
5496,2023-09-27,40.0,F,DE,standard,18.52,social,,2,51.1,PROMO_1,0
5497,2021-07-13,22.0,M,PK,basic,10.48,social,android,3,46.8,PROMO_6,0
5498,2022-07-26,25.0,F,DE,premium,38.41,partner,ios,0,29.4,PROMO_1,0
5499,2020-09-13,24.0,F,UK,standard,17.19,partner,ios,3,71.6,PROMO_19,0
5500,2024-04-26,34.0,F,AE,basic,8.96,organic,android,1,56.5,PROMO_2,0
5501,2020-11-13,39.0,Other,UK,basic,9.19,organic,ios,2,63.1,PROMO_1,0
5502,2023-08-05,41.0,M,CA,standard,17.05,social,android,0,59.9,PROMO_1,0
5503,2024-04-23,18.0,F,US,basic,9.29,paid_search,android,0,43.5,PROMO_9,0
5504,2021-09-15,35.0,F,US,standard,20.84,social,android,2,27.5,PROMO_1,0
5505,2022-06-07,29.0,M,AE,standard,19.21,referral,ios,4,61.3,PROMO_1,1
5506,2021-04-12,43.0,F,US,basic,8.43,organic,web,0,60.3,PROMO_1,0
5507,2024-01-13,34.0,F,US,standard,18.2,referral,ios,0,54.3,PROMO_1,0
5508,2024-02-20,36.0,F,IN,basic,7.81,organic,android,1,82.3,PROMO_1,0
5509,2022-04-20,29.0,F,DE,premium,38.58,partner,web,0,41.5,PROMO_2,0
5510,2021-02-09,,F,PK,premium,39.97,paid_search,ios,0,45.3,PROMO_1,0
5511,2022-11-29,23.0,M,DE,basic,8.35,referral,ios,1,53.1,PROMO_1,0
5512,2021-06-06,33.0,M,PK,standard,21.95,organic,web,2,42.5,PROMO_1,0
5513,2021-01-07,38.0,M,US,standard,20.2,paid_search,ios,2,46.5,PROMO_5,0
5514,2021-02-26,34.0,F,PK,premium,33.41,organic,ios,3,65.5,PROMO_8,0
5515,2022-07-10,29.0,F,PK,basic,7.72,social,android,2,40.3,PROMO_1,1
5516,2021-10-21,18.0,M,US,standard,17.5,partner,,1,41.3,PROMO_17,0
5517,2022-06-16,29.0,F,UK,premium,43.91,referral,web,0,58.7,PROMO_1,0
5518,2021-11-23,26.0,F,US,basic,9.64,social,ios,0,30.2,PROMO_11,0
5519,2022-04-20,55.0,F,PK,standard,21.47,organic,web,0,48.8,PROMO_1,0
5520,2022-06-17,62.0,F,PK,basic,9.01,partner,ios,0,48.0,PROMO_1,1
5521,2022-10-17,36.0,M,PK,standard,18.68,paid_search,web,1,59.4,PROMO_17,1
5522,2021-12-23,22.0,F,UK,basic,8.1,social,android,0,62.0,PROMO_1,0
5523,2021-08-09,45.0,M,PK,premium,40.09,organic,android,3,47.6,PROMO_1,0
5524,2020-12-20,26.0,F,UK,basic,8.86,referral,android,2,48.7,PROMO_1,1
5525,2022-02-15,31.0,M,US,basic,8.83,paid_search,android,2,49.5,PROMO_1,0
5526,2024-01-24,30.0,M,PK,standard,21.46,paid_search,ios,0,45.4,PROMO_47,0
5527,2022-03-23,31.0,F,DE,standard,18.81,organic,ios,1,69.4,PROMO_2,0
5528,2023-04-02,33.0,M,AE,standard,21.02,social,android,0,57.5,PROMO_2,0
5529,2024-05-04,23.0,M,AE,standard,16.59,organic,ios,2,69.0,PROMO_2,0
5530,2024-03-03,29.0,F,US,basic,10.94,partner,android,1,36.8,PROMO_1,0
5531,2022-03-18,48.0,M,US,standard,18.43,referral,ios,1,68.8,PROMO_1,0
5532,2020-11-15,37.0,M,UK,basic,9.51,partner,ios,1,51.8,PROMO_1,0
5533,2022-07-14,38.0,M,SE,basic,9.62,paid_search,android,1,60.3,PROMO_1,0
5534,2022-10-05,18.0,F,US,premium,37.45,social,ios,1,21.4,PROMO_1,0
5535,2024-02-09,47.0,F,AE,standard,20.24,paid_search,ios,4,74.4,PROMO_8,0
5536,2021-11-22,29.0,F,US,basic,9.63,partner,android,3,56.6,PROMO_2,0
5537,2024-03-26,49.0,F,IN,basic,8.49,paid_search,,1,78.0,PROMO_1,0
5538,2021-04-07,39.0,F,PK,premium,36.81,paid_search,android,1,66.7,PROMO_1,0
5539,2021-05-11,31.0,M,US,basic,9.03,paid_search,ios,1,19.3,PROMO_3,0
5540,2020-09-12,19.0,F,US,basic,8.92,paid_search,web,1,72.8,PROMO_1,1
5541,2023-05-15,61.0,F,DE,basic,10.0,referral,android,0,52.8,PROMO_2,0
5542,2023-10-31,46.0,F,DE,basic,9.51,organic,android,1,59.6,PROMO_1,0
5543,2023-04-24,46.0,F,DE,basic,8.95,social,web,1,58.1,PROMO_3,0
5544,2021-06-03,57.0,M,DE,premium,40.89,paid_search,ios,1,48.5,PROMO_2,0
5545,2023-08-14,39.0,M,US,basic,7.53,organic,android,2,43.9,PROMO_1,0
5546,2021-02-02,52.0,F,PK,standard,18.06,partner,ios,2,60.6,PROMO_2,0
5547,2023-11-11,32.0,F,IN,standard,19.44,referral,web,1,37.5,PROMO_1,0
5548,2024-04-04,45.0,F,US,standard,20.7,partner,android,1,50.4,PROMO_1,0
5549,2023-08-13,30.0,Other,PK,standard,19.3,paid_search,ios,3,71.0,PROMO_1,0
5550,2021-08-05,31.0,F,PK,standard,21.22,referral,web,0,31.7,PROMO_1,0
5551,2022-03-02,38.0,F,US,standard,20.32,social,,1,47.0,PROMO_1,0
5552,2023-02-07,23.0,F,US,standard,18.26,social,web,1,67.5,PROMO_3,0
5553,2021-12-18,41.0,F,AE,standard,18.79,organic,web,2,37.7,PROMO_14,0
5554,2021-12-28,34.0,F,AE,standard,19.62,organic,ios,2,21.4,PROMO_7,1
5555,2022-05-07,18.0,M,PK,standard,18.32,organic,,0,20.3,PROMO_3,0
5556,2022-07-02,32.0,F,PK,basic,10.1,social,ios,5,42.9,PROMO_1,0
5557,2024-01-22,33.0,F,IN,standard,17.31,referral,ios,1,75.3,PROMO_1,0
5558,2023-06-18,46.0,F,DE,standard,19.48,social,android,0,38.6,PROMO_1,0
5559,2022-06-13,40.0,F,IN,basic,9.53,organic,android,1,45.7,PROMO_18,1
5560,2023-12-07,53.0,M,PK,premium,38.02,referral,android,3,50.8,PROMO_3,0
5561,2022-08-24,43.0,M,IN,basic,8.61,organic,android,1,66.6,PROMO_5,0
5562,2024-01-01,31.0,M,IN,basic,8.95,referral,ios,0,62.9,PROMO_1,0
5563,2021-06-20,36.0,M,US,premium,41.53,paid_search,web,1,47.7,PROMO_1,0
5564,2024-01-20,33.0,M,AE,basic,8.64,social,android,1,59.0,PROMO_1,0
5565,2024-02-04,42.0,M,PK,basic,8.23,organic,ios,2,65.9,PROMO_2,0
5566,2022-01-12,,M,AE,basic,9.83,paid_search,ios,2,25.3,PROMO_116,0
5567,2023-08-11,30.0,M,CA,premium,40.25,paid_search,,1,44.3,PROMO_57,0
5568,2023-02-12,37.0,M,US,basic,9.73,paid_search,ios,3,32.0,PROMO_1,0
5569,2023-04-04,42.0,M,PK,standard,20.15,organic,android,0,39.1,PROMO_2,0
5570,2023-08-17,26.0,F,US,standard,22.31,paid_search,android,0,59.8,PROMO_2,0
5571,2021-07-25,40.0,M,DE,standard,20.69,organic,android,3,32.0,PROMO_150,0
5572,2021-10-30,20.0,F,DE,premium,36.74,partner,web,4,84.6,PROMO_1,0
5573,2023-07-17,49.0,M,US,standard,19.71,paid_search,web,1,59.9,PROMO_1,1
5574,2021-11-06,43.0,M,NZ,basic,8.6,paid_search,ios,0,41.2,PROMO_1,1
5575,2021-09-30,55.0,M,PK,premium,37.58,social,ios,1,48.0,PROMO_2,0
5576,2022-05-28,25.0,M,PK,standard,16.85,referral,ios,0,30.7,PROMO_1,0
5577,2022-04-04,49.0,M,PK,basic,8.79,organic,android,1,27.9,PROMO_2,0
5578,2020-11-28,47.0,M,CA,basic,9.39,social,android,2,44.2,PROMO_13,0
5579,2022-09-23,35.0,F,DE,standard,18.9,partner,android,0,69.6,PROMO_1,0
5580,2022-12-27,33.0,F,DE,basic,8.21,paid_search,android,0,28.9,PROMO_6,1
5581,2022-05-29,25.0,F,IN,standard,16.69,organic,web,0,68.5,PROMO_2,0
5582,2021-04-14,22.0,F,US,basic,10.52,organic,ios,0,47.2,PROMO_1,1
5583,2021-10-05,29.0,F,US,standard,19.49,partner,ios,2,53.6,PROMO_3,1
5584,2024-02-28,23.0,M,AE,basic,8.41,organic,web,1,51.1,PROMO_2,0
5585,2022-09-16,55.0,M,US,standard,19.7,organic,ios,2,61.6,PROMO_1,0
5586,2021-08-25,20.0,F,UK,basic,10.58,partner,ios,2,66.5,PROMO_1,0
5587,2023-08-06,39.0,M,PK,basic,9.45,referral,,3,46.8,PROMO_3,1
5588,2020-09-15,,F,US,basic,6.99,paid_search,android,1,57.6,PROMO_1,0
5589,2021-05-22,41.0,M,US,basic,10.91,organic,android,1,69.5,PROMO_1,0
5590,2021-03-30,42.0,F,PK,standard,16.19,social,ios,2,62.2,PROMO_1,0
5591,2024-02-19,47.0,M,NZ,standard,18.69,referral,android,1,43.8,PROMO_2,0
5592,2022-04-03,32.0,F,PK,basic,8.18,organic,ios,2,47.1,PROMO_10,0
5593,2022-06-13,38.0,F,IN,premium,36.69,organic,web,4,35.2,PROMO_1,1
5594,2022-01-28,34.0,F,PK,basic,9.2,partner,web,1,77.3,PROMO_3,0
5595,2021-03-25,51.0,M,IN,basic,7.51,referral,android,1,54.6,PROMO_4,0
5596,2023-02-09,60.0,M,UK,standard,18.86,paid_search,android,1,28.9,PROMO_96,0
5597,2022-06-05,24.0,M,PK,standard,20.74,partner,web,3,37.4,PROMO_1,0
5598,2021-11-16,18.0,M,PK,standard,17.72,social,web,1,47.7,PROMO_4,1
5599,2021-08-06,43.0,F,US,basic,8.0,partner,android,5,70.1,PROMO_2,0
5600,2021-07-13,49.0,M,CA,basic,8.9,organic,web,1,47.1,PROMO_1,0
5601,2023-03-04,59.0,M,PK,standard,18.49,paid_search,web,2,59.1,PROMO_1,0
5602,2020-09-02,45.0,F,PK,basic,8.57,social,android,1,39.3,PROMO_3,0
5603,2024-05-28,52.0,M,AE,basic,8.14,paid_search,android,2,59.7,PROMO_150,1
5604,2022-08-01,55.0,F,AE,premium,40.62,paid_search,web,1,69.5,PROMO_1,0
5605,2022-02-21,53.0,F,US,standard,19.9,social,ios,1,61.8,PROMO_150,0
5606,2024-03-18,47.0,F,PK,basic,8.23,social,ios,1,13.1,PROMO_2,0
5607,2022-09-27,23.0,M,UK,basic,8.33,organic,web,3,47.7,PROMO_2,0
5608,2022-03-11,37.0,M,PK,standard,19.21,paid_search,web,1,34.1,PROMO_4,0
5609,2022-02-23,40.0,F,AE,basic,8.31,social,android,0,60.1,PROMO_1,0
5610,2023-12-29,36.0,M,PK,basic,9.13,social,ios,0,51.1,PROMO_2,0
5611,2023-05-25,37.0,M,NZ,basic,10.06,paid_search,web,3,75.7,PROMO_2,0
5612,2023-07-09,54.0,M,UK,standard,18.91,organic,android,1,45.0,PROMO_2,0
5613,2022-01-09,29.0,Other,UK,standard,17.16,organic,android,1,51.1,PROMO_1,0
5614,2023-03-15,46.0,M,CA,basic,9.28,referral,web,0,48.2,PROMO_1,0
5615,2022-04-14,40.0,F,NZ,basic,8.87,referral,ios,1,60.8,PROMO_1,0
5616,2021-09-06,28.0,M,DE,standard,18.77,social,,0,35.4,PROMO_1,0
5617,2021-06-06,25.0,F,UK,standard,19.72,social,android,1,35.0,PROMO_19,0
5618,2023-10-01,18.0,F,IN,standard,20.05,organic,web,0,41.6,PROMO_150,0
5619,2021-01-11,42.0,F,PK,basic,9.03,paid_search,android,1,58.8,PROMO_98,0
5620,2023-10-26,36.0,M,DE,standard,18.91,paid_search,android,3,65.6,PROMO_1,0
5621,2024-05-11,28.0,Other,AE,premium,45.44,paid_search,web,0,48.6,PROMO_36,1
5622,2024-04-09,18.0,F,UK,standard,20.82,organic,web,1,58.9,PROMO_1,0
5623,2023-09-07,42.0,M,IN,basic,9.6,organic,android,0,57.6,PROMO_6,0
5624,2021-02-21,35.0,F,DE,standard,19.2,partner,ios,0,49.1,PROMO_1,0
5625,2023-08-29,29.0,M,DE,basic,8.28,social,android,2,48.8,PROMO_1,0
5626,2021-10-27,26.0,F,IN,basic,9.81,referral,android,0,61.4,PROMO_1,0
5627,2022-11-11,34.0,M,AE,basic,9.1,social,web,1,78.7,PROMO_2,1
5628,2024-04-16,42.0,M,PK,premium,37.2,referral,ios,1,64.8,PROMO_8,0
5629,2022-10-07,33.0,F,PK,basic,8.82,organic,ios,1,68.0,PROMO_1,0
5630,2024-05-02,24.0,M,UK,premium,35.99,organic,,1,80.6,PROMO_2,0
5631,2022-08-23,36.0,Other,PK,standard,20.61,social,ios,1,39.5,PROMO_19,0
5632,2022-05-02,49.0,F,AE,standard,20.04,paid_search,android,2,60.5,PROMO_3,0
5633,2022-06-22,37.0,M,CA,basic,9.13,organic,android,0,71.8,PROMO_2,0
5634,2023-05-18,38.0,M,PK,standard,18.93,social,,1,64.1,PROMO_48,0
5635,2021-07-19,33.0,F,IN,basic,8.51,organic,web,1,41.0,PROMO_1,0
5636,2022-03-10,,F,DE,basic,7.47,organic,web,1,38.0,PROMO_1,0
5637,2023-06-25,27.0,M,NZ,basic,7.98,partner,android,2,74.5,PROMO_1,0
5638,2022-10-20,19.0,M,PK,basic,8.47,social,ios,3,56.2,PROMO_4,0
5639,2024-01-13,50.0,M,US,standard,17.64,paid_search,android,1,54.6,PROMO_4,0
5640,2020-12-14,42.0,M,AE,basic,9.21,organic,ios,1,50.3,PROMO_1,0
5641,2021-08-06,38.0,M,DE,basic,9.58,partner,web,1,72.7,PROMO_1,0
5642,2023-05-10,40.0,F,IN,premium,38.6,partner,ios,1,64.6,PROMO_3,0
5643,2021-11-22,41.0,F,IN,basic,10.01,organic,android,2,47.2,PROMO_1,0
5644,2021-11-16,29.0,F,PK,basic,8.44,paid_search,ios,0,63.7,PROMO_3,0
5645,2022-02-20,33.0,F,US,basic,8.9,social,android,1,52.7,PROMO_44,0
5646,2024-03-28,32.0,M,DE,basic,8.96,organic,android,2,63.1,PROMO_4,0
5647,2021-02-14,,M,PK,standard,20.66,paid_search,android,1,70.3,PROMO_1,0
5648,2020-10-30,48.0,F,SE,basic,9.08,organic,android,1,68.5,PROMO_1,0
5649,2020-10-05,39.0,M,DE,basic,9.1,organic,ios,1,24.1,PROMO_150,0
5650,2020-09-26,52.0,F,CA,standard,16.48,social,android,2,57.7,PROMO_1,0
5651,2020-12-07,51.0,F,IN,basic,8.35,paid_search,ios,2,72.2,PROMO_2,0
5652,2021-08-26,22.0,M,PK,premium,42.42,social,android,1,39.2,PROMO_16,1
5653,2024-03-24,35.0,F,US,premium,32.52,organic,ios,1,79.8,PROMO_3,0
5654,2022-09-08,37.0,M,AE,basic,9.97,paid_search,android,2,59.3,PROMO_2,0
5655,2023-07-08,44.0,F,CA,basic,9.36,partner,android,4,64.4,PROMO_5,0
5656,2023-08-12,35.0,F,DE,basic,8.46,paid_search,ios,2,64.4,PROMO_36,0
5657,2021-04-21,36.0,M,PK,basic,8.4,paid_search,android,0,29.8,PROMO_1,0
5658,2021-05-16,32.0,M,AE,basic,10.37,paid_search,android,1,64.9,PROMO_1,0
5659,2022-06-21,49.0,M,PK,standard,21.15,referral,ios,0,57.4,PROMO_62,0
5660,2021-08-29,21.0,M,US,basic,8.91,social,android,0,43.3,PROMO_1,0
5661,2023-12-15,32.0,M,NZ,basic,9.1,organic,ios,1,74.4,PROMO_46,0
5662,2023-08-09,18.0,M,PK,basic,8.53,organic,android,0,21.6,PROMO_1,0
5663,2021-03-11,26.0,F,PK,premium,39.42,social,ios,0,40.8,PROMO_1,1
5664,2022-09-27,40.0,F,US,premium,36.9,referral,android,1,71.8,PROMO_1,0
5665,2022-05-18,41.0,M,IN,basic,8.94,organic,web,3,65.1,PROMO_1,1
5666,2022-09-11,34.0,M,PK,standard,21.75,paid_search,android,1,41.9,PROMO_1,1
5667,2023-09-06,49.0,F,PK,basic,8.93,social,,1,39.3,PROMO_6,0
5668,2021-04-27,52.0,F,US,standard,17.41,paid_search,android,0,47.6,PROMO_4,0
5669,2021-07-30,36.0,F,AE,standard,16.92,social,ios,0,55.9,PROMO_150,0
5670,2021-11-10,40.0,F,PK,premium,39.4,paid_search,android,1,44.8,PROMO_6,0
5671,2023-02-09,32.0,F,CA,basic,8.45,social,,0,50.2,PROMO_2,0
5672,2022-01-05,44.0,M,CA,basic,9.18,referral,android,0,52.9,PROMO_2,0
5673,2020-11-03,24.0,M,UK,premium,33.95,partner,android,4,46.7,PROMO_1,0
5674,2021-12-27,57.0,Other,PK,basic,9.5,social,android,0,45.1,PROMO_2,0
5675,2022-07-29,50.0,M,UK,basic,8.24,paid_search,ios,2,34.3,PROMO_3,0
5676,2023-06-03,24.0,F,PK,standard,19.07,social,ios,4,51.5,PROMO_2,0
5677,2022-06-20,28.0,M,US,standard,18.49,referral,ios,0,51.2,PROMO_1,0
5678,2023-01-15,42.0,M,DE,standard,21.61,paid_search,android,1,37.9,PROMO_1,0
5679,2022-02-18,33.0,M,PK,standard,19.26,paid_search,ios,1,56.1,PROMO_1,0
5680,2024-04-08,43.0,M,PK,standard,21.96,organic,ios,1,69.6,PROMO_9,1
5681,2023-09-22,33.0,M,PK,basic,9.4,social,android,4,52.9,PROMO_9,0
5682,2021-06-21,54.0,F,PK,standard,21.17,paid_search,ios,1,58.3,PROMO_1,0
5683,2023-01-02,37.0,F,PK,standard,18.68,organic,android,2,66.7,PROMO_2,0
5684,2022-10-22,64.0,F,US,premium,40.08,social,android,0,51.4,PROMO_1,0
5685,2022-05-22,44.0,F,DE,basic,9.88,partner,web,1,65.3,PROMO_2,0
5686,2022-10-15,22.0,M,PK,basic,9.65,organic,ios,0,17.3,PROMO_2,0
5687,2021-07-30,60.0,F,US,standard,19.81,paid_search,ios,1,41.3,PROMO_1,0
5688,2023-07-08,49.0,F,IN,basic,8.76,partner,,2,35.4,PROMO_1,0
5689,2021-07-30,41.0,M,UK,basic,8.89,partner,ios,1,73.0,PROMO_9,0
5690,2023-08-26,44.0,M,CA,standard,20.73,paid_search,ios,3,61.4,PROMO_1,0
5691,2023-01-16,24.0,M,US,standard,21.05,organic,web,1,33.7,PROMO_150,0
5692,2022-03-22,18.0,F,PK,basic,8.57,paid_search,web,0,37.2,PROMO_1,0
5693,2021-02-04,37.0,F,PK,basic,8.46,paid_search,,1,31.3,PROMO_5,0
5694,2023-07-26,52.0,M,DE,basic,8.35,paid_search,android,2,56.8,PROMO_6,0
5695,2022-03-23,41.0,M,IN,standard,20.26,social,ios,3,54.8,PROMO_2,0
5696,2024-03-14,,F,US,basic,8.33,referral,,0,45.5,PROMO_150,0
5697,2024-02-27,52.0,M,US,basic,9.59,social,android,0,38.7,PROMO_1,0
5698,2021-07-17,37.0,M,US,basic,9.39,referral,web,0,51.4,PROMO_5,0
5699,2021-09-22,50.0,M,PK,basic,8.61,social,ios,2,90.5,PROMO_1,1
5700,2023-01-08,54.0,F,PK,basic,10.13,paid_search,android,2,46.1,PROMO_6,0
5701,2022-02-02,36.0,M,NZ,basic,7.95,organic,android,0,69.0,PROMO_1,1
5702,2023-01-03,35.0,M,PK,standard,21.52,referral,ios,2,47.4,PROMO_1,0
5703,2023-05-25,39.0,F,US,basic,9.23,social,ios,1,66.4,PROMO_14,0
5704,2022-10-24,18.0,F,AE,basic,7.51,paid_search,android,0,60.9,PROMO_7,0
5705,2023-04-07,40.0,F,US,basic,10.15,organic,android,0,51.4,PROMO_1,0
5706,2021-05-13,45.0,F,NZ,basic,9.7,social,android,2,61.4,PROMO_2,0
5707,2022-11-20,,F,PK,basic,8.69,organic,android,1,69.8,PROMO_109,0
5708,2023-03-26,41.0,F,IN,basic,8.31,referral,ios,2,52.9,PROMO_7,0
5709,2022-06-02,37.0,M,PK,basic,7.87,organic,android,0,49.1,PROMO_2,0
5710,2021-07-30,18.0,M,PK,basic,10.74,social,ios,1,61.8,PROMO_10,0
5711,2023-05-30,55.0,M,UK,standard,17.6,paid_search,android,1,76.3,PROMO_3,0
5712,2020-11-22,33.0,M,IN,basic,8.09,paid_search,web,0,31.0,PROMO_1,0
5713,2022-09-10,30.0,F,US,standard,19.41,referral,web,1,32.8,PROMO_5,0
5714,2021-12-12,52.0,F,PK,standard,16.51,organic,android,0,73.1,PROMO_1,0
5715,2020-10-29,48.0,M,US,basic,8.29,organic,web,1,43.7,PROMO_4,0
5716,2022-10-24,40.0,M,PK,basic,9.72,organic,ios,1,70.5,PROMO_6,0
5717,2023-09-09,45.0,F,CA,basic,9.33,organic,web,0,41.7,PROMO_3,0
5718,2021-08-14,24.0,M,IN,basic,8.72,paid_search,android,0,44.8,PROMO_1,0
5719,2024-06-01,36.0,M,AE,standard,19.03,organic,web,0,67.4,PROMO_1,0
5720,2022-09-18,51.0,M,US,basic,8.68,paid_search,ios,2,62.8,PROMO_2,0
5721,2020-09-27,30.0,M,AE,standard,18.91,social,android,3,34.8,PROMO_4,0
5722,2022-11-17,26.0,F,UK,basic,8.45,referral,web,3,60.8,PROMO_8,0
5723,2021-11-09,38.0,M,PK,standard,18.12,organic,web,1,41.8,PROMO_3,0
5724,2022-06-17,38.0,M,US,standard,18.07,referral,,2,58.4,PROMO_10,0
5725,2023-08-19,44.0,M,AE,standard,17.9,partner,,2,52.7,PROMO_1,0
5726,2023-03-30,22.0,M,CA,premium,42.26,social,web,1,49.3,PROMO_10,0
5727,2022-06-19,18.0,M,US,premium,41.4,social,ios,2,42.6,PROMO_4,0
5728,2024-01-19,47.0,M,CA,basic,8.33,paid_search,ios,2,26.8,PROMO_23,0
5729,2022-11-16,25.0,F,DE,basic,8.14,organic,android,0,42.4,PROMO_3,0
5730,2022-11-16,30.0,M,IN,basic,8.89,partner,android,3,62.3,PROMO_2,0
5731,2021-04-15,18.0,M,NZ,basic,10.55,partner,ios,0,58.7,PROMO_4,0
5732,2023-12-23,48.0,M,PK,standard,17.44,paid_search,ios,0,39.4,PROMO_1,0
5733,2021-04-05,41.0,M,US,basic,8.88,organic,ios,0,68.5,PROMO_1,0
5734,2022-11-22,40.0,M,DE,basic,9.06,organic,ios,3,57.4,PROMO_15,0
5735,2021-12-25,40.0,Other,CA,standard,18.83,paid_search,android,1,61.2,PROMO_2,0
5736,2022-05-04,18.0,F,PK,basic,8.67,partner,ios,1,36.4,PROMO_2,0
5737,2023-04-24,26.0,F,AE,standard,20.76,organic,android,0,79.1,PROMO_3,0
5738,2020-12-04,32.0,M,IN,basic,9.33,social,ios,0,59.3,PROMO_1,0
5739,2023-08-06,29.0,F,PK,standard,20.29,referral,web,0,75.2,PROMO_2,0
5740,2024-04-22,34.0,F,US,standard,19.9,paid_search,ios,2,42.7,PROMO_1,1
5741,2021-08-10,40.0,M,US,basic,9.64,social,android,2,24.7,PROMO_4,0
5742,2022-02-04,48.0,M,US,standard,21.41,paid_search,web,1,38.0,PROMO_1,0
5743,2021-01-29,21.0,F,UK,basic,9.96,organic,android,1,67.8,PROMO_1,0
5744,2022-09-18,37.0,F,PK,standard,22.53,paid_search,android,2,35.2,PROMO_3,0
5745,2024-05-18,45.0,F,DE,standard,20.85,organic,,0,74.6,PROMO_2,0
5746,2024-05-14,27.0,M,PK,basic,8.52,social,android,1,41.3,PROMO_22,0
5747,2022-10-22,35.0,F,CA,standard,20.29,paid_search,android,3,58.0,PROMO_1,1
5748,2023-07-02,42.0,F,PK,premium,41.22,referral,web,2,55.7,PROMO_3,0
5749,2020-12-16,37.0,M,CA,standard,21.92,social,android,1,47.5,PROMO_3,0
5750,2023-12-30,44.0,Other,US,standard,17.53,partner,ios,2,47.6,PROMO_20,0
5751,2021-02-11,38.0,F,AE,standard,19.85,social,ios,2,37.4,PROMO_150,0
5752,2023-08-16,34.0,M,PK,basic,8.51,social,android,0,81.6,PROMO_12,0
5753,2023-12-29,24.0,M,UK,standard,19.78,paid_search,ios,1,60.0,PROMO_1,0
5754,2023-05-29,40.0,F,PK,standard,18.67,paid_search,android,0,27.8,PROMO_3,0
5755,2023-11-25,38.0,M,PK,basic,9.35,social,web,1,31.8,PROMO_2,0
5756,2022-12-05,26.0,F,DE,basic,7.98,social,web,0,60.1,PROMO_2,0
5757,2023-03-12,,F,PK,basic,9.57,social,android,3,52.0,PROMO_28,0
5758,2022-06-11,51.0,F,IN,basic,9.15,organic,,0,24.9,PROMO_1,0
5759,2022-05-31,30.0,F,UK,basic,9.11,organic,ios,0,90.3,PROMO_1,0
5760,2024-06-09,29.0,M,PK,basic,10.4,organic,ios,0,10.3,PROMO_4,0
5761,2023-12-21,29.0,M,IN,standard,18.42,organic,android,2,45.2,PROMO_1,0
5762,2023-10-31,19.0,M,PK,basic,9.25,referral,android,2,52.4,PROMO_1,0
5763,2023-09-16,59.0,M,CA,basic,9.07,paid_search,android,0,41.9,PROMO_5,0
5764,2024-02-02,32.0,F,US,standard,19.3,paid_search,ios,1,64.9,PROMO_1,1
5765,2023-04-03,28.0,M,UK,basic,10.6,organic,android,2,59.8,PROMO_3,0
5766,2022-05-14,25.0,M,CA,basic,9.05,referral,,1,54.3,PROMO_1,0
5767,2023-04-11,33.0,F,PK,standard,18.14,organic,web,1,51.1,PROMO_2,0
5768,2023-03-14,29.0,M,AE,premium,44.84,organic,android,0,60.2,PROMO_1,0
5769,2022-09-02,53.0,M,PK,standard,18.53,referral,ios,4,49.0,PROMO_1,0
5770,2022-05-16,23.0,M,DE,basic,7.84,social,android,1,29.5,PROMO_1,0
5771,2023-03-12,20.0,F,PK,basic,8.47,organic,ios,1,66.7,PROMO_30,0
5772,2023-08-09,43.0,F,PK,premium,35.11,organic,android,2,78.4,PROMO_1,0
5773,2022-11-24,36.0,Other,PK,standard,16.26,paid_search,web,0,53.4,PROMO_2,0
5774,2024-05-08,35.0,M,AE,standard,18.45,social,android,0,53.7,PROMO_3,0
5775,2022-08-01,43.0,M,NZ,standard,18.89,organic,web,0,51.6,PROMO_1,0
5776,2020-11-19,39.0,M,SE,basic,9.85,social,android,1,32.4,PROMO_2,1
5777,2022-12-09,36.0,F,DE,basic,9.45,paid_search,web,3,44.0,PROMO_5,1
5778,2024-01-13,22.0,Other,CA,standard,19.89,social,android,2,64.1,PROMO_1,0
5779,2021-10-09,19.0,M,IN,premium,36.21,social,android,1,56.0,PROMO_1,0
5780,2023-12-18,29.0,M,UK,basic,9.64,referral,web,0,77.9,PROMO_2,0
5781,2023-09-17,25.0,F,PK,standard,21.11,organic,android,1,63.4,PROMO_2,0
5782,2023-11-21,40.0,F,AE,basic,9.28,organic,ios,3,46.1,PROMO_1,0
5783,2021-02-07,18.0,F,PK,premium,40.32,organic,ios,2,62.3,PROMO_1,0
5784,2020-09-25,32.0,F,CA,basic,8.09,organic,android,2,49.3,PROMO_54,1
5785,2022-04-16,35.0,F,US,standard,20.6,paid_search,android,0,27.5,PROMO_1,0
5786,2022-02-09,37.0,F,PK,basic,10.28,organic,web,1,67.9,PROMO_1,0
5787,2022-01-02,41.0,M,CA,standard,19.49,referral,ios,0,59.9,PROMO_5,0
5788,2022-02-19,33.0,M,PK,standard,18.1,referral,web,0,96.4,PROMO_1,0
5789,2022-05-22,30.0,F,SE,basic,8.88,social,ios,0,44.2,PROMO_2,0
5790,2020-09-18,51.0,F,SE,standard,18.36,paid_search,ios,0,63.3,PROMO_39,0
5791,2021-09-03,33.0,M,AE,premium,37.88,social,ios,2,41.2,PROMO_150,0
5792,2024-02-09,53.0,M,DE,premium,41.02,social,android,0,39.3,PROMO_1,0
5793,2022-12-18,33.0,M,PK,basic,9.2,social,web,0,87.2,PROMO_5,0
5794,2020-10-05,37.0,Other,US,standard,20.53,organic,web,3,21.3,PROMO_1,0
5795,2022-12-01,35.0,F,IN,standard,19.56,referral,ios,0,51.7,PROMO_5,0
5796,2023-09-03,40.0,M,PK,standard,17.69,paid_search,web,0,78.3,PROMO_2,0
5797,2021-02-28,32.0,M,PK,basic,8.64,organic,android,1,29.0,PROMO_8,0
5798,2022-02-02,38.0,M,US,standard,18.14,paid_search,android,1,44.5,PROMO_1,0
5799,2022-04-26,54.0,M,AE,basic,8.87,organic,android,0,65.8,PROMO_150,0
5800,2022-11-09,49.0,M,DE,basic,10.29,partner,ios,2,34.1,PROMO_2,0
5801,2023-12-22,49.0,F,PK,basic,10.41,social,android,1,57.1,PROMO_3,0
5802,2022-12-29,22.0,F,PK,basic,9.6,referral,android,0,40.3,PROMO_34,0
5803,2022-10-16,24.0,F,CA,basic,9.09,partner,ios,1,72.2,PROMO_1,0
5804,2020-12-03,39.0,M,PK,basic,8.02,social,,0,71.7,PROMO_2,0
5805,2023-04-13,45.0,M,PK,standard,19.33,referral,ios,3,44.9,PROMO_33,0
5806,2023-11-18,31.0,F,PK,standard,17.8,partner,android,0,9.1,PROMO_3,0
5807,2022-10-30,29.0,F,DE,basic,10.17,organic,android,1,59.9,PROMO_3,0
5808,2020-09-04,52.0,M,PK,standard,16.56,organic,ios,0,67.5,PROMO_27,0
5809,2022-08-15,45.0,F,US,premium,40.2,paid_search,android,0,60.0,PROMO_28,0
5810,2023-01-04,49.0,M,UK,premium,36.27,social,android,0,58.1,PROMO_111,0
5811,2021-12-03,32.0,F,PK,standard,18.99,referral,android,1,56.1,PROMO_1,0
5812,2021-12-28,31.0,M,SE,premium,41.08,paid_search,web,0,47.0,PROMO_1,0
5813,2023-04-24,47.0,M,IN,standard,20.55,referral,android,1,40.6,PROMO_1,0
5814,2020-10-14,34.0,F,AE,premium,38.81,social,android,1,52.6,PROMO_1,0
5815,2022-03-15,30.0,M,US,premium,41.37,paid_search,,0,48.4,PROMO_1,0
5816,2024-03-23,27.0,M,PK,basic,8.52,social,android,4,62.2,PROMO_1,1
5817,2022-11-26,31.0,F,UK,premium,39.77,referral,ios,2,39.1,PROMO_150,0
5818,2020-12-15,47.0,F,PK,standard,20.52,paid_search,ios,2,45.3,PROMO_1,0
5819,2022-12-16,20.0,M,AE,standard,19.5,paid_search,android,2,53.0,PROMO_1,0
5820,2022-04-19,44.0,M,PK,premium,37.35,social,web,0,40.3,PROMO_3,0
5821,2022-02-16,29.0,M,DE,basic,8.8,paid_search,ios,1,30.7,PROMO_5,0
5822,2021-10-12,35.0,F,US,basic,9.73,organic,,1,61.2,PROMO_2,0
5823,2021-02-23,35.0,M,UK,standard,17.34,referral,web,0,32.0,PROMO_1,0
5824,2023-11-18,35.0,M,PK,standard,17.56,organic,web,2,54.4,PROMO_1,0
5825,2022-06-28,34.0,F,PK,premium,40.88,organic,android,2,59.5,PROMO_3,0
5826,2022-06-05,32.0,F,US,premium,37.63,referral,,1,72.9,PROMO_2,0
5827,2023-11-13,31.0,F,US,standard,16.79,social,android,2,86.1,PROMO_1,0
5828,2021-11-24,52.0,M,NZ,premium,43.21,paid_search,ios,1,71.3,PROMO_1,0
5829,2023-12-30,37.0,F,US,basic,8.21,paid_search,ios,1,40.9,PROMO_7,1
5830,2022-09-20,36.0,M,PK,premium,38.38,organic,android,1,47.1,PROMO_1,0
5831,2023-03-13,30.0,F,UK,basic,8.55,organic,,2,56.0,PROMO_4,0
5832,2023-11-10,33.0,M,US,standard,18.55,partner,ios,0,50.6,PROMO_4,0
5833,2021-05-03,30.0,F,IN,basic,8.36,organic,android,2,53.8,PROMO_3,1
5834,2023-07-10,45.0,M,PK,standard,20.09,organic,ios,1,70.2,PROMO_2,0
5835,2023-06-24,29.0,M,IN,basic,9.08,referral,android,2,53.4,PROMO_10,0
5836,2021-03-19,18.0,M,AE,basic,9.71,referral,ios,2,65.2,PROMO_1,0
5837,2021-02-16,38.0,Other,PK,standard,18.07,social,android,2,34.5,PROMO_1,0
5838,2024-04-24,34.0,F,US,standard,22.24,organic,ios,2,58.7,PROMO_1,0
5839,2023-05-24,31.0,F,US,basic,7.63,organic,android,5,26.3,PROMO_3,1
5840,2021-10-06,47.0,F,UK,standard,16.59,partner,ios,1,68.2,PROMO_1,0
5841,2021-07-03,18.0,M,US,basic,10.26,social,ios,2,48.6,PROMO_1,0
5842,2020-08-31,54.0,M,UK,basic,9.34,referral,android,1,30.7,PROMO_2,0
5843,2022-05-07,49.0,F,DE,basic,9.25,paid_search,ios,1,47.2,PROMO_4,0
5844,2024-05-31,30.0,M,UK,standard,19.66,referral,web,1,58.5,PROMO_1,0
5845,2021-02-21,32.0,F,AE,standard,19.87,partner,android,2,32.8,PROMO_1,0
5846,2023-11-01,43.0,M,IN,standard,19.46,paid_search,ios,2,38.2,PROMO_1,0
5847,2023-12-27,43.0,F,US,standard,17.53,paid_search,android,0,45.4,PROMO_1,0
5848,2021-11-23,30.0,Other,US,standard,20.24,organic,ios,1,63.9,PROMO_50,0
5849,2022-02-28,19.0,M,PK,standard,20.0,social,web,0,21.2,PROMO_28,0
5850,2024-03-20,60.0,Other,PK,premium,43.46,organic,ios,1,58.2,PROMO_2,0
5851,2023-10-21,48.0,M,PK,basic,10.27,organic,android,1,47.5,PROMO_2,0
5852,2022-03-20,39.0,F,US,basic,9.24,social,android,1,67.4,PROMO_11,0
5853,2023-06-24,39.0,M,DE,basic,8.12,social,ios,1,57.4,PROMO_1,0
5854,2021-11-10,44.0,M,PK,standard,21.69,paid_search,android,1,71.7,PROMO_1,0
5855,2022-11-20,45.0,F,DE,standard,17.45,partner,ios,1,57.5,PROMO_6,0
5856,2022-03-22,18.0,F,PK,basic,9.24,organic,,1,33.2,PROMO_15,0
5857,2022-08-25,33.0,M,PK,premium,38.2,paid_search,ios,0,57.8,PROMO_1,0
5858,2023-01-24,32.0,M,US,premium,37.66,social,android,1,58.7,PROMO_2,0
5859,2023-02-24,35.0,F,US,basic,9.55,social,ios,1,40.9,PROMO_1,0
5860,2021-10-22,45.0,M,PK,basic,9.18,social,android,2,43.1,PROMO_2,0
5861,2022-07-02,18.0,F,PK,basic,9.37,social,android,4,15.1,PROMO_2,0
5862,2022-03-13,22.0,F,UK,basic,8.41,referral,ios,1,62.2,PROMO_3,0
5863,2022-04-06,30.0,F,US,premium,38.46,referral,ios,2,49.0,PROMO_1,0
5864,2023-08-29,39.0,F,US,standard,17.83,partner,ios,0,42.5,PROMO_3,0
5865,2020-12-28,46.0,M,US,basic,8.86,partner,web,0,36.0,PROMO_150,0
5866,2022-04-25,55.0,F,US,basic,8.91,paid_search,android,0,43.6,PROMO_1,0
5867,2021-09-24,34.0,F,PK,basic,10.33,social,android,1,57.6,PROMO_21,0
5868,2021-02-09,46.0,F,PK,basic,8.81,paid_search,android,0,53.7,PROMO_3,0
5869,2020-12-12,45.0,M,UK,basic,7.47,social,android,3,46.0,PROMO_21,0
5870,2021-12-03,43.0,M,UK,standard,21.12,organic,android,1,32.6,PROMO_2,0
5871,2021-06-20,37.0,M,IN,standard,19.68,paid_search,ios,1,45.8,PROMO_4,0
5872,2022-08-29,33.0,M,CA,premium,38.59,partner,ios,2,38.4,PROMO_5,0
5873,2021-08-27,25.0,F,PK,basic,8.69,social,android,0,47.6,PROMO_39,1
5874,2023-03-25,25.0,M,PK,standard,17.56,organic,ios,1,60.1,PROMO_1,0
5875,2021-10-02,41.0,F,IN,basic,10.4,paid_search,android,1,42.7,PROMO_8,1
5876,2024-02-13,36.0,F,US,basic,9.04,paid_search,android,0,75.8,PROMO_2,0
5877,2020-12-27,32.0,F,US,premium,33.58,referral,ios,4,42.2,PROMO_1,0
5878,2023-07-09,44.0,F,AE,standard,19.5,organic,web,0,25.0,PROMO_1,0
5879,2021-12-17,35.0,F,UK,basic,9.87,social,ios,1,47.3,PROMO_2,0
5880,2024-05-26,27.0,M,PK,basic,9.11,social,android,2,41.6,PROMO_2,0
5881,2023-11-09,34.0,F,PK,standard,17.63,social,android,2,101.9,PROMO_4,0
5882,2020-09-18,46.0,F,PK,premium,35.91,organic,ios,1,43.7,PROMO_1,0
5883,2021-04-17,26.0,M,PK,standard,17.61,referral,web,3,27.7,PROMO_1,1
5884,2023-08-08,39.0,M,PK,basic,10.1,referral,android,1,50.6,PROMO_150,0
5885,2023-12-13,36.0,M,AE,basic,8.95,paid_search,android,1,47.6,PROMO_33,1
5886,2021-05-13,29.0,F,US,basic,7.79,organic,web,2,32.5,PROMO_4,1
5887,2020-09-13,34.0,M,PK,basic,9.28,social,android,1,55.4,PROMO_1,0
5888,2023-10-22,20.0,M,PK,standard,19.21,paid_search,web,0,58.5,PROMO_1,0
5889,2021-12-07,38.0,M,SE,standard,18.32,paid_search,ios,2,51.2,PROMO_48,0
5890,2023-05-16,22.0,F,PK,basic,8.27,paid_search,ios,3,46.0,PROMO_2,1
5891,2021-08-18,49.0,F,PK,standard,17.38,paid_search,android,1,44.5,PROMO_150,0
5892,2022-11-11,36.0,F,UK,standard,20.65,referral,web,3,40.6,PROMO_3,0
5893,2023-12-21,31.0,M,PK,standard,19.38,partner,android,2,30.8,PROMO_2,0
5894,2023-03-21,50.0,M,PK,basic,9.34,social,android,1,72.3,PROMO_14,1
5895,2022-05-29,26.0,F,PK,basic,9.18,organic,android,2,86.6,PROMO_1,1
5896,2021-06-05,29.0,F,NZ,basic,9.24,paid_search,android,3,34.6,PROMO_3,0
5897,2024-05-12,18.0,M,AE,basic,8.66,organic,ios,0,41.0,PROMO_150,1
5898,2020-10-28,51.0,F,UK,basic,8.85,social,android,1,33.8,PROMO_2,0
5899,2021-12-27,58.0,M,IN,basic,9.84,social,ios,2,63.4,PROMO_1,0
5900,2021-02-19,19.0,M,UK,basic,10.02,partner,ios,2,34.8,PROMO_1,0
5901,2020-12-05,28.0,F,PK,basic,8.12,paid_search,ios,0,60.5,PROMO_1,1
5902,2023-11-12,38.0,M,US,premium,38.35,organic,ios,2,56.4,PROMO_62,0
5903,2024-02-02,31.0,M,US,standard,20.28,social,android,0,47.7,PROMO_6,0
5904,2021-07-05,37.0,F,US,basic,10.36,paid_search,web,3,70.4,PROMO_84,1
5905,2023-09-25,36.0,F,DE,premium,44.56,organic,android,2,44.8,PROMO_1,0
5906,2023-11-19,41.0,M,PK,basic,8.43,paid_search,ios,2,50.0,PROMO_6,1
5907,2022-09-03,26.0,F,PK,basic,9.92,organic,web,1,31.7,PROMO_2,0
5908,2020-12-28,39.0,F,US,standard,19.09,organic,ios,2,13.4,PROMO_1,0
5909,2021-06-09,25.0,F,PK,basic,9.75,paid_search,android,4,65.9,PROMO_5,0
5910,2022-06-27,32.0,M,NZ,basic,9.57,referral,android,0,40.7,PROMO_2,0
5911,2023-09-13,18.0,F,US,basic,8.09,referral,web,5,67.3,PROMO_6,1
5912,2023-03-04,33.0,F,PK,standard,19.84,organic,web,0,44.7,PROMO_1,0
5913,2021-11-03,31.0,F,AE,standard,20.53,paid_search,ios,1,48.4,PROMO_1,0
5914,2023-11-07,47.0,F,CA,basic,8.99,referral,android,1,53.1,PROMO_4,0
5915,2022-06-18,36.0,M,US,basic,8.82,partner,android,4,41.9,PROMO_54,0
5916,2024-05-25,38.0,M,US,basic,7.87,referral,web,3,25.8,PROMO_1,0
5917,2023-03-20,37.0,F,DE,standard,20.04,paid_search,android,2,36.9,PROMO_1,0
5918,2023-07-04,18.0,M,PK,basic,9.15,referral,web,0,35.7,PROMO_1,0
5919,2021-11-14,18.0,M,UK,premium,36.12,social,android,3,49.5,PROMO_1,0
5920,2020-12-27,33.0,M,AE,standard,18.5,organic,ios,0,66.8,PROMO_1,1
5921,2023-11-21,40.0,M,CA,basic,9.11,organic,android,4,39.1,PROMO_2,0
5922,2021-06-06,34.0,F,IN,standard,18.15,partner,android,1,48.5,PROMO_1,1
5923,2021-12-18,27.0,M,IN,basic,9.0,partner,android,1,53.6,PROMO_4,0
5924,2020-10-11,34.0,M,PK,basic,7.74,paid_search,web,2,38.1,PROMO_1,0
5925,2020-12-31,33.0,M,CA,basic,9.97,social,ios,0,55.8,PROMO_8,0
5926,2024-01-23,46.0,F,AE,basic,9.01,paid_search,ios,1,66.5,PROMO_5,0
5927,2021-08-20,45.0,F,US,standard,17.33,social,web,2,55.9,PROMO_29,1
5928,2022-03-16,31.0,F,IN,premium,31.33,paid_search,android,1,49.2,PROMO_1,0
5929,2024-01-06,,F,IN,basic,9.74,paid_search,web,2,37.4,PROMO_3,0
5930,2023-06-22,40.0,F,DE,basic,9.4,paid_search,android,2,48.2,PROMO_1,0
5931,2020-12-09,42.0,F,PK,standard,19.32,paid_search,android,2,38.7,PROMO_1,0
5932,2022-05-23,55.0,F,PK,basic,9.62,partner,ios,0,41.2,PROMO_1,0
5933,2023-03-01,37.0,F,IN,basic,9.62,referral,web,0,48.2,PROMO_11,0
5934,2023-03-26,50.0,Other,NZ,premium,39.61,organic,ios,4,46.9,PROMO_1,0
5935,2021-04-11,24.0,M,PK,standard,18.61,organic,android,1,65.5,PROMO_1,0
5936,2023-05-16,30.0,F,PK,premium,37.7,organic,web,0,41.2,PROMO_2,0
5937,2023-11-04,18.0,M,AE,basic,9.3,organic,ios,1,55.8,PROMO_2,0
5938,2022-04-11,39.0,F,PK,basic,10.01,paid_search,ios,2,43.0,PROMO_1,1
5939,2020-09-10,44.0,F,UK,basic,8.93,paid_search,ios,2,36.3,PROMO_1,0
5940,2023-10-02,18.0,M,SE,premium,43.61,organic,android,2,59.1,PROMO_3,0
5941,2023-06-24,39.0,F,PK,basic,9.27,partner,android,3,56.3,PROMO_1,0
5942,2022-09-02,44.0,M,DE,basic,9.27,referral,ios,1,41.0,PROMO_150,1
5943,2023-09-09,43.0,F,UK,basic,10.73,organic,android,2,3.1,PROMO_11,0
5944,2021-12-25,24.0,M,PK,standard,21.51,social,ios,0,66.8,PROMO_7,0
5945,2023-06-27,46.0,F,US,standard,21.55,paid_search,ios,1,61.7,PROMO_5,0
5946,2023-12-17,,F,UK,standard,17.79,social,ios,1,67.3,PROMO_11,0
5947,2023-06-16,44.0,M,DE,basic,10.58,paid_search,web,1,68.1,PROMO_3,0
5948,2020-12-04,36.0,F,UK,standard,18.88,organic,android,0,50.2,PROMO_2,0
5949,2020-11-28,41.0,F,IN,basic,8.84,paid_search,android,1,43.8,PROMO_2,0
5950,2022-07-14,49.0,F,PK,basic,7.45,partner,android,0,23.1,PROMO_12,1
5951,2022-12-06,35.0,M,SE,basic,9.23,social,android,0,52.0,PROMO_1,0
5952,2021-05-07,40.0,M,UK,standard,17.35,social,android,0,43.3,PROMO_4,0
5953,2023-09-16,51.0,M,US,basic,9.29,referral,android,1,38.3,PROMO_1,0
5954,2021-12-21,36.0,M,PK,premium,35.38,referral,android,1,29.6,PROMO_5,0
5955,2021-11-15,25.0,Other,PK,basic,10.29,referral,android,1,34.5,PROMO_150,0
5956,2021-10-05,44.0,F,US,basic,9.4,organic,web,1,29.8,PROMO_4,0
5957,2023-08-15,53.0,M,IN,standard,22.47,organic,android,1,64.9,PROMO_2,0
5958,2021-09-26,51.0,F,DE,standard,17.45,referral,android,0,66.7,PROMO_26,0
5959,2022-02-17,45.0,F,PK,basic,10.12,partner,ios,4,38.9,PROMO_5,0
5960,2021-02-19,18.0,M,US,standard,16.26,social,,2,68.4,PROMO_3,0
5961,2023-10-14,30.0,M,US,basic,9.15,partner,ios,0,51.5,PROMO_7,0
5962,2022-02-15,31.0,M,IN,basic,8.55,social,ios,0,72.0,PROMO_7,0
5963,2021-04-23,37.0,F,DE,standard,18.32,organic,ios,2,58.9,PROMO_1,0
5964,2023-05-24,56.0,M,PK,standard,18.21,partner,android,2,59.5,PROMO_4,0
5965,2021-08-19,25.0,F,PK,basic,8.34,referral,android,0,53.7,PROMO_150,0
5966,2024-01-25,62.0,M,PK,basic,8.09,paid_search,web,1,39.2,PROMO_7,0
5967,2021-09-24,33.0,F,UK,standard,18.33,social,web,0,30.2,PROMO_2,0
5968,2022-02-25,29.0,F,PK,basic,9.08,paid_search,ios,1,53.1,PROMO_10,0
5969,2023-09-19,46.0,F,PK,premium,42.63,social,android,1,48.6,PROMO_2,0
5970,2024-03-11,47.0,M,CA,standard,19.45,paid_search,android,2,89.0,PROMO_20,0
5971,2021-08-17,44.0,F,US,premium,42.64,paid_search,ios,0,61.2,PROMO_2,0
5972,2023-07-14,29.0,F,NZ,basic,7.94,social,android,0,37.3,PROMO_2,0
5973,2022-07-25,43.0,F,DE,standard,18.34,organic,web,0,48.7,PROMO_37,0
5974,2024-03-19,26.0,M,PK,basic,9.51,organic,web,1,44.5,PROMO_8,0
5975,2020-10-20,28.0,F,PK,basic,9.25,organic,android,2,49.4,PROMO_1,0
5976,2022-05-15,36.0,M,UK,basic,8.38,social,android,1,30.3,PROMO_1,0
5977,2020-12-03,28.0,F,DE,basic,9.67,paid_search,android,2,63.6,PROMO_1,0
5978,2023-11-02,49.0,F,US,premium,37.34,paid_search,ios,0,44.1,PROMO_5,0
5979,2023-09-01,31.0,F,IN,standard,17.82,paid_search,android,0,59.8,PROMO_2,0
5980,2022-02-19,35.0,F,DE,standard,19.74,organic,ios,1,40.9,PROMO_1,0
5981,2022-02-27,27.0,M,UK,standard,19.01,referral,ios,1,44.0,PROMO_3,0
5982,2021-06-15,48.0,F,PK,standard,18.21,social,android,1,58.9,PROMO_16,0
5983,2020-12-08,30.0,M,US,standard,18.15,social,android,0,18.9,PROMO_2,0
5984,2021-05-03,50.0,F,US,standard,17.37,organic,android,0,64.8,PROMO_1,0
5985,2023-11-30,49.0,F,PK,standard,18.4,social,ios,3,72.0,PROMO_6,0
5986,2023-04-10,32.0,F,CA,standard,20.67,paid_search,web,1,71.8,PROMO_1,0
5987,2020-12-27,37.0,M,US,basic,9.18,referral,android,2,39.5,PROMO_1,0
5988,2022-05-15,32.0,F,PK,premium,41.99,organic,web,1,54.5,PROMO_1,0
5989,2021-03-02,43.0,M,DE,basic,9.37,social,android,0,43.3,PROMO_1,0
5990,2022-04-26,35.0,M,AE,basic,8.56,partner,ios,1,27.7,PROMO_1,0
5991,2024-04-03,32.0,F,PK,premium,33.85,referral,android,2,51.3,PROMO_1,0
5992,2022-08-28,38.0,F,UK,basic,8.33,referral,android,0,28.2,PROMO_1,0
5993,2021-04-29,20.0,F,AE,basic,8.52,organic,android,0,59.0,PROMO_1,0
5994,2021-12-19,36.0,F,US,basic,8.46,paid_search,ios,3,62.3,PROMO_1,0
5995,2023-12-10,44.0,F,US,basic,9.71,organic,android,1,69.4,PROMO_9,0
5996,2023-08-26,39.0,M,AE,premium,42.03,paid_search,android,3,57.7,PROMO_1,1
5997,2021-03-19,47.0,M,AE,standard,22.36,social,ios,2,43.8,PROMO_2,0
5998,2020-09-28,33.0,M,PK,basic,8.45,social,ios,0,47.2,PROMO_1,0
5999,2021-08-07,32.0,F,PK,premium,43.98,partner,android,0,51.8,PROMO_1,0
6000,2024-01-27,25.0,F,AE,standard,21.42,partner,android,2,71.9,PROMO_2,0
